# Blender 4.4.0
# www.blender.org
mtllib Cylinder.mtl
o Cylinder
v -5.408591 -0.026174 -1.365585
v -5.408591 2.858779 -1.365585
v -5.127178 -0.026174 -1.337868
v -5.127178 2.858779 -1.337868
v -4.856579 -0.026174 -1.255783
v -4.856579 2.858779 -1.255783
v -4.607194 -0.026174 -1.122484
v -4.607194 2.858779 -1.122484
v -4.388606 -0.026174 -0.943093
v -4.388606 2.858779 -0.943093
v -4.209216 -0.026174 -0.724506
v -4.209216 2.858779 -0.724506
v -4.075917 -0.026174 -0.475120
v -4.075917 2.858779 -0.475120
v -3.993832 -0.026174 -0.204522
v -3.993832 2.858779 -0.204522
v -3.966115 -0.026174 0.076892
v -3.966115 2.858779 0.076892
v -3.993832 -0.026174 0.358305
v -3.993832 2.858779 0.358305
v -4.075917 -0.026174 0.628904
v -4.075917 2.858779 0.628904
v -4.209216 -0.026174 0.878289
v -4.209216 2.858779 0.878289
v -4.388606 -0.026174 1.096877
v -4.388606 2.858779 1.096877
v -4.607194 -0.026174 1.276267
v -4.607194 2.858779 1.276267
v -4.856579 -0.026174 1.409566
v -4.856579 2.858779 1.409566
v -5.127178 -0.026174 1.491651
v -5.127178 2.858779 1.491651
v -5.408591 -0.026174 1.519368
v -5.408591 2.858779 1.519368
v -5.690004 -0.026174 1.491651
v -5.690004 2.858779 1.491651
v -5.960603 -0.026174 1.409566
v -5.960603 2.858779 1.409566
v -6.209989 -0.026174 1.276267
v -6.209989 2.858779 1.276267
v -6.428576 -0.026174 1.096877
v -6.428576 2.858779 1.096877
v -6.607967 -0.026174 0.878289
v -6.607967 2.858779 0.878289
v -6.741266 -0.026174 0.628904
v -6.741266 2.858779 0.628904
v -6.823351 -0.026174 0.358305
v -6.823351 2.858779 0.358305
v -6.851068 -0.026174 0.076892
v -6.851068 2.858779 0.076892
v -6.823351 -0.026174 -0.204522
v -6.823351 2.858779 -0.204522
v -6.741266 -0.026174 -0.475120
v -6.741266 2.858779 -0.475120
v -6.607967 -0.026174 -0.724506
v -6.607967 2.858779 -0.724506
v -6.428576 -0.026174 -0.943093
v -6.428576 2.858779 -0.943093
v -6.209989 -0.026174 -1.122484
v -6.209989 2.858779 -1.122484
v -5.960603 -0.026174 -1.255783
v -5.960603 2.858779 -1.255783
v -5.690004 -0.026174 -1.337868
v -5.690004 2.858779 -1.337868
v -5.382921 -0.027321 -1.364275
v -5.357256 -0.028240 -1.362722
v -5.331600 -0.028928 -1.360926
v -5.305956 -0.029387 -1.358887
v -5.280330 -0.029617 -1.356607
v -5.254726 -0.029617 -1.354085
v -5.229147 -0.029387 -1.351322
v -5.203599 -0.028928 -1.348318
v -5.178085 -0.028240 -1.345074
v -5.152610 -0.027321 -1.341591
v -5.408591 0.197106 -1.548698
v -5.408591 0.443359 -1.699508
v -5.408591 0.707945 -1.815175
v -5.408591 0.985878 -1.893519
v -5.408590 1.271921 -1.933064
v -5.408591 1.560684 -1.933064
v -5.408591 1.846727 -1.893519
v -5.408591 2.124660 -1.815175
v -5.408591 2.389246 -1.699509
v -5.408590 2.635499 -1.548698
v -5.382921 2.859926 -1.364275
v -5.357256 2.860844 -1.362722
v -5.331600 2.861533 -1.360926
v -5.305956 2.861992 -1.358888
v -5.280330 2.862222 -1.356607
v -5.254725 2.862222 -1.354085
v -5.229147 2.861992 -1.351322
v -5.203599 2.861533 -1.348319
v -5.178085 2.860844 -1.345075
v -5.152610 2.859926 -1.341591
v -5.091455 0.197106 -1.517462
v -5.062033 0.443359 -1.665375
v -5.039468 0.707945 -1.778820
v -5.024183 0.985878 -1.855658
v -5.016469 1.271921 -1.894443
v -5.016469 1.560684 -1.894443
v -5.024183 1.846727 -1.855658
v -5.039468 2.124660 -1.778820
v -5.062033 2.389245 -1.665376
v -5.091455 2.635499 -1.517462
v -5.102257 -0.027321 -1.331575
v -5.077388 -0.028240 -1.325045
v -5.052575 -0.028928 -1.318278
v -5.027822 -0.029387 -1.311276
v -5.003133 -0.029617 -1.304040
v -4.978512 -0.029617 -1.296572
v -4.953964 -0.029387 -1.288872
v -4.929492 -0.028928 -1.280941
v -4.905102 -0.028239 -1.272782
v -4.880796 -0.027321 -1.264396
v -5.102257 2.859926 -1.331575
v -5.077388 2.860844 -1.325045
v -5.052575 2.861533 -1.318278
v -5.027822 2.861992 -1.311276
v -5.003133 2.862222 -1.304040
v -4.978512 2.862222 -1.296572
v -4.953964 2.861992 -1.288872
v -4.929492 2.861533 -1.280942
v -4.905102 2.860845 -1.272782
v -4.880796 2.859926 -1.264396
v -4.786505 0.197106 -1.424957
v -4.728792 0.443359 -1.564288
v -4.684528 0.707945 -1.671151
v -4.654547 0.985878 -1.743531
v -4.639414 1.271921 -1.780065
v -4.639414 1.560684 -1.780065
v -4.654547 1.846727 -1.743531
v -4.684528 2.124660 -1.671150
v -4.728792 2.389246 -1.564288
v -4.786505 2.635499 -1.424957
v -4.833365 -0.027321 -1.244749
v -4.810247 -0.028240 -1.233493
v -4.787231 -0.028928 -1.222015
v -4.764320 -0.029387 -1.210319
v -4.741517 -0.029617 -1.198405
v -4.718827 -0.029617 -1.186277
v -4.696252 -0.029387 -1.173936
v -4.673798 -0.028928 -1.161384
v -4.651468 -0.028239 -1.148623
v -4.629265 -0.027321 -1.135656
v -4.833365 2.859926 -1.244749
v -4.810247 2.860845 -1.233493
v -4.787231 2.861533 -1.222016
v -4.764320 2.861992 -1.210319
v -4.741517 2.862222 -1.198406
v -4.718827 2.862222 -1.186277
v -4.696252 2.861992 -1.173936
v -4.673798 2.861533 -1.161384
v -4.651468 2.860845 -1.148623
v -4.629265 2.859926 -1.135656
v -4.505462 0.197106 -1.274737
v -4.421676 0.443359 -1.400131
v -4.357414 0.707945 -1.496305
v -4.313889 0.985878 -1.561445
v -4.291919 1.271921 -1.594325
v -4.291919 1.560684 -1.594325
v -4.313889 1.846727 -1.561445
v -4.357415 2.124660 -1.496305
v -4.421676 2.389246 -1.400131
v -4.505462 2.635499 -1.274737
v -4.586578 -0.027321 -1.107133
v -4.566102 -0.028240 -1.091583
v -4.545767 -0.028928 -1.075836
v -4.525578 -0.029387 -1.059894
v -4.505537 -0.029617 -1.043761
v -4.485648 -0.029617 -1.027439
v -4.465916 -0.029387 -1.010931
v -4.446342 -0.028928 -0.994239
v -4.426930 -0.028239 -0.977367
v -4.407684 -0.027321 -0.960317
v -4.586578 2.859926 -1.107133
v -4.566102 2.860844 -1.091583
v -4.545767 2.861533 -1.075836
v -4.525578 2.861992 -1.059894
v -4.505537 2.862222 -1.043761
v -4.485648 2.862222 -1.027439
v -4.465916 2.861992 -1.010931
v -4.446342 2.861533 -0.994240
v -4.426930 2.860844 -0.977368
v -4.407683 2.859926 -0.960318
v -4.259126 0.197106 -1.072573
v -4.152486 0.443359 -1.179213
v -4.070697 0.707945 -1.261002
v -4.015300 0.985878 -1.316399
v -3.987338 1.271921 -1.344361
v -3.987338 1.560684 -1.344361
v -4.015300 1.846727 -1.316399
v -4.070697 2.124660 -1.261002
v -4.152486 2.389246 -1.179213
v -4.259126 2.635499 -1.072574
v -4.371381 -0.027321 -0.924016
v -4.354332 -0.028239 -0.904769
v -4.337460 -0.028928 -0.885358
v -4.320768 -0.029387 -0.865784
v -4.304260 -0.029617 -0.846051
v -4.287939 -0.029617 -0.826163
v -4.271805 -0.029387 -0.806122
v -4.255864 -0.028928 -0.785933
v -4.240117 -0.028240 -0.765598
v -4.224567 -0.027321 -0.745121
v -4.371382 2.859926 -0.924016
v -4.354332 2.860844 -0.904769
v -4.337460 2.861533 -0.885358
v -4.320768 2.861992 -0.865784
v -4.304260 2.862222 -0.846051
v -4.287939 2.862222 -0.826163
v -4.271806 2.861992 -0.806122
v -4.255864 2.861533 -0.785933
v -4.240117 2.860845 -0.765598
v -4.224567 2.859926 -0.745121
v -4.056963 0.197106 -0.826238
v -3.931569 0.443359 -0.910024
v -3.835395 0.707945 -0.974285
v -3.770255 0.985878 -1.017811
v -3.737375 1.271920 -1.039780
v -3.737375 1.560684 -1.039780
v -3.770255 1.846727 -1.017811
v -3.835395 2.124660 -0.974285
v -3.931569 2.389246 -0.910024
v -4.056963 2.635499 -0.826238
v -4.196044 -0.027321 -0.702434
v -4.183077 -0.028240 -0.680232
v -4.170316 -0.028928 -0.657901
v -4.157764 -0.029387 -0.635447
v -4.145423 -0.029617 -0.612873
v -4.133295 -0.029617 -0.590182
v -4.121381 -0.029387 -0.567379
v -4.109685 -0.028928 -0.544468
v -4.098207 -0.028240 -0.521451
v -4.086950 -0.027321 -0.498334
v -4.196044 2.859926 -0.702435
v -4.183077 2.860845 -0.680232
v -4.170316 2.861533 -0.657902
v -4.157764 2.861992 -0.635447
v -4.145423 2.862222 -0.612873
v -4.133295 2.862222 -0.590183
v -4.121381 2.861992 -0.567379
v -4.109685 2.861533 -0.544468
v -4.098207 2.860844 -0.521452
v -4.086951 2.859926 -0.498334
v -3.906742 0.197106 -0.545194
v -3.767411 0.443359 -0.602907
v -3.660549 0.707945 -0.647170
v -3.588169 0.985878 -0.677151
v -3.551635 1.271921 -0.692284
v -3.551634 1.560684 -0.692284
v -3.588169 1.846727 -0.677151
v -3.660549 2.124660 -0.647171
v -3.767411 2.389246 -0.602907
v -3.906743 2.635499 -0.545194
v -4.067304 -0.027321 -0.450903
v -4.058917 -0.028240 -0.426597
v -4.050758 -0.028928 -0.402207
v -4.042829 -0.029387 -0.377735
v -4.035128 -0.029617 -0.353187
v -4.027659 -0.029617 -0.328567
v -4.020424 -0.029387 -0.303878
v -4.013422 -0.028928 -0.279125
v -4.006655 -0.028239 -0.254311
v -4.000125 -0.027321 -0.229443
v -4.067304 2.859926 -0.450903
v -4.058918 2.860844 -0.426598
v -4.050758 2.861533 -0.402207
v -4.042829 2.861992 -0.377735
v -4.035128 2.862222 -0.353187
v -4.027659 2.862222 -0.328567
v -4.020424 2.861992 -0.303878
v -4.013422 2.861533 -0.279125
v -4.006655 2.860845 -0.254312
v -4.000125 2.859926 -0.229443
v -3.814237 0.197106 -0.240246
v -3.666325 0.443359 -0.269667
v -3.552880 0.707945 -0.292233
v -3.476042 0.985878 -0.307517
v -3.437257 1.271921 -0.315232
v -3.437257 1.560685 -0.315232
v -3.476042 1.846728 -0.307517
v -3.552880 2.124660 -0.292233
v -3.666325 2.389246 -0.269667
v -3.814238 2.635499 -0.240246
v -3.990109 -0.027321 -0.179090
v -3.986626 -0.028239 -0.153615
v -3.983382 -0.028928 -0.128101
v -3.980378 -0.029387 -0.102553
v -3.977615 -0.029617 -0.076974
v -3.975093 -0.029617 -0.051369
v -3.972813 -0.029387 -0.025743
v -3.970775 -0.028928 -0.000099
v -3.968979 -0.028239 0.025557
v -3.967425 -0.027321 0.051222
v -3.990109 2.859926 -0.179090
v -3.986625 2.860844 -0.153615
v -3.983382 2.861533 -0.128101
v -3.980378 2.861992 -0.102553
v -3.977615 2.862222 -0.076974
v -3.975093 2.862222 -0.051369
v -3.972813 2.861992 -0.025743
v -3.970774 2.861533 -0.000100
v -3.968978 2.860844 0.025557
v -3.967425 2.859926 0.051222
v -3.783002 0.197106 0.076892
v -3.632192 0.443359 0.076892
v -3.516524 0.707945 0.076892
v -3.438180 0.985878 0.076892
v -3.398636 1.271921 0.076892
v -3.398636 1.560684 0.076892
v -3.438180 1.846727 0.076892
v -3.516524 2.124660 0.076892
v -3.632191 2.389246 0.076892
v -3.783002 2.635499 0.076892
v -3.967425 -0.027321 0.102561
v -3.968978 -0.028239 0.128227
v -3.970774 -0.028928 0.153883
v -3.972813 -0.029387 0.179527
v -3.975093 -0.029617 0.205153
v -3.977615 -0.029617 0.230757
v -3.980378 -0.029387 0.256336
v -3.983382 -0.028928 0.281884
v -3.986626 -0.028239 0.307398
v -3.990109 -0.027321 0.332873
v -3.967426 2.859926 0.102561
v -3.968978 2.860844 0.128226
v -3.970774 2.861533 0.153883
v -3.972813 2.861992 0.179526
v -3.975093 2.862222 0.205153
v -3.977615 2.862222 0.230757
v -3.980378 2.861992 0.256336
v -3.983382 2.861533 0.281884
v -3.986626 2.860845 0.307398
v -3.990109 2.859926 0.332873
v -3.814237 0.197106 0.394029
v -3.666325 0.443359 0.423450
v -3.552880 0.707945 0.446016
v -3.476041 0.985878 0.461300
v -3.437257 1.271921 0.469014
v -3.437257 1.560684 0.469014
v -3.476041 1.846727 0.461300
v -3.552880 2.124660 0.446016
v -3.666325 2.389246 0.423450
v -3.814238 2.635499 0.394028
v -4.000125 -0.027321 0.383226
v -4.006656 -0.028239 0.408095
v -4.013422 -0.028928 0.432908
v -4.020424 -0.029387 0.457661
v -4.027659 -0.029617 0.482350
v -4.035128 -0.029617 0.506971
v -4.042828 -0.029387 0.531519
v -4.050758 -0.028928 0.555990
v -4.058918 -0.028239 0.580381
v -4.067304 -0.027321 0.604687
v -4.000125 2.859926 0.383225
v -4.006656 2.860844 0.408094
v -4.013422 2.861533 0.432908
v -4.020424 2.861992 0.457661
v -4.027659 2.862222 0.482350
v -4.035128 2.862222 0.506970
v -4.042828 2.861992 0.531519
v -4.050758 2.861533 0.555990
v -4.058918 2.860845 0.580381
v -4.067304 2.859927 0.604687
v -3.906742 0.197107 0.698978
v -3.767412 0.443359 0.756691
v -3.660549 0.707945 0.800955
v -3.588169 0.985878 0.830935
v -3.551635 1.271921 0.846068
v -3.551635 1.560685 0.846068
v -3.588169 1.846727 0.830935
v -3.660550 2.124660 0.800954
v -3.767412 2.389246 0.756691
v -3.906743 2.635499 0.698978
v -4.086951 -0.027321 0.652118
v -4.098207 -0.028239 0.675235
v -4.109685 -0.028928 0.698251
v -4.121381 -0.029387 0.721163
v -4.133295 -0.029617 0.743966
v -4.145423 -0.029617 0.766656
v -4.157764 -0.029387 0.789230
v -4.170316 -0.028928 0.811685
v -4.183077 -0.028239 0.834015
v -4.196044 -0.027321 0.856218
v -4.086951 2.859926 0.652118
v -4.098207 2.860845 0.675235
v -4.109685 2.861533 0.698251
v -4.121381 2.861992 0.721163
v -4.133295 2.862222 0.743965
v -4.145423 2.862222 0.766656
v -4.157764 2.861992 0.789230
v -4.170316 2.861533 0.811684
v -4.183077 2.860845 0.834015
v -4.196044 2.859926 0.856217
v -4.056963 0.197107 0.980021
v -3.931569 0.443359 1.063807
v -3.835395 0.707945 1.128068
v -3.770254 0.985878 1.171593
v -3.737374 1.271921 1.193563
v -3.737374 1.560685 1.193563
v -3.770254 1.846728 1.171593
v -3.835395 2.124660 1.128068
v -3.931569 2.389246 1.063807
v -4.056963 2.635499 0.980021
v -4.224566 -0.027321 0.898904
v -4.240117 -0.028239 0.919381
v -4.255864 -0.028928 0.939716
v -4.271806 -0.029387 0.959906
v -4.287938 -0.029617 0.979946
v -4.304260 -0.029617 0.999835
v -4.320768 -0.029387 1.019567
v -4.337460 -0.028928 1.039141
v -4.354332 -0.028239 1.058553
v -4.371382 -0.027321 1.077800
v -4.224567 2.859926 0.898904
v -4.240117 2.860845 0.919381
v -4.255864 2.861533 0.939716
v -4.271806 2.861992 0.959905
v -4.287938 2.862222 0.979946
v -4.304260 2.862222 0.999834
v -4.320768 2.861992 1.019567
v -4.337460 2.861533 1.039141
v -4.354332 2.860845 1.058553
v -4.371382 2.859926 1.077799
v -4.259126 0.197106 1.226357
v -4.152486 0.443359 1.332996
v -4.070698 0.707945 1.414786
v -4.015300 0.985878 1.470183
v -3.987338 1.271921 1.498145
v -3.987338 1.560684 1.498145
v -4.015300 1.846727 1.470182
v -4.070698 2.124660 1.414785
v -4.152487 2.389246 1.332996
v -4.259126 2.635499 1.226357
v -4.407684 -0.027321 1.114101
v -4.426930 -0.028239 1.131151
v -4.446342 -0.028928 1.148023
v -4.465916 -0.029387 1.164715
v -4.485648 -0.029617 1.181223
v -4.505537 -0.029617 1.197545
v -4.525578 -0.029387 1.213678
v -4.545767 -0.028928 1.229619
v -4.566102 -0.028239 1.245366
v -4.586578 -0.027321 1.260916
v -4.407683 2.859926 1.114101
v -4.426930 2.860844 1.131151
v -4.446342 2.861533 1.148023
v -4.465916 2.861992 1.164714
v -4.485648 2.862222 1.181222
v -4.505537 2.862222 1.197544
v -4.525578 2.861992 1.213677
v -4.545767 2.861533 1.229619
v -4.566102 2.860844 1.245366
v -4.586578 2.859926 1.260916
v -4.505462 0.197106 1.428520
v -4.421676 0.443359 1.553914
v -4.357415 0.707945 1.650088
v -4.313890 0.985878 1.715228
v -4.291920 1.271921 1.748108
v -4.291920 1.560685 1.748109
v -4.313890 1.846727 1.715228
v -4.357415 2.124660 1.650088
v -4.421676 2.389246 1.553914
v -4.505462 2.635499 1.428520
v -4.629265 -0.027321 1.289439
v -4.651468 -0.028239 1.302406
v -4.673799 -0.028928 1.315167
v -4.696252 -0.029387 1.327719
v -4.718826 -0.029617 1.340060
v -4.741517 -0.029617 1.352188
v -4.764320 -0.029387 1.364102
v -4.787231 -0.028928 1.375798
v -4.810247 -0.028239 1.387276
v -4.833364 -0.027321 1.398532
v -4.629265 2.859926 1.289438
v -4.651468 2.860844 1.302406
v -4.673799 2.861533 1.315167
v -4.696252 2.861992 1.327719
v -4.718826 2.862222 1.340060
v -4.741517 2.862222 1.352188
v -4.764320 2.861992 1.364102
v -4.787231 2.861533 1.375798
v -4.810248 2.860844 1.387275
v -4.833365 2.859926 1.398532
v -4.786505 0.197107 1.578740
v -4.728792 0.443359 1.718071
v -4.684528 0.707945 1.824934
v -4.654547 0.985878 1.897314
v -4.639414 1.271921 1.933848
v -4.639414 1.560685 1.933848
v -4.654547 1.846727 1.897314
v -4.684528 2.124660 1.824933
v -4.728792 2.389246 1.718071
v -4.786505 2.635499 1.578740
v -4.880796 -0.027321 1.418178
v -4.905102 -0.028239 1.426565
v -4.929493 -0.028928 1.434725
v -4.953964 -0.029387 1.442655
v -4.978512 -0.029617 1.450355
v -5.003133 -0.029617 1.457824
v -5.027822 -0.029387 1.465059
v -5.052575 -0.028928 1.472061
v -5.077388 -0.028239 1.478828
v -5.102257 -0.027321 1.485358
v -4.880796 2.859926 1.418178
v -4.905102 2.860845 1.426565
v -4.929493 2.861533 1.434724
v -4.953964 2.861992 1.442655
v -4.978512 2.862222 1.450354
v -5.003133 2.862222 1.457823
v -5.027822 2.861992 1.465059
v -5.052575 2.861533 1.472061
v -5.077388 2.860844 1.478827
v -5.102258 2.859926 1.485358
v -5.091455 0.197106 1.671245
v -5.062033 0.443359 1.819159
v -5.039467 0.707945 1.932603
v -5.024183 0.985878 2.009441
v -5.016469 1.271921 2.048226
v -5.016469 1.560684 2.048226
v -5.024183 1.846727 2.009441
v -5.039467 2.124660 1.932603
v -5.062033 2.389246 1.819158
v -5.091455 2.635499 1.671245
v -5.152610 -0.027321 1.495374
v -5.178085 -0.028239 1.498857
v -5.203599 -0.028928 1.502101
v -5.229147 -0.029387 1.505105
v -5.254725 -0.029617 1.507868
v -5.280330 -0.029617 1.510390
v -5.305956 -0.029387 1.512670
v -5.331600 -0.028928 1.514709
v -5.357256 -0.028239 1.516505
v -5.382921 -0.027321 1.518058
v -5.152610 2.859926 1.495373
v -5.178085 2.860844 1.498857
v -5.203599 2.861533 1.502101
v -5.229147 2.861992 1.505105
v -5.254725 2.862222 1.507868
v -5.280330 2.862222 1.510390
v -5.305956 2.861992 1.512670
v -5.331600 2.861533 1.514708
v -5.357256 2.860845 1.516504
v -5.382921 2.859926 1.518058
v -5.408591 0.197107 1.702481
v -5.408591 0.443359 1.853291
v -5.408591 0.707945 1.968959
v -5.408591 0.985878 2.047302
v -5.408590 1.271921 2.086847
v -5.408591 1.560684 2.086847
v -5.408591 1.846727 2.047302
v -5.408591 2.124660 1.968958
v -5.408591 2.389246 1.853291
v -5.408590 2.635499 1.702481
v -5.434260 -0.027321 1.518058
v -5.459925 -0.028239 1.516505
v -5.485582 -0.028928 1.514709
v -5.511225 -0.029387 1.512670
v -5.536851 -0.029617 1.510390
v -5.562456 -0.029617 1.507868
v -5.588035 -0.029387 1.505105
v -5.613583 -0.028928 1.502101
v -5.639097 -0.028239 1.498857
v -5.664572 -0.027321 1.495374
v -5.434260 2.859926 1.518057
v -5.459925 2.860844 1.516504
v -5.485582 2.861533 1.514709
v -5.511225 2.861992 1.512670
v -5.536851 2.862222 1.510390
v -5.562456 2.862222 1.507868
v -5.588035 2.861992 1.505105
v -5.613583 2.861533 1.502101
v -5.639097 2.860844 1.498857
v -5.664572 2.859926 1.495373
v -5.725728 0.197106 1.671245
v -5.755149 0.443359 1.819158
v -5.777715 0.707945 1.932603
v -5.792999 0.985878 2.009441
v -5.800714 1.271921 2.048226
v -5.800714 1.560685 2.048226
v -5.792999 1.846727 2.009441
v -5.777714 2.124660 1.932603
v -5.755149 2.389246 1.819158
v -5.725727 2.635499 1.671245
v -5.714924 -0.027321 1.485358
v -5.739794 -0.028239 1.478828
v -5.764607 -0.028928 1.472061
v -5.789360 -0.029387 1.465059
v -5.814049 -0.029617 1.457823
v -5.838670 -0.029617 1.450355
v -5.863218 -0.029387 1.442655
v -5.887690 -0.028928 1.434725
v -5.912081 -0.028239 1.426565
v -5.936386 -0.027321 1.418179
v -5.714924 2.859926 1.485358
v -5.739794 2.860844 1.478828
v -5.764607 2.861533 1.472061
v -5.789360 2.861992 1.465059
v -5.814049 2.862222 1.457823
v -5.838670 2.862222 1.450355
v -5.863218 2.861992 1.442654
v -5.887690 2.861533 1.434724
v -5.912081 2.860844 1.426565
v -5.936386 2.859926 1.418178
v -6.030677 0.197106 1.578740
v -6.088390 0.443359 1.718071
v -6.132654 0.707945 1.824934
v -6.162634 0.985878 1.897314
v -6.177767 1.271921 1.933848
v -6.177767 1.560685 1.933849
v -6.162634 1.846727 1.897314
v -6.132653 2.124660 1.824934
v -6.088390 2.389246 1.718071
v -6.030677 2.635499 1.578740
v -5.983817 -0.027321 1.398532
v -6.006935 -0.028239 1.387275
v -6.029951 -0.028928 1.375798
v -6.052863 -0.029387 1.364102
v -6.075665 -0.029617 1.352188
v -6.098356 -0.029617 1.340060
v -6.120930 -0.029387 1.327719
v -6.143384 -0.028928 1.315167
v -6.165715 -0.028239 1.302406
v -6.187918 -0.027321 1.289439
v -5.983817 2.859926 1.398532
v -6.006935 2.860844 1.387275
v -6.029951 2.861533 1.375798
v -6.052862 2.861992 1.364101
v -6.075665 2.862222 1.352188
v -6.098356 2.862222 1.340060
v -6.120930 2.861992 1.327718
v -6.143384 2.861533 1.315167
v -6.165715 2.860844 1.302406
v -6.187918 2.859926 1.289438
v -6.311721 0.197107 1.428520
v -6.395507 0.443359 1.553914
v -6.459768 0.707945 1.650088
v -6.503293 0.985878 1.715228
v -6.525263 1.271921 1.748108
v -6.525263 1.560684 1.748108
v -6.503293 1.846727 1.715228
v -6.459768 2.124660 1.650088
v -6.395507 2.389246 1.553914
v -6.311721 2.635499 1.428519
v -6.230604 -0.027321 1.260916
v -6.251081 -0.028239 1.245366
v -6.271416 -0.028928 1.229619
v -6.291605 -0.029387 1.213678
v -6.311646 -0.029617 1.197544
v -6.331534 -0.029617 1.181223
v -6.351267 -0.029387 1.164715
v -6.370841 -0.028928 1.148023
v -6.390252 -0.028239 1.131151
v -6.409499 -0.027321 1.114102
v -6.230604 2.859926 1.260916
v -6.251081 2.860844 1.245366
v -6.271416 2.861533 1.229619
v -6.291605 2.861992 1.213677
v -6.311646 2.862222 1.197544
v -6.331534 2.862222 1.181222
v -6.351267 2.861992 1.164714
v -6.370841 2.861533 1.148023
v -6.390252 2.860844 1.131151
v -6.409499 2.859926 1.114101
v -6.558056 0.197106 1.226357
v -6.664696 0.443359 1.332997
v -6.746485 0.707945 1.414786
v -6.801882 0.985878 1.470183
v -6.829844 1.271921 1.498145
v -6.829844 1.560685 1.498145
v -6.801882 1.846727 1.470183
v -6.746485 2.124660 1.414786
v -6.664696 2.389246 1.332996
v -6.558056 2.635499 1.226357
v -6.445800 -0.027321 1.077799
v -6.462851 -0.028240 1.058553
v -6.479722 -0.028928 1.039141
v -6.496414 -0.029387 1.019567
v -6.512922 -0.029617 0.999834
v -6.529244 -0.029617 0.979946
v -6.545377 -0.029387 0.959906
v -6.561318 -0.028928 0.939716
v -6.577066 -0.028240 0.919381
v -6.592616 -0.027321 0.898904
v -6.445800 2.859926 1.077799
v -6.462850 2.860844 1.058553
v -6.479722 2.861533 1.039141
v -6.496414 2.861992 1.019567
v -6.512922 2.862222 0.999834
v -6.529244 2.862222 0.979946
v -6.545377 2.861992 0.959905
v -6.561318 2.861533 0.939716
v -6.577066 2.860845 0.919381
v -6.592616 2.859926 0.898904
v -6.760219 0.197106 0.980021
v -6.885614 0.443359 1.063807
v -6.981788 0.707945 1.128068
v -7.046928 0.985878 1.171594
v -7.079808 1.271921 1.193563
v -7.079808 1.560684 1.193563
v -7.046928 1.846727 1.171594
v -6.981788 2.124660 1.128068
v -6.885614 2.389246 1.063807
v -6.760220 2.635499 0.980021
v -6.621138 -0.027321 0.856217
v -6.634106 -0.028239 0.834015
v -6.646867 -0.028928 0.811685
v -6.659419 -0.029387 0.789231
v -6.671760 -0.029617 0.766656
v -6.683888 -0.029617 0.743966
v -6.695802 -0.029387 0.721163
v -6.707498 -0.028928 0.698251
v -6.718975 -0.028239 0.675235
v -6.730232 -0.027321 0.652118
v -6.621138 2.859926 0.856217
v -6.634106 2.860844 0.834015
v -6.646867 2.861533 0.811684
v -6.659419 2.861992 0.789230
v -6.671760 2.862222 0.766656
v -6.683888 2.862222 0.743966
v -6.695802 2.861992 0.721163
v -6.707498 2.861533 0.698251
v -6.718976 2.860845 0.675235
v -6.730232 2.859926 0.652118
v -6.910440 0.197107 0.698978
v -7.049771 0.443359 0.756691
v -7.156634 0.707945 0.800955
v -7.229013 0.985878 0.830935
v -7.265548 1.271921 0.846068
v -7.265548 1.560684 0.846068
v -7.229013 1.846727 0.830935
v -7.156633 2.124660 0.800954
v -7.049771 2.389246 0.756691
v -6.910440 2.635499 0.698978
v -6.749878 -0.027321 0.604687
v -6.758265 -0.028239 0.580381
v -6.766424 -0.028928 0.555990
v -6.774354 -0.029387 0.531519
v -6.782054 -0.029617 0.506971
v -6.789523 -0.029617 0.482350
v -6.796759 -0.029387 0.457661
v -6.803761 -0.028928 0.432908
v -6.810527 -0.028239 0.408095
v -6.817058 -0.027321 0.383226
v -6.749878 2.859926 0.604687
v -6.758265 2.860845 0.580381
v -6.766424 2.861533 0.555990
v -6.774354 2.861992 0.531519
v -6.782054 2.862222 0.506970
v -6.789523 2.862222 0.482350
v -6.796759 2.861992 0.457661
v -6.803761 2.861533 0.432908
v -6.810527 2.860844 0.408094
v -6.817058 2.859926 0.383225
v -7.002945 0.197106 0.394029
v -7.150858 0.443359 0.423450
v -7.264303 0.707945 0.446016
v -7.341141 0.985878 0.461300
v -7.379925 1.271921 0.469015
v -7.379926 1.560684 0.469015
v -7.341141 1.846727 0.461300
v -7.264302 2.124660 0.446016
v -7.150858 2.389246 0.423450
v -7.002945 2.635499 0.394028
v -6.827074 -0.027321 0.332873
v -6.830557 -0.028239 0.307398
v -6.833802 -0.028928 0.281884
v -6.836805 -0.029387 0.256336
v -6.839568 -0.029617 0.230757
v -6.842090 -0.029617 0.205153
v -6.844370 -0.029387 0.179527
v -6.846409 -0.028928 0.153883
v -6.848205 -0.028239 0.128227
v -6.849758 -0.027321 0.102561
v -6.827074 2.859926 0.332873
v -6.830557 2.860845 0.307398
v -6.833801 2.861533 0.281884
v -6.836805 2.861992 0.256336
v -6.839568 2.862222 0.230757
v -6.842090 2.862222 0.205152
v -6.844370 2.861992 0.179526
v -6.846408 2.861533 0.153883
v -6.848205 2.860844 0.128226
v -6.849758 2.859926 0.102561
v -7.034181 0.197106 0.076892
v -7.184991 0.443359 0.076892
v -7.300658 0.707945 0.076892
v -7.379002 0.985878 0.076892
v -7.418547 1.271921 0.076892
v -7.418547 1.560684 0.076892
v -7.379003 1.846727 0.076892
v -7.300658 2.124660 0.076892
v -7.184991 2.389246 0.076892
v -7.034181 2.635499 0.076892
v -6.849757 -0.027321 0.051222
v -6.848205 -0.028239 0.025557
v -6.846409 -0.028928 -0.000099
v -6.844370 -0.029387 -0.025743
v -6.842090 -0.029617 -0.051369
v -6.839568 -0.029617 -0.076974
v -6.836805 -0.029387 -0.102553
v -6.833801 -0.028928 -0.128101
v -6.830557 -0.028239 -0.153615
v -6.827074 -0.027321 -0.179090
v -6.849758 2.859926 0.051222
v -6.848205 2.860845 0.025557
v -6.846409 2.861533 -0.000100
v -6.844370 2.861992 -0.025743
v -6.842090 2.862222 -0.051369
v -6.839568 2.862222 -0.076974
v -6.836805 2.861992 -0.102553
v -6.833801 2.861533 -0.128101
v -6.830557 2.860844 -0.153615
v -6.827074 2.859926 -0.179090
v -7.002945 0.197106 -0.240246
v -7.150858 0.443359 -0.269668
v -7.264303 0.707945 -0.292233
v -7.341141 0.985878 -0.307517
v -7.379925 1.271921 -0.315232
v -7.379926 1.560684 -0.315232
v -7.341141 1.846727 -0.307517
v -7.264302 2.124660 -0.292233
v -7.150858 2.389246 -0.269668
v -7.002945 2.635499 -0.240246
v -6.817058 -0.027321 -0.229443
v -6.810527 -0.028239 -0.254311
v -6.803761 -0.028928 -0.279125
v -6.796759 -0.029387 -0.303878
v -6.789523 -0.029617 -0.328566
v -6.782055 -0.029617 -0.353187
v -6.774354 -0.029387 -0.377735
v -6.766424 -0.028928 -0.402207
v -6.758265 -0.028239 -0.426597
v -6.749878 -0.027321 -0.450903
v -6.817057 2.859926 -0.229443
v -6.810527 2.860844 -0.254312
v -6.803761 2.861533 -0.279125
v -6.796759 2.861992 -0.303878
v -6.789523 2.862222 -0.328567
v -6.782054 2.862222 -0.353187
v -6.774354 2.861992 -0.377735
v -6.766424 2.861533 -0.402207
v -6.758265 2.860844 -0.426597
v -6.749878 2.859926 -0.450903
v -6.910440 0.197106 -0.545194
v -7.049771 0.443359 -0.602907
v -7.156634 0.707945 -0.647171
v -7.229014 0.985878 -0.677152
v -7.265548 1.271921 -0.692285
v -7.265548 1.560684 -0.692285
v -7.229013 1.846727 -0.677152
v -7.156633 2.124660 -0.647171
v -7.049771 2.389246 -0.602907
v -6.910440 2.635499 -0.545194
v -6.730232 -0.027321 -0.498334
v -6.718976 -0.028239 -0.521451
v -6.707498 -0.028928 -0.544468
v -6.695802 -0.029387 -0.567379
v -6.683888 -0.029617 -0.590182
v -6.671760 -0.029617 -0.612873
v -6.659419 -0.029387 -0.635447
v -6.646867 -0.028928 -0.657901
v -6.634106 -0.028240 -0.680232
v -6.621139 -0.027322 -0.702435
v -6.730232 2.859926 -0.498334
v -6.718975 2.860844 -0.521452
v -6.707498 2.861533 -0.544468
v -6.695802 2.861992 -0.567379
v -6.683887 2.862222 -0.590182
v -6.671760 2.862222 -0.612873
v -6.659419 2.861992 -0.635447
v -6.646867 2.861533 -0.657902
v -6.634106 2.860845 -0.680232
v -6.621139 2.859926 -0.702435
v -6.760219 0.197106 -0.826238
v -6.885614 0.443359 -0.910024
v -6.981787 0.707945 -0.974285
v -7.046927 0.985878 -1.017811
v -7.079807 1.271921 -1.039780
v -7.079807 1.560684 -1.039780
v -7.046927 1.846727 -1.017811
v -6.981787 2.124660 -0.974285
v -6.885614 2.389246 -0.910024
v -6.760220 2.635499 -0.826238
v -6.592616 -0.027321 -0.745121
v -6.577066 -0.028240 -0.765598
v -6.561319 -0.028928 -0.785933
v -6.545377 -0.029387 -0.806122
v -6.529243 -0.029617 -0.826163
v -6.512922 -0.029617 -0.846051
v -6.496414 -0.029387 -0.865784
v -6.479722 -0.028928 -0.885358
v -6.462850 -0.028239 -0.904769
v -6.445801 -0.027321 -0.924016
v -6.592616 2.859926 -0.745122
v -6.577066 2.860844 -0.765598
v -6.561319 2.861533 -0.785933
v -6.545377 2.861992 -0.806123
v -6.529244 2.862222 -0.826163
v -6.512922 2.862222 -0.846051
v -6.496414 2.861992 -0.865784
v -6.479722 2.861533 -0.885358
v -6.462850 2.860844 -0.904769
v -6.445800 2.859926 -0.924016
v -6.558056 0.197106 -1.072574
v -6.664696 0.443359 -1.179213
v -6.746485 0.707945 -1.261002
v -6.801883 0.985877 -1.316400
v -6.829844 1.271921 -1.344361
v -6.829845 1.560684 -1.344362
v -6.801883 1.846727 -1.316399
v -6.746485 2.124660 -1.261002
v -6.664696 2.389246 -1.179213
v -6.558056 2.635499 -1.072574
v -6.409498 -0.027321 -0.960317
v -6.390252 -0.028239 -0.977367
v -6.370841 -0.028928 -0.994240
v -6.351267 -0.029387 -1.010931
v -6.331534 -0.029617 -1.027439
v -6.311646 -0.029617 -1.043761
v -6.291605 -0.029387 -1.059894
v -6.271416 -0.028928 -1.075836
v -6.251081 -0.028240 -1.091583
v -6.230604 -0.027321 -1.107133
v -6.409498 2.859926 -0.960318
v -6.390252 2.860844 -0.977367
v -6.370841 2.861533 -0.994240
v -6.351267 2.861992 -1.010931
v -6.331533 2.862222 -1.027439
v -6.311646 2.862222 -1.043761
v -6.291605 2.861992 -1.059894
v -6.271416 2.861533 -1.075836
v -6.251081 2.860845 -1.091583
v -6.230604 2.859926 -1.107134
v -6.311721 0.197106 -1.274736
v -6.395507 0.443359 -1.400131
v -6.459768 0.707945 -1.496304
v -6.503294 0.985878 -1.561445
v -6.525264 1.271921 -1.594324
v -6.525264 1.560684 -1.594325
v -6.503294 1.846727 -1.561445
v -6.459768 2.124660 -1.496304
v -6.395507 2.389246 -1.400131
v -6.311721 2.635499 -1.274736
v -6.187918 -0.027321 -1.135656
v -6.165715 -0.028240 -1.148623
v -6.143385 -0.028928 -1.161384
v -6.120931 -0.029388 -1.173936
v -6.098356 -0.029617 -1.186277
v -6.075665 -0.029617 -1.198406
v -6.052863 -0.029388 -1.210319
v -6.029951 -0.028928 -1.222015
v -6.006935 -0.028240 -1.233493
v -5.983817 -0.027321 -1.244749
v -6.187918 2.859926 -1.135656
v -6.165715 2.860845 -1.148623
v -6.143385 2.861533 -1.161384
v -6.120930 2.861992 -1.173936
v -6.098356 2.862222 -1.186277
v -6.075665 2.862222 -1.198406
v -6.052862 2.861992 -1.210319
v -6.029951 2.861533 -1.222015
v -6.006935 2.860844 -1.233493
v -5.983817 2.859926 -1.244749
v -6.030677 0.197106 -1.424957
v -6.088390 0.443359 -1.564288
v -6.132654 0.707945 -1.671151
v -6.162634 0.985878 -1.743531
v -6.177767 1.271921 -1.780065
v -6.177767 1.560684 -1.780066
v -6.162634 1.846727 -1.743531
v -6.132653 2.124660 -1.671151
v -6.088389 2.389246 -1.564288
v -6.030677 2.635499 -1.424958
v -5.434260 2.859926 -1.364275
v -5.459925 2.860845 -1.362722
v -5.485582 2.861533 -1.360926
v -5.511225 2.861992 -1.358887
v -5.536851 2.862222 -1.356607
v -5.562456 2.862222 -1.354085
v -5.588035 2.861992 -1.351323
v -5.613583 2.861533 -1.348319
v -5.639097 2.860845 -1.345075
v -5.664572 2.859926 -1.341591
v -5.936386 2.859926 -1.264396
v -5.912081 2.860844 -1.272782
v -5.887690 2.861533 -1.280942
v -5.863218 2.861992 -1.288872
v -5.838670 2.862222 -1.296572
v -5.814049 2.862222 -1.304040
v -5.789360 2.861992 -1.311276
v -5.764607 2.861533 -1.318278
v -5.739794 2.860845 -1.325045
v -5.714925 2.859926 -1.331575
v -5.936386 -0.027321 -1.264396
v -5.912081 -0.028239 -1.272782
v -5.887690 -0.028928 -1.280941
v -5.863218 -0.029387 -1.288872
v -5.838670 -0.029617 -1.296572
v -5.814049 -0.029617 -1.304040
v -5.789360 -0.029387 -1.311276
v -5.764607 -0.028928 -1.318278
v -5.739794 -0.028239 -1.325045
v -5.714925 -0.027322 -1.331575
v -5.725728 0.197106 -1.517462
v -5.755149 0.443359 -1.665375
v -5.777715 0.707945 -1.778820
v -5.792999 0.985877 -1.855659
v -5.800714 1.271921 -1.894443
v -5.800714 1.560684 -1.894443
v -5.792999 1.846727 -1.855659
v -5.777715 2.124660 -1.778820
v -5.755149 2.389246 -1.665376
v -5.725728 2.635499 -1.517463
v -5.434260 -0.027321 -1.364275
v -5.459925 -0.028239 -1.362722
v -5.485582 -0.028928 -1.360926
v -5.511225 -0.029387 -1.358887
v -5.536851 -0.029617 -1.356607
v -5.562456 -0.029617 -1.354085
v -5.588035 -0.029387 -1.351322
v -5.613583 -0.028928 -1.348318
v -5.639097 -0.028239 -1.345074
v -5.664572 -0.027322 -1.341591
v -5.697099 0.195853 -1.521908
v -5.668412 0.194850 -1.526035
v -5.639675 0.194097 -1.529842
v -5.610889 0.193595 -1.533328
v -5.582065 0.193345 -1.536492
v -5.553205 0.193345 -1.539335
v -5.524317 0.193596 -1.541854
v -5.495406 0.194097 -1.544051
v -5.466477 0.194850 -1.545924
v -5.437537 0.195853 -1.547473
v -5.723902 0.442109 -1.670538
v -5.692582 0.441108 -1.675292
v -5.661196 0.440358 -1.679636
v -5.629749 0.439857 -1.683568
v -5.598251 0.439607 -1.687087
v -5.566709 0.439607 -1.690194
v -5.535130 0.439857 -1.692886
v -5.503521 0.440358 -1.695165
v -5.471890 0.441109 -1.697028
v -5.440244 0.442109 -1.698476
v -5.744474 0.706851 -1.784647
v -5.711144 0.705976 -1.789973
v -5.677733 0.705320 -1.794797
v -5.644249 0.704882 -1.799118
v -5.610702 0.704663 -1.802933
v -5.577100 0.704663 -1.806243
v -5.543452 0.704882 -1.809045
v -5.509769 0.705320 -1.811340
v -5.476058 0.705976 -1.813127
v -5.442329 0.706851 -1.814406
v -5.758419 0.985119 -1.862018
v -5.723735 0.984511 -1.867798
v -5.688957 0.984055 -1.872998
v -5.654094 0.983752 -1.877613
v -5.619159 0.983600 -1.881646
v -5.584160 0.983600 -1.885093
v -5.549109 0.983752 -1.887954
v -5.514016 0.984056 -1.890227
v -5.478892 0.984511 -1.891913
v -5.443747 0.985119 -1.893010
v -5.765461 1.271647 -1.901105
v -5.730097 1.271429 -1.907141
v -5.694631 1.271265 -1.912550
v -5.659074 1.271155 -1.917329
v -5.623438 1.271101 -1.921477
v -5.587734 1.271101 -1.924994
v -5.551973 1.271155 -1.927877
v -5.516167 1.271265 -1.930126
v -5.480327 1.271429 -1.931741
v -5.444464 1.271647 -1.932720
v -5.765461 1.560957 -1.901105
v -5.730097 1.561176 -1.907141
v -5.694631 1.561340 -1.912550
v -5.659074 1.561449 -1.917329
v -5.623438 1.561504 -1.921477
v -5.587734 1.561504 -1.924994
v -5.551973 1.561449 -1.927878
v -5.516168 1.561340 -1.930127
v -5.480328 1.561176 -1.931741
v -5.444465 1.560957 -1.932720
v -5.758419 1.847486 -1.862018
v -5.723735 1.848094 -1.867798
v -5.688957 1.848549 -1.872997
v -5.654094 1.848853 -1.877614
v -5.619159 1.849005 -1.881645
v -5.584160 1.849005 -1.885093
v -5.549109 1.848853 -1.887954
v -5.514016 1.848549 -1.890227
v -5.478892 1.848093 -1.891913
v -5.443747 1.847486 -1.893010
v -5.744474 2.125753 -1.784647
v -5.711144 2.126628 -1.789974
v -5.677733 2.127285 -1.794798
v -5.644249 2.127723 -1.799118
v -5.610701 2.127941 -1.802933
v -5.577099 2.127941 -1.806243
v -5.543452 2.127723 -1.809045
v -5.509768 2.127285 -1.811340
v -5.476058 2.126628 -1.813128
v -5.442329 2.125753 -1.814406
v -5.723902 2.390496 -1.670538
v -5.692582 2.391496 -1.675292
v -5.661196 2.392247 -1.679636
v -5.629749 2.392747 -1.683568
v -5.598251 2.392997 -1.687087
v -5.566709 2.392998 -1.690194
v -5.535130 2.392747 -1.692887
v -5.503521 2.392247 -1.695165
v -5.471890 2.391496 -1.697029
v -5.440244 2.390496 -1.698476
v -5.697099 2.636752 -1.521908
v -5.668412 2.637755 -1.526035
v -5.639675 2.638508 -1.529842
v -5.610889 2.639009 -1.533328
v -5.582065 2.639260 -1.536492
v -5.553205 2.639260 -1.539335
v -5.524317 2.639009 -1.541855
v -5.495406 2.638507 -1.544051
v -5.466477 2.637755 -1.545924
v -5.437536 2.636752 -1.547473
v -6.003466 0.195853 -1.434903
v -5.976136 0.194850 -1.444547
v -5.948692 0.194097 -1.453887
v -5.921141 0.193596 -1.462921
v -5.893487 0.193345 -1.471648
v -5.865737 0.193345 -1.480066
v -5.837895 0.193596 -1.488173
v -5.809968 0.194097 -1.495968
v -5.781960 0.194850 -1.503449
v -5.753879 0.195853 -1.510614
v -6.058751 0.442109 -1.575448
v -6.028959 0.441109 -1.586220
v -5.999024 0.440358 -1.596604
v -5.968948 0.439857 -1.606595
v -5.938743 0.439607 -1.616192
v -5.908412 0.439607 -1.625392
v -5.877965 0.439857 -1.634194
v -5.847408 0.440358 -1.642595
v -5.816748 0.441108 -1.650594
v -5.785993 0.442109 -1.658188
v -6.101190 0.706851 -1.683351
v -6.069539 0.705976 -1.695077
v -6.037711 0.705320 -1.706327
v -6.005713 0.704882 -1.717096
v -5.973554 0.704663 -1.727383
v -5.941243 0.704663 -1.737185
v -5.908789 0.704882 -1.746498
v -5.876201 0.705320 -1.755320
v -5.843486 0.705976 -1.763649
v -5.810655 0.706851 -1.771483
v -6.129960 0.985119 -1.756515
v -6.097069 0.984511 -1.768950
v -6.063973 0.984056 -1.780835
v -6.030682 0.983752 -1.792163
v -5.997204 0.983600 -1.802933
v -5.963551 0.983600 -1.813142
v -5.929731 0.983752 -1.822786
v -5.895756 0.984056 -1.831862
v -5.861636 0.984511 -1.840368
v -5.827380 0.985119 -1.848301
v -6.144492 1.271647 -1.793476
v -6.110985 1.271429 -1.806296
v -6.077255 1.271265 -1.818520
v -6.043314 1.271155 -1.830144
v -6.009172 1.271101 -1.841165
v -5.974840 1.271101 -1.851579
v -5.940329 1.271155 -1.861384
v -5.905650 1.271265 -1.870575
v -5.870813 1.271429 -1.879151
v -5.835831 1.271647 -1.887108
v -6.144492 1.560957 -1.793476
v -6.110985 1.561176 -1.806296
v -6.077255 1.561340 -1.818520
v -6.043314 1.561449 -1.830144
v -6.009172 1.561504 -1.841165
v -5.974840 1.561504 -1.851579
v -5.940329 1.561449 -1.861384
v -5.905650 1.561340 -1.870575
v -5.870813 1.561176 -1.879151
v -5.835831 1.560957 -1.887108
v -6.129959 1.847486 -1.756514
v -6.097069 1.848093 -1.768950
v -6.063973 1.848549 -1.780834
v -6.030682 1.848853 -1.792163
v -5.997204 1.849005 -1.802933
v -5.963551 1.849005 -1.813142
v -5.929731 1.848853 -1.822786
v -5.895757 1.848549 -1.831862
v -5.861636 1.848094 -1.840368
v -5.827380 1.847486 -1.848301
v -6.101189 2.125753 -1.683351
v -6.069538 2.126628 -1.695077
v -6.037710 2.127285 -1.706327
v -6.005712 2.127723 -1.717096
v -5.973553 2.127941 -1.727383
v -5.941243 2.127941 -1.737185
v -5.908789 2.127723 -1.746498
v -5.876200 2.127285 -1.755320
v -5.843486 2.126628 -1.763649
v -5.810654 2.125753 -1.771484
v -6.058751 2.390496 -1.575448
v -6.028959 2.391496 -1.586221
v -5.999023 2.392247 -1.596604
v -5.968948 2.392747 -1.606595
v -5.938742 2.392998 -1.616192
v -5.908412 2.392998 -1.625393
v -5.877965 2.392747 -1.634194
v -5.847408 2.392246 -1.642596
v -5.816748 2.391496 -1.650594
v -5.785993 2.390496 -1.658188
v -6.003466 2.636752 -1.434903
v -5.976136 2.637755 -1.444547
v -5.948692 2.638508 -1.453887
v -5.921141 2.639009 -1.462922
v -5.893487 2.639260 -1.471649
v -5.865737 2.639260 -1.480067
v -5.837895 2.639009 -1.488174
v -5.809968 2.638508 -1.495968
v -5.781960 2.637755 -1.503449
v -5.753879 2.636752 -1.510615
v -6.286973 0.195853 -1.289800
v -6.262050 0.194850 -1.304590
v -6.236956 0.194097 -1.319105
v -6.211696 0.193596 -1.333341
v -6.186276 0.193345 -1.347295
v -6.160701 0.193345 -1.360965
v -6.134976 0.193596 -1.374348
v -6.109106 0.194097 -1.387442
v -6.083096 0.194850 -1.400243
v -6.056952 0.195853 -1.412749
v -6.368614 0.442109 -1.416858
v -6.341497 0.441108 -1.433236
v -6.314162 0.440358 -1.449260
v -6.286613 0.439857 -1.464927
v -6.258861 0.439607 -1.480232
v -6.230908 0.439607 -1.495173
v -6.202764 0.439857 -1.509746
v -6.174432 0.440358 -1.523947
v -6.145922 0.441108 -1.537773
v -6.117239 0.442109 -1.551221
v -6.431288 0.706852 -1.514408
v -6.402534 0.705977 -1.532084
v -6.373511 0.705320 -1.549327
v -6.344229 0.704882 -1.566133
v -6.314695 0.704663 -1.582496
v -6.284918 0.704663 -1.598412
v -6.254904 0.704882 -1.613878
v -6.224663 0.705320 -1.628889
v -6.194201 0.705976 -1.643440
v -6.163530 0.706851 -1.657529
v -6.473780 0.985119 -1.580553
v -6.443948 0.984511 -1.599167
v -6.413806 0.984056 -1.617279
v -6.383365 0.983752 -1.634886
v -6.352631 0.983600 -1.651980
v -6.321615 0.983600 -1.668558
v -6.290327 0.983752 -1.684615
v -6.258775 0.984056 -1.700145
v -6.226970 0.984511 -1.715144
v -6.194920 0.985119 -1.729607
v -6.495245 1.271648 -1.613969
v -6.464881 1.271429 -1.633080
v -6.434185 1.271265 -1.651649
v -6.403163 1.271155 -1.669672
v -6.371827 1.271101 -1.687142
v -6.340187 1.271101 -1.704054
v -6.308251 1.271155 -1.720403
v -6.276031 1.271265 -1.736184
v -6.243537 1.271429 -1.751391
v -6.210779 1.271647 -1.766020
v -6.495245 1.560958 -1.613970
v -6.464882 1.561176 -1.633080
v -6.434186 1.561340 -1.651650
v -6.403163 1.561450 -1.669672
v -6.371827 1.561504 -1.687142
v -6.340187 1.561504 -1.704055
v -6.308251 1.561450 -1.720403
v -6.276031 1.561340 -1.736184
v -6.243537 1.561176 -1.751391
v -6.210779 1.560958 -1.766020
v -6.473780 1.847486 -1.580553
v -6.443948 1.848093 -1.599167
v -6.413806 1.848549 -1.617279
v -6.383365 1.848853 -1.634886
v -6.352631 1.849005 -1.651980
v -6.321615 1.849005 -1.668558
v -6.290327 1.848853 -1.684615
v -6.258776 1.848549 -1.700145
v -6.226970 1.848093 -1.715144
v -6.194919 1.847486 -1.729607
v -6.431288 2.125754 -1.514408
v -6.402534 2.126629 -1.532084
v -6.373511 2.127285 -1.549328
v -6.344229 2.127723 -1.566133
v -6.314695 2.127941 -1.582496
v -6.284917 2.127942 -1.598412
v -6.254904 2.127723 -1.613878
v -6.224662 2.127285 -1.628888
v -6.194201 2.126628 -1.643440
v -6.163528 2.125753 -1.657529
v -6.368614 2.390496 -1.416858
v -6.341497 2.391496 -1.433236
v -6.314162 2.392247 -1.449260
v -6.286613 2.392747 -1.464927
v -6.258861 2.392998 -1.480232
v -6.230908 2.392998 -1.495173
v -6.202763 2.392748 -1.509746
v -6.174432 2.392247 -1.523947
v -6.145922 2.391497 -1.537773
v -6.117239 2.390496 -1.551222
v -6.286972 2.636752 -1.289800
v -6.262049 2.637755 -1.304590
v -6.236955 2.638508 -1.319105
v -6.211696 2.639009 -1.333341
v -6.186276 2.639260 -1.347295
v -6.160701 2.639260 -1.360965
v -6.134976 2.639009 -1.374348
v -6.109106 2.638508 -1.387442
v -6.083096 2.637755 -1.400243
v -6.056952 2.636752 -1.412749
v -6.536722 0.195853 -1.092176
v -6.515163 0.194850 -1.111544
v -6.493383 0.194097 -1.130676
v -6.471387 0.193596 -1.149566
v -6.449178 0.193345 -1.168211
v -6.426762 0.193345 -1.186608
v -6.404142 0.193596 -1.204752
v -6.381323 0.194097 -1.222641
v -6.358311 0.194850 -1.240270
v -6.335109 0.195853 -1.257637
v -6.641583 0.442109 -1.200865
v -6.618183 0.441108 -1.222218
v -6.594499 0.440358 -1.243267
v -6.570537 0.439858 -1.264007
v -6.546303 0.439607 -1.284433
v -6.521802 0.439607 -1.304540
v -6.497042 0.439858 -1.324323
v -6.472025 0.440358 -1.343779
v -6.446760 0.441109 -1.362901
v -6.421252 0.442109 -1.381687
v -6.722085 0.706851 -1.284314
v -6.697331 0.705976 -1.307260
v -6.672231 0.705320 -1.329834
v -6.646790 0.704882 -1.352029
v -6.621016 0.704663 -1.373839
v -6.594915 0.704663 -1.395259
v -6.568496 0.704882 -1.416282
v -6.541764 0.705320 -1.436904
v -6.514727 0.705977 -1.457119
v -6.487393 0.706852 -1.476921
v -6.776664 0.985119 -1.340899
v -6.751037 0.984511 -1.364974
v -6.725008 0.984056 -1.388619
v -6.698586 0.983752 -1.411826
v -6.671778 0.983600 -1.434587
v -6.644593 0.983600 -1.456897
v -6.617039 0.983752 -1.478749
v -6.589123 0.984056 -1.500136
v -6.560855 0.984511 -1.521052
v -6.532242 0.985119 -1.541490
v -6.804235 1.271648 -1.369485
v -6.778184 1.271429 -1.394152
v -6.751699 1.271265 -1.418352
v -6.724791 1.271156 -1.442081
v -6.697465 1.271101 -1.465328
v -6.669732 1.271101 -1.488088
v -6.641601 1.271156 -1.510353
v -6.613078 1.271265 -1.532116
v -6.584175 1.271429 -1.553370
v -6.554901 1.271648 -1.574108
v -6.804235 1.560957 -1.369485
v -6.778184 1.561176 -1.394152
v -6.751700 1.561340 -1.418353
v -6.724791 1.561450 -1.442081
v -6.697465 1.561504 -1.465328
v -6.669732 1.561504 -1.488088
v -6.641601 1.561450 -1.510353
v -6.613078 1.561340 -1.532116
v -6.584175 1.561176 -1.553370
v -6.554901 1.560958 -1.574108
v -6.776664 1.847486 -1.340899
v -6.751037 1.848094 -1.364974
v -6.725008 1.848549 -1.388619
v -6.698586 1.848853 -1.411825
v -6.671778 1.849005 -1.434587
v -6.644593 1.849005 -1.456897
v -6.617039 1.848853 -1.478749
v -6.589123 1.848549 -1.500136
v -6.560855 1.848093 -1.521052
v -6.532242 1.847486 -1.541490
v -6.722084 2.125754 -1.284314
v -6.697330 2.126629 -1.307260
v -6.672230 2.127285 -1.329834
v -6.646790 2.127723 -1.352028
v -6.621015 2.127942 -1.373839
v -6.594915 2.127942 -1.395259
v -6.568496 2.127723 -1.416282
v -6.541764 2.127285 -1.436904
v -6.514727 2.126629 -1.457119
v -6.487393 2.125754 -1.476921
v -6.641583 2.390496 -1.200865
v -6.618183 2.391496 -1.222218
v -6.594499 2.392247 -1.243268
v -6.570537 2.392747 -1.264007
v -6.546303 2.392997 -1.284433
v -6.521803 2.392998 -1.304540
v -6.497041 2.392747 -1.324323
v -6.472025 2.392247 -1.343779
v -6.446760 2.391496 -1.362901
v -6.421252 2.390496 -1.381687
v -6.536722 2.636752 -1.092175
v -6.515163 2.637755 -1.111544
v -6.493383 2.638508 -1.130675
v -6.471387 2.639010 -1.149566
v -6.449178 2.639260 -1.168211
v -6.426762 2.639260 -1.186608
v -6.404141 2.639009 -1.204752
v -6.381323 2.638508 -1.222641
v -6.358311 2.637755 -1.240270
v -6.335108 2.636752 -1.257637
v -6.743119 0.195853 -0.849625
v -6.725753 0.194850 -0.872828
v -6.708124 0.194097 -0.895840
v -6.690235 0.193596 -0.918659
v -6.672090 0.193345 -0.941279
v -6.653694 0.193345 -0.963695
v -6.635048 0.193596 -0.985904
v -6.616158 0.194097 -1.007900
v -6.597027 0.194850 -1.029681
v -6.577658 0.195853 -1.051240
v -6.867169 0.442109 -0.935769
v -6.848385 0.441109 -0.961278
v -6.829263 0.440358 -0.986543
v -6.809807 0.439858 -1.011559
v -6.790023 0.439607 -1.036319
v -6.769917 0.439607 -1.060820
v -6.749491 0.439858 -1.085054
v -6.728751 0.440358 -1.109016
v -6.707702 0.441108 -1.132700
v -6.686348 0.442109 -1.156101
v -6.962404 0.706851 -1.001910
v -6.942602 0.705976 -1.029244
v -6.922388 0.705320 -1.056281
v -6.901766 0.704882 -1.083012
v -6.880741 0.704663 -1.109432
v -6.859322 0.704663 -1.135532
v -6.837512 0.704882 -1.161306
v -6.815317 0.705320 -1.186747
v -6.792743 0.705976 -1.211848
v -6.769797 0.706851 -1.236602
v -7.026973 0.985119 -1.046759
v -7.006535 0.984511 -1.075372
v -6.985620 0.984056 -1.103640
v -6.964232 0.983752 -1.131555
v -6.942380 0.983600 -1.159110
v -6.920071 0.983600 -1.186295
v -6.897308 0.983752 -1.213102
v -6.874102 0.984056 -1.239525
v -6.850457 0.984511 -1.265553
v -6.826382 0.985119 -1.291181
v -7.059591 1.271648 -1.069417
v -7.038853 1.271429 -1.098692
v -7.017600 1.271265 -1.127595
v -6.995835 1.271156 -1.156117
v -6.973571 1.271101 -1.184249
v -6.950811 1.271101 -1.211982
v -6.927564 1.271156 -1.239307
v -6.903835 1.271265 -1.266216
v -6.879635 1.271429 -1.292701
v -6.854968 1.271648 -1.318752
v -7.059590 1.560957 -1.069418
v -7.038853 1.561176 -1.098692
v -7.017600 1.561340 -1.127595
v -6.995836 1.561449 -1.156117
v -6.973571 1.561504 -1.184249
v -6.950811 1.561504 -1.211982
v -6.927564 1.561450 -1.239308
v -6.903836 1.561340 -1.266217
v -6.879635 1.561176 -1.292701
v -6.854969 1.560957 -1.318752
v -7.026973 1.847486 -1.046759
v -7.006535 1.848093 -1.075372
v -6.985620 1.848549 -1.103640
v -6.964232 1.848853 -1.131555
v -6.942380 1.849005 -1.159110
v -6.920070 1.849005 -1.186295
v -6.897308 1.848853 -1.213102
v -6.874102 1.848549 -1.239524
v -6.850457 1.848094 -1.265553
v -6.826382 1.847486 -1.291181
v -6.962403 2.125753 -1.001910
v -6.942602 2.126629 -1.029244
v -6.922387 2.127285 -1.056281
v -6.901766 2.127723 -1.083012
v -6.880741 2.127942 -1.109432
v -6.859322 2.127942 -1.135532
v -6.837511 2.127723 -1.161306
v -6.815316 2.127285 -1.186747
v -6.792743 2.126629 -1.211848
v -6.769797 2.125754 -1.236601
v -6.867169 2.390496 -0.935769
v -6.848384 2.391496 -0.961278
v -6.829262 2.392247 -0.986543
v -6.809807 2.392747 -1.011559
v -6.790023 2.392997 -1.036320
v -6.769916 2.392998 -1.060820
v -6.749491 2.392747 -1.085054
v -6.728751 2.392247 -1.109016
v -6.707702 2.391496 -1.132700
v -6.686348 2.390496 -1.156101
v -6.743119 2.636752 -0.849625
v -6.725753 2.637755 -0.872828
v -6.708124 2.638508 -0.895841
v -6.690235 2.639009 -0.918659
v -6.672091 2.639260 -0.941279
v -6.653694 2.639260 -0.963695
v -6.635048 2.639009 -0.985904
v -6.616158 2.638508 -1.007901
v -6.597027 2.637755 -1.029681
v -6.577658 2.636752 -1.051240
v -6.898231 0.195853 -0.571468
v -6.885725 0.194850 -0.597613
v -6.872924 0.194097 -0.623623
v -6.859831 0.193596 -0.649493
v -6.846448 0.193345 -0.675218
v -6.832778 0.193345 -0.700793
v -6.818823 0.193596 -0.726213
v -6.804587 0.194097 -0.751472
v -6.790073 0.194850 -0.776566
v -6.775282 0.195853 -0.801490
v -7.036705 0.442109 -0.631756
v -7.023256 0.441109 -0.660439
v -7.009430 0.440358 -0.688949
v -6.995229 0.439857 -0.717280
v -6.980656 0.439607 -0.745425
v -6.965715 0.439607 -0.773378
v -6.950410 0.439858 -0.801131
v -6.934743 0.440358 -0.828679
v -6.918719 0.441109 -0.856015
v -6.902341 0.442109 -0.883132
v -7.143013 0.706851 -0.678046
v -7.128923 0.705976 -0.708719
v -7.114372 0.705320 -0.739180
v -7.099361 0.704882 -0.769421
v -7.083896 0.704663 -0.799434
v -7.067979 0.704663 -0.829212
v -7.051616 0.704882 -0.858746
v -7.034811 0.705320 -0.888028
v -7.017567 0.705976 -0.917051
v -6.999891 0.706851 -0.945806
v -7.215090 0.985119 -0.709437
v -7.200627 0.984511 -0.741487
v -7.185628 0.984056 -0.773293
v -7.170098 0.983752 -0.804844
v -7.154041 0.983600 -0.836132
v -7.137463 0.983600 -0.867148
v -7.120368 0.983752 -0.897881
v -7.102762 0.984056 -0.928323
v -7.084649 0.984511 -0.958465
v -7.066036 0.985119 -0.988297
v -7.251502 1.271648 -0.725296
v -7.236873 1.271429 -0.758055
v -7.221666 1.271265 -0.790549
v -7.205885 1.271156 -0.822768
v -7.189536 1.271101 -0.854704
v -7.172625 1.271101 -0.886344
v -7.155154 1.271156 -0.917680
v -7.137132 1.271265 -0.948701
v -7.118563 1.271429 -0.979398
v -7.099452 1.271648 -1.009761
v -7.251502 1.560957 -0.725296
v -7.236874 1.561176 -0.758055
v -7.221667 1.561340 -0.790549
v -7.205886 1.561449 -0.822769
v -7.189537 1.561504 -0.854704
v -7.172625 1.561504 -0.886344
v -7.155154 1.561449 -0.917680
v -7.137132 1.561340 -0.948702
v -7.118563 1.561176 -0.979398
v -7.099452 1.560957 -1.009761
v -7.215089 1.847486 -0.709437
v -7.200626 1.848094 -0.741487
v -7.185627 1.848549 -0.773293
v -7.170097 1.848853 -0.804844
v -7.154040 1.849005 -0.836133
v -7.137463 1.849005 -0.867148
v -7.120368 1.848853 -0.897881
v -7.102762 1.848549 -0.928323
v -7.084649 1.848094 -0.958465
v -7.066036 1.847486 -0.988297
v -7.143011 2.125753 -0.678046
v -7.128922 2.126628 -0.708719
v -7.114372 2.127285 -0.739180
v -7.099360 2.127723 -0.769421
v -7.083895 2.127942 -0.799435
v -7.067978 2.127942 -0.829212
v -7.051615 2.127723 -0.858746
v -7.034810 2.127285 -0.888028
v -7.017568 2.126629 -0.917051
v -6.999891 2.125753 -0.945806
v -7.036705 2.390496 -0.631756
v -7.023256 2.391496 -0.660439
v -7.009430 2.392247 -0.688949
v -6.995229 2.392747 -0.717280
v -6.980656 2.392998 -0.745425
v -6.965715 2.392998 -0.773378
v -6.950410 2.392747 -0.801131
v -6.934743 2.392247 -0.828679
v -6.918719 2.391496 -0.856015
v -6.902341 2.390496 -0.883132
v -6.898231 2.636752 -0.571468
v -6.885726 2.637755 -0.597613
v -6.872925 2.638508 -0.623623
v -6.859831 2.639009 -0.649493
v -6.846448 2.639260 -0.675218
v -6.832778 2.639260 -0.700793
v -6.818824 2.639009 -0.726213
v -6.804588 2.638508 -0.751472
v -6.790073 2.637755 -0.776566
v -6.775283 2.636752 -0.801490
v -6.996096 0.195853 -0.268397
v -6.988932 0.194850 -0.296478
v -6.981451 0.194097 -0.324486
v -6.973656 0.193596 -0.352413
v -6.965549 0.193345 -0.380255
v -6.957131 0.193345 -0.408005
v -6.948404 0.193596 -0.435658
v -6.939369 0.194097 -0.463209
v -6.930029 0.194850 -0.490653
v -6.920385 0.195853 -0.517983
v -7.143670 0.442109 -0.300511
v -7.136077 0.441109 -0.331267
v -7.128078 0.440358 -0.361926
v -7.119677 0.439858 -0.392483
v -7.110875 0.439607 -0.422930
v -7.101675 0.439607 -0.453260
v -7.092078 0.439858 -0.483466
v -7.082087 0.440358 -0.513541
v -7.071703 0.441109 -0.543477
v -7.060931 0.442109 -0.573268
v -7.256966 0.706852 -0.325173
v -7.249132 0.705976 -0.358004
v -7.240803 0.705320 -0.390718
v -7.231980 0.704882 -0.423307
v -7.222668 0.704663 -0.455761
v -7.212866 0.704663 -0.488071
v -7.202579 0.704882 -0.520230
v -7.191810 0.705320 -0.552227
v -7.180561 0.705976 -0.584056
v -7.168835 0.706851 -0.615707
v -7.333783 0.985119 -0.341898
v -7.325850 0.984512 -0.376154
v -7.317346 0.984056 -0.410275
v -7.308270 0.983752 -0.444250
v -7.298625 0.983600 -0.478069
v -7.288417 0.983600 -0.511722
v -7.277646 0.983752 -0.545200
v -7.266317 0.984056 -0.578491
v -7.254434 0.984511 -0.611587
v -7.241998 0.985119 -0.644477
v -7.372590 1.271648 -0.350350
v -7.364633 1.271429 -0.385332
v -7.356057 1.271265 -0.420168
v -7.346866 1.271156 -0.454847
v -7.337061 1.271101 -0.489358
v -7.326647 1.271101 -0.523690
v -7.315626 1.271156 -0.557832
v -7.304002 1.271265 -0.591773
v -7.291778 1.271429 -0.625502
v -7.278959 1.271648 -0.659010
v -7.372590 1.560957 -0.350350
v -7.364633 1.561176 -0.385332
v -7.356058 1.561340 -0.420168
v -7.346866 1.561450 -0.454848
v -7.337061 1.561504 -0.489358
v -7.326647 1.561504 -0.523690
v -7.315627 1.561450 -0.557832
v -7.304002 1.561340 -0.591773
v -7.291779 1.561176 -0.625502
v -7.278959 1.560957 -0.659010
v -7.333783 1.847486 -0.341899
v -7.325850 1.848094 -0.376154
v -7.317345 1.848549 -0.410275
v -7.308268 1.848853 -0.444250
v -7.298624 1.849005 -0.478069
v -7.288416 1.849005 -0.511722
v -7.277645 1.848853 -0.545200
v -7.266316 1.848549 -0.578491
v -7.254432 1.848094 -0.611587
v -7.241997 1.847486 -0.644477
v -7.256966 2.125753 -0.325173
v -7.249132 2.126628 -0.358004
v -7.240803 2.127285 -0.390718
v -7.231980 2.127723 -0.423307
v -7.222667 2.127942 -0.455761
v -7.212866 2.127942 -0.488071
v -7.202579 2.127723 -0.520230
v -7.191809 2.127285 -0.552227
v -7.180560 2.126628 -0.584056
v -7.168834 2.125753 -0.615707
v -7.143670 2.390496 -0.300511
v -7.136076 2.391496 -0.331267
v -7.128078 2.392247 -0.361926
v -7.119677 2.392747 -0.392483
v -7.110875 2.392998 -0.422930
v -7.101675 2.392998 -0.453260
v -7.092078 2.392747 -0.483466
v -7.082087 2.392247 -0.513541
v -7.071703 2.391496 -0.543477
v -7.060931 2.390496 -0.573268
v -6.996096 2.636752 -0.268397
v -6.988932 2.637755 -0.296479
v -6.981452 2.638508 -0.324486
v -6.973657 2.639009 -0.352413
v -6.965549 2.639260 -0.380255
v -6.957131 2.639260 -0.408005
v -6.948404 2.639009 -0.435659
v -6.939370 2.638508 -0.463210
v -6.930030 2.637755 -0.490653
v -6.920386 2.636752 -0.517983
v -7.032955 0.195853 0.047946
v -7.031406 0.194850 0.019006
v -7.029534 0.194097 -0.009923
v -7.027337 0.193596 -0.038835
v -7.024817 0.193345 -0.067723
v -7.021975 0.193345 -0.096583
v -7.018811 0.193596 -0.125408
v -7.015325 0.194097 -0.154192
v -7.011518 0.194850 -0.182930
v -7.007391 0.195853 -0.211617
v -7.183959 0.442109 0.045239
v -7.182511 0.441109 0.013593
v -7.180648 0.440358 -0.018039
v -7.178370 0.439858 -0.049648
v -7.175676 0.439607 -0.081227
v -7.172570 0.439607 -0.112769
v -7.169050 0.439858 -0.144267
v -7.165118 0.440358 -0.175714
v -7.160775 0.441109 -0.207100
v -7.156021 0.442109 -0.238421
v -7.299888 0.706852 0.043154
v -7.298611 0.705976 0.009425
v -7.296824 0.705320 -0.024286
v -7.294528 0.704882 -0.057970
v -7.291725 0.704663 -0.091617
v -7.288416 0.704663 -0.125219
v -7.284600 0.704882 -0.158767
v -7.280281 0.705320 -0.192251
v -7.275456 0.705976 -0.225663
v -7.270130 0.706852 -0.258993
v -7.378493 0.985119 0.041736
v -7.377396 0.984512 0.006590
v -7.375710 0.984056 -0.028534
v -7.373436 0.983752 -0.063627
v -7.370576 0.983600 -0.098678
v -7.367128 0.983600 -0.133677
v -7.363096 0.983752 -0.168612
v -7.358480 0.984056 -0.203475
v -7.353281 0.984512 -0.238253
v -7.347501 0.985119 -0.272938
v -7.418203 1.271648 0.041018
v -7.417224 1.271429 0.005155
v -7.415610 1.271265 -0.030685
v -7.413360 1.271156 -0.066491
v -7.410477 1.271101 -0.102252
v -7.406960 1.271101 -0.137956
v -7.402811 1.271156 -0.173592
v -7.398032 1.271265 -0.209149
v -7.392623 1.271429 -0.244616
v -7.386587 1.271648 -0.279980
v -7.418203 1.560957 0.041018
v -7.417224 1.561176 0.005155
v -7.415610 1.561340 -0.030685
v -7.413360 1.561450 -0.066491
v -7.410477 1.561504 -0.102252
v -7.406960 1.561504 -0.137956
v -7.402812 1.561450 -0.173592
v -7.398032 1.561340 -0.209149
v -7.392624 1.561176 -0.244616
v -7.386587 1.560958 -0.279980
v -7.378493 1.847486 0.041736
v -7.377396 1.848094 0.006590
v -7.375711 1.848549 -0.028534
v -7.373436 1.848853 -0.063627
v -7.370575 1.849005 -0.098678
v -7.367128 1.849005 -0.133677
v -7.363096 1.848853 -0.168612
v -7.358479 1.848549 -0.203475
v -7.353281 1.848094 -0.238253
v -7.347500 1.847486 -0.272938
v -7.299888 2.125753 0.043154
v -7.298610 2.126628 0.009425
v -7.296824 2.127285 -0.024286
v -7.294528 2.127723 -0.057970
v -7.291725 2.127942 -0.091617
v -7.288416 2.127942 -0.125219
v -7.284600 2.127723 -0.158767
v -7.280280 2.127285 -0.192251
v -7.275456 2.126629 -0.225663
v -7.270129 2.125753 -0.258993
v -7.183959 2.390496 0.045238
v -7.182511 2.391497 0.013592
v -7.180648 2.392247 -0.018039
v -7.178370 2.392747 -0.049648
v -7.175676 2.392998 -0.081227
v -7.172570 2.392998 -0.112770
v -7.169050 2.392747 -0.144267
v -7.165118 2.392247 -0.175714
v -7.160775 2.391496 -0.207101
v -7.156021 2.390496 -0.238421
v -7.032955 2.636752 0.047946
v -7.031406 2.637755 0.019005
v -7.029534 2.638508 -0.009923
v -7.027337 2.639009 -0.038835
v -7.024817 2.639260 -0.067723
v -7.021975 2.639260 -0.096583
v -7.018810 2.639009 -0.125408
v -7.015324 2.638508 -0.154192
v -7.011518 2.637755 -0.182931
v -7.007391 2.636752 -0.211617
v -7.007391 0.195853 0.365400
v -7.011518 0.194850 0.336713
v -7.015325 0.194098 0.307975
v -7.018811 0.193596 0.279191
v -7.021975 0.193345 0.250366
v -7.024817 0.193345 0.221507
v -7.027337 0.193596 0.192618
v -7.029534 0.194097 0.163707
v -7.031407 0.194850 0.134778
v -7.032956 0.195853 0.105838
v -7.156021 0.442109 0.392204
v -7.160775 0.441109 0.360884
v -7.165118 0.440358 0.329497
v -7.169050 0.439858 0.298051
v -7.172569 0.439608 0.266553
v -7.175676 0.439607 0.235011
v -7.178370 0.439858 0.203431
v -7.180648 0.440358 0.171822
v -7.182511 0.441109 0.140191
v -7.183959 0.442109 0.108545
v -7.270130 0.706852 0.412776
v -7.275456 0.705976 0.379446
v -7.280281 0.705320 0.346034
v -7.284600 0.704882 0.312550
v -7.288416 0.704663 0.279002
v -7.291725 0.704663 0.245401
v -7.294528 0.704882 0.211753
v -7.296823 0.705320 0.178070
v -7.298610 0.705976 0.144359
v -7.299889 0.706852 0.110630
v -7.347500 0.985119 0.426720
v -7.353281 0.984511 0.392036
v -7.358480 0.984056 0.357258
v -7.363096 0.983752 0.322396
v -7.367128 0.983600 0.287460
v -7.370576 0.983600 0.252462
v -7.373436 0.983752 0.217411
v -7.375710 0.984056 0.182318
v -7.377396 0.984511 0.147193
v -7.378493 0.985119 0.112048
v -7.386587 1.271647 0.433763
v -7.392623 1.271429 0.398398
v -7.398032 1.271265 0.362932
v -7.402811 1.271155 0.327375
v -7.406959 1.271101 0.291739
v -7.410477 1.271101 0.256035
v -7.413360 1.271156 0.220275
v -7.415609 1.271265 0.184469
v -7.417224 1.271429 0.148629
v -7.418203 1.271648 0.112766
v -7.386587 1.560957 0.433763
v -7.392623 1.561176 0.398398
v -7.398032 1.561340 0.362932
v -7.402811 1.561450 0.327375
v -7.406959 1.561504 0.291739
v -7.410477 1.561504 0.256035
v -7.413360 1.561450 0.220275
v -7.415609 1.561340 0.184469
v -7.417224 1.561176 0.148629
v -7.418203 1.560958 0.112766
v -7.347500 1.847486 0.426720
v -7.353281 1.848093 0.392036
v -7.358480 1.848549 0.357258
v -7.363096 1.848853 0.322396
v -7.367128 1.849005 0.287460
v -7.370576 1.849005 0.252462
v -7.373436 1.848853 0.217411
v -7.375710 1.848549 0.182318
v -7.377397 1.848094 0.147193
v -7.378494 1.847486 0.112048
v -7.270129 2.125753 0.412776
v -7.275456 2.126628 0.379446
v -7.280280 2.127285 0.346034
v -7.284600 2.127723 0.312550
v -7.288415 2.127942 0.279002
v -7.291725 2.127942 0.245400
v -7.294528 2.127723 0.211753
v -7.296824 2.127285 0.178070
v -7.298611 2.126628 0.144359
v -7.299889 2.125753 0.110630
v -7.156021 2.390496 0.392204
v -7.160775 2.391496 0.360883
v -7.165119 2.392247 0.329497
v -7.169050 2.392747 0.298050
v -7.172570 2.392997 0.266553
v -7.175677 2.392998 0.235010
v -7.178370 2.392747 0.203431
v -7.180648 2.392247 0.171822
v -7.182511 2.391496 0.140191
v -7.183959 2.390496 0.108545
v -7.007391 2.636752 0.365400
v -7.011518 2.637755 0.336713
v -7.015325 2.638508 0.307975
v -7.018811 2.639009 0.279191
v -7.021975 2.639260 0.250366
v -7.024817 2.639260 0.221506
v -7.027337 2.639009 0.192618
v -7.029534 2.638507 0.163707
v -7.031407 2.637755 0.134778
v -7.032956 2.636752 0.105838
v -6.920385 0.195853 0.671767
v -6.930030 0.194850 0.644437
v -6.939370 0.194098 0.616993
v -6.948404 0.193596 0.589442
v -6.957131 0.193345 0.561788
v -6.965549 0.193345 0.534038
v -6.973657 0.193596 0.506196
v -6.981451 0.194098 0.478269
v -6.988932 0.194850 0.450262
v -6.996097 0.195853 0.422180
v -7.060931 0.442109 0.727052
v -7.071703 0.441109 0.697261
v -7.082087 0.440358 0.667324
v -7.092078 0.439858 0.637250
v -7.101675 0.439607 0.607044
v -7.110875 0.439607 0.576714
v -7.119678 0.439858 0.546266
v -7.128078 0.440358 0.515709
v -7.136077 0.441109 0.485050
v -7.143671 0.442109 0.454294
v -7.168835 0.706852 0.769490
v -7.180561 0.705976 0.737840
v -7.191811 0.705320 0.706011
v -7.202579 0.704882 0.674013
v -7.212866 0.704663 0.641855
v -7.222668 0.704663 0.609544
v -7.231980 0.704882 0.577090
v -7.240803 0.705320 0.544501
v -7.249132 0.705976 0.511787
v -7.256967 0.706852 0.478956
v -7.241997 0.985119 0.798261
v -7.254433 0.984511 0.765371
v -7.266317 0.984056 0.732275
v -7.277645 0.983752 0.698983
v -7.288415 0.983600 0.665506
v -7.298624 0.983600 0.631852
v -7.308268 0.983752 0.598033
v -7.317345 0.984056 0.564058
v -7.325850 0.984511 0.529937
v -7.333783 0.985119 0.495681
v -7.278958 1.271648 0.812793
v -7.291778 1.271429 0.779286
v -7.304002 1.271265 0.745556
v -7.315626 1.271155 0.711615
v -7.326647 1.271101 0.677473
v -7.337062 1.271101 0.643141
v -7.346866 1.271155 0.608630
v -7.356057 1.271265 0.573951
v -7.364633 1.271429 0.539115
v -7.372589 1.271648 0.504132
v -7.278959 1.560957 0.812794
v -7.291778 1.561176 0.779286
v -7.304002 1.561340 0.745556
v -7.315626 1.561450 0.711615
v -7.326647 1.561504 0.677473
v -7.337062 1.561504 0.643142
v -7.346867 1.561450 0.608631
v -7.356058 1.561340 0.573951
v -7.364634 1.561176 0.539115
v -7.372590 1.560957 0.504132
v -7.241997 1.847486 0.798261
v -7.254433 1.848093 0.765371
v -7.266317 1.848549 0.732275
v -7.277646 1.848853 0.698983
v -7.288416 1.849005 0.665506
v -7.298625 1.849005 0.631852
v -7.308269 1.848853 0.598033
v -7.317345 1.848549 0.564058
v -7.325850 1.848093 0.529937
v -7.333784 1.847486 0.495681
v -7.168833 2.125753 0.769490
v -7.180560 2.126628 0.737839
v -7.191810 2.127285 0.706011
v -7.202579 2.127723 0.674013
v -7.212865 2.127942 0.641854
v -7.222667 2.127942 0.609544
v -7.231980 2.127723 0.577090
v -7.240803 2.127285 0.544501
v -7.249132 2.126628 0.511787
v -7.256966 2.125753 0.478955
v -7.060931 2.390496 0.727052
v -7.071703 2.391496 0.697261
v -7.082087 2.392247 0.667324
v -7.092078 2.392747 0.637249
v -7.101675 2.392997 0.607043
v -7.110875 2.392998 0.576713
v -7.119677 2.392747 0.546266
v -7.128078 2.392247 0.515709
v -7.136077 2.391496 0.485049
v -7.143671 2.390496 0.454294
v -6.920386 2.636752 0.671767
v -6.930029 2.637755 0.644436
v -6.939370 2.638508 0.616993
v -6.948404 2.639009 0.589442
v -6.957131 2.639260 0.561788
v -6.965549 2.639260 0.534038
v -6.973657 2.639009 0.506196
v -6.981451 2.638508 0.478269
v -6.988932 2.637755 0.450261
v -6.996097 2.636752 0.422179
v -6.775282 0.195853 0.955273
v -6.790073 0.194850 0.930349
v -6.804587 0.194097 0.905256
v -6.818823 0.193596 0.879996
v -6.832778 0.193345 0.854576
v -6.846448 0.193345 0.829002
v -6.859831 0.193596 0.803277
v -6.872924 0.194098 0.777407
v -6.885725 0.194850 0.751397
v -6.898232 0.195853 0.725252
v -6.902342 0.442109 1.036915
v -6.918719 0.441109 1.009798
v -6.934744 0.440358 0.982462
v -6.950410 0.439858 0.954914
v -6.965715 0.439607 0.927161
v -6.980657 0.439607 0.899209
v -6.995229 0.439858 0.871064
v -7.009430 0.440358 0.842733
v -7.023256 0.441109 0.814223
v -7.036704 0.442109 0.785540
v -6.999892 0.706852 1.099588
v -7.017568 0.705977 1.070834
v -7.034811 0.705320 1.041811
v -7.051616 0.704882 1.012529
v -7.067979 0.704663 0.982995
v -7.083896 0.704663 0.953218
v -7.099361 0.704882 0.923204
v -7.114372 0.705320 0.892963
v -7.128923 0.705977 0.862502
v -7.143013 0.706852 0.831830
v -7.066036 0.985119 1.142080
v -7.084650 0.984511 1.112248
v -7.102763 0.984056 1.082106
v -7.120369 0.983752 1.051664
v -7.137463 0.983600 1.020931
v -7.154041 0.983600 0.989916
v -7.170097 0.983752 0.958628
v -7.185627 0.984056 0.927076
v -7.200626 0.984511 0.895271
v -7.215090 0.985119 0.863221
v -7.099453 1.271648 1.163544
v -7.118563 1.271429 1.133181
v -7.137133 1.271265 1.102485
v -7.155155 1.271156 1.071463
v -7.172625 1.271101 1.040127
v -7.189537 1.271101 1.008487
v -7.205886 1.271156 0.976552
v -7.221666 1.271265 0.944332
v -7.236874 1.271429 0.911838
v -7.251502 1.271648 0.879080
v -7.099453 1.560957 1.163545
v -7.118564 1.561176 1.133182
v -7.137133 1.561340 1.102485
v -7.155155 1.561450 1.071463
v -7.172625 1.561504 1.040128
v -7.189537 1.561504 1.008487
v -7.205886 1.561450 0.976552
v -7.221666 1.561340 0.944332
v -7.236873 1.561176 0.911838
v -7.251502 1.560958 0.879080
v -7.066036 1.847486 1.142080
v -7.084650 1.848094 1.112248
v -7.102763 1.848549 1.082106
v -7.120369 1.848853 1.051664
v -7.137463 1.849005 1.020931
v -7.154041 1.849005 0.989916
v -7.170097 1.848853 0.958628
v -7.185627 1.848549 0.927076
v -7.200626 1.848094 0.895271
v -7.215090 1.847486 0.863220
v -6.999892 2.125753 1.099589
v -7.017568 2.126628 1.070834
v -7.034811 2.127285 1.041811
v -7.051616 2.127723 1.012529
v -7.067978 2.127942 0.982995
v -7.083895 2.127942 0.953218
v -7.099361 2.127723 0.923204
v -7.114371 2.127285 0.892963
v -7.128923 2.126628 0.862502
v -7.143012 2.125753 0.831830
v -6.902342 2.390496 1.036915
v -6.918719 2.391496 1.009797
v -6.934744 2.392247 0.982462
v -6.950410 2.392747 0.954914
v -6.965715 2.392998 0.927161
v -6.980657 2.392998 0.899209
v -6.995229 2.392747 0.871064
v -7.009430 2.392247 0.842733
v -7.023256 2.391496 0.814223
v -7.036705 2.390496 0.785540
v -6.775283 2.636752 0.955273
v -6.790073 2.637755 0.930349
v -6.804588 2.638508 0.905255
v -6.818824 2.639009 0.879996
v -6.832778 2.639260 0.854576
v -6.846448 2.639260 0.829001
v -6.859831 2.639009 0.803276
v -6.872924 2.638508 0.777406
v -6.885725 2.637755 0.751396
v -6.898231 2.636752 0.725252
v -6.577658 0.195853 1.205023
v -6.597027 0.194850 1.183464
v -6.616158 0.194097 1.161684
v -6.635048 0.193596 1.139688
v -6.653693 0.193345 1.117478
v -6.672091 0.193345 1.095062
v -6.690235 0.193596 1.072442
v -6.708124 0.194097 1.049623
v -6.725753 0.194850 1.026611
v -6.743119 0.195853 1.003408
v -6.686348 0.442109 1.309885
v -6.707702 0.441109 1.286484
v -6.728751 0.440358 1.262800
v -6.749491 0.439858 1.238837
v -6.769916 0.439608 1.214603
v -6.790023 0.439607 1.190103
v -6.809807 0.439858 1.165342
v -6.829262 0.440358 1.140326
v -6.848385 0.441109 1.115061
v -6.867170 0.442109 1.089552
v -6.769797 0.706852 1.390385
v -6.792744 0.705977 1.365632
v -6.815317 0.705320 1.340531
v -6.837512 0.704882 1.315090
v -6.859322 0.704663 1.289315
v -6.880742 0.704663 1.263215
v -6.901766 0.704882 1.236796
v -6.922388 0.705320 1.210064
v -6.942602 0.705977 1.183027
v -6.962404 0.706852 1.155693
v -6.826381 0.985119 1.444964
v -6.850456 0.984511 1.419337
v -6.874101 0.984056 1.393308
v -6.897308 0.983752 1.366886
v -6.920070 0.983600 1.340078
v -6.942380 0.983600 1.312893
v -6.964232 0.983752 1.285339
v -6.985620 0.984056 1.257423
v -7.006536 0.984512 1.229155
v -7.026974 0.985119 1.200542
v -6.854968 1.271648 1.472535
v -6.879635 1.271429 1.446484
v -6.903836 1.271265 1.420000
v -6.927564 1.271156 1.393091
v -6.950811 1.271101 1.365765
v -6.973572 1.271101 1.338032
v -6.995836 1.271156 1.309900
v -7.017599 1.271265 1.281378
v -7.038854 1.271429 1.252475
v -7.059592 1.271648 1.223200
v -6.854968 1.560958 1.472536
v -6.879635 1.561176 1.446484
v -6.903836 1.561340 1.420000
v -6.927564 1.561450 1.393091
v -6.950811 1.561504 1.365765
v -6.973572 1.561504 1.338032
v -6.995836 1.561450 1.309900
v -7.017599 1.561340 1.281379
v -7.038854 1.561176 1.252476
v -7.059592 1.560958 1.223201
v -6.826381 1.847486 1.444964
v -6.850457 1.848094 1.419337
v -6.874102 1.848549 1.393308
v -6.897308 1.848853 1.366886
v -6.920070 1.849005 1.340078
v -6.942380 1.849005 1.312893
v -6.964232 1.848853 1.285338
v -6.985620 1.848549 1.257423
v -7.006536 1.848094 1.229155
v -7.026974 1.847486 1.200542
v -6.769797 2.125754 1.390385
v -6.792743 2.126629 1.365631
v -6.815317 2.127285 1.340531
v -6.837512 2.127723 1.315090
v -6.859322 2.127942 1.289315
v -6.880742 2.127942 1.263215
v -6.901766 2.127723 1.236796
v -6.922388 2.127285 1.210064
v -6.942602 2.126629 1.183027
v -6.962404 2.125753 1.155693
v -6.686348 2.390496 1.309884
v -6.707702 2.391496 1.286483
v -6.728751 2.392247 1.262799
v -6.749491 2.392747 1.238837
v -6.769916 2.392997 1.214603
v -6.790023 2.392997 1.190103
v -6.809807 2.392747 1.165341
v -6.829262 2.392247 1.140325
v -6.848385 2.391496 1.115060
v -6.867170 2.390496 1.089552
v -6.577658 2.636752 1.205023
v -6.597027 2.637755 1.183464
v -6.616158 2.638508 1.161684
v -6.635048 2.639009 1.139687
v -6.653693 2.639260 1.117478
v -6.672091 2.639260 1.095062
v -6.690235 2.639009 1.072442
v -6.708124 2.638508 1.049623
v -6.725754 2.637755 1.026611
v -6.743120 2.636752 1.003408
v -6.335108 0.195853 1.411420
v -6.358310 0.194850 1.394053
v -6.381324 0.194098 1.376424
v -6.404141 0.193596 1.358536
v -6.426762 0.193345 1.340391
v -6.449178 0.193345 1.321995
v -6.471387 0.193596 1.303349
v -6.493383 0.194098 1.284459
v -6.515163 0.194850 1.265328
v -6.536722 0.195853 1.245959
v -6.421252 0.442109 1.535470
v -6.446760 0.441109 1.516685
v -6.472026 0.440358 1.497563
v -6.497041 0.439858 1.478107
v -6.521802 0.439607 1.458324
v -6.546303 0.439607 1.438217
v -6.570537 0.439858 1.417791
v -6.594499 0.440358 1.397051
v -6.618182 0.441109 1.376002
v -6.641583 0.442109 1.354649
v -6.487393 0.706852 1.630704
v -6.514727 0.705977 1.610903
v -6.541764 0.705320 1.590688
v -6.568496 0.704882 1.570066
v -6.594915 0.704664 1.549042
v -6.621016 0.704663 1.527623
v -6.646790 0.704882 1.505812
v -6.672230 0.705320 1.483618
v -6.697331 0.705976 1.461044
v -6.722085 0.706852 1.438098
v -6.532241 0.985119 1.695274
v -6.560854 0.984511 1.674835
v -6.589122 0.984056 1.653920
v -6.617038 0.983752 1.632533
v -6.644592 0.983600 1.610681
v -6.671777 0.983600 1.588371
v -6.698585 0.983752 1.565609
v -6.725007 0.984056 1.542402
v -6.751036 0.984511 1.518758
v -6.776663 0.985119 1.494682
v -6.554900 1.271648 1.727892
v -6.584175 1.271429 1.707153
v -6.613078 1.271265 1.685899
v -6.641600 1.271156 1.664137
v -6.669731 1.271101 1.641872
v -6.697465 1.271101 1.619112
v -6.724790 1.271156 1.595864
v -6.751699 1.271265 1.572137
v -6.778183 1.271429 1.547935
v -6.804235 1.271648 1.523269
v -6.554901 1.560958 1.727892
v -6.584175 1.561176 1.707154
v -6.613079 1.561340 1.685900
v -6.641600 1.561450 1.664137
v -6.669732 1.561504 1.641872
v -6.697465 1.561504 1.619112
v -6.724790 1.561450 1.595865
v -6.751699 1.561340 1.572137
v -6.778184 1.561176 1.547935
v -6.804235 1.560958 1.523269
v -6.532241 1.847486 1.695274
v -6.560854 1.848094 1.674835
v -6.589122 1.848549 1.653920
v -6.617038 1.848853 1.632533
v -6.644591 1.849005 1.610681
v -6.671777 1.849005 1.588371
v -6.698585 1.848853 1.565609
v -6.725007 1.848549 1.542402
v -6.751036 1.848094 1.518758
v -6.776663 1.847486 1.494682
v -6.487393 2.125753 1.630704
v -6.514727 2.126629 1.610902
v -6.541763 2.127285 1.590688
v -6.568496 2.127723 1.570066
v -6.594914 2.127942 1.549042
v -6.621015 2.127942 1.527622
v -6.646789 2.127723 1.505812
v -6.672230 2.127285 1.483617
v -6.697330 2.126629 1.461044
v -6.722085 2.125754 1.438098
v -6.421252 2.390496 1.535470
v -6.446760 2.391496 1.516685
v -6.472026 2.392247 1.497562
v -6.497041 2.392747 1.478106
v -6.521802 2.392997 1.458323
v -6.546303 2.392998 1.438216
v -6.570537 2.392747 1.417791
v -6.594499 2.392247 1.397051
v -6.618182 2.391496 1.376002
v -6.641583 2.390496 1.354649
v -6.335108 2.636752 1.411420
v -6.358311 2.637755 1.394053
v -6.381324 2.638508 1.376424
v -6.404142 2.639009 1.358536
v -6.426762 2.639260 1.340391
v -6.449178 2.639260 1.321994
v -6.471387 2.639009 1.303349
v -6.493383 2.638508 1.284459
v -6.515163 2.637755 1.265327
v -6.536722 2.636752 1.245959
v -6.056952 0.195853 1.566532
v -6.083096 0.194850 1.554026
v -6.109107 0.194097 1.541225
v -6.134976 0.193596 1.528131
v -6.160701 0.193345 1.514748
v -6.186276 0.193345 1.501078
v -6.211696 0.193596 1.487124
v -6.236955 0.194098 1.472888
v -6.262049 0.194850 1.458373
v -6.286973 0.195853 1.443583
v -6.117239 0.442109 1.705004
v -6.145922 0.441109 1.691556
v -6.174432 0.440358 1.677730
v -6.202763 0.439858 1.663529
v -6.230908 0.439607 1.648956
v -6.258861 0.439607 1.634015
v -6.286613 0.439858 1.618710
v -6.314162 0.440358 1.603043
v -6.341497 0.441109 1.587019
v -6.368614 0.442109 1.570642
v -6.163529 0.706852 1.811312
v -6.194201 0.705977 1.797223
v -6.224663 0.705320 1.782672
v -6.254904 0.704882 1.767661
v -6.284918 0.704663 1.752196
v -6.314695 0.704663 1.736279
v -6.344229 0.704882 1.719916
v -6.373511 0.705320 1.703111
v -6.402534 0.705977 1.685868
v -6.431289 0.706852 1.668192
v -6.194920 0.985119 1.883390
v -6.226970 0.984511 1.868927
v -6.258776 0.984056 1.853928
v -6.290327 0.983752 1.838398
v -6.321615 0.983600 1.822341
v -6.352631 0.983600 1.805763
v -6.383364 0.983752 1.788669
v -6.413805 0.984056 1.771063
v -6.443947 0.984511 1.752950
v -6.473779 0.985119 1.734337
v -6.210778 1.271648 1.919802
v -6.243537 1.271429 1.905174
v -6.276031 1.271265 1.889967
v -6.308251 1.271156 1.874186
v -6.340186 1.271101 1.857837
v -6.371827 1.271101 1.840925
v -6.403162 1.271156 1.823455
v -6.434184 1.271265 1.805432
v -6.464881 1.271429 1.786863
v -6.495244 1.271648 1.767753
v -6.210779 1.560958 1.919802
v -6.243537 1.561176 1.905174
v -6.276032 1.561340 1.889967
v -6.308251 1.561450 1.874186
v -6.340187 1.561504 1.857837
v -6.371827 1.561504 1.840925
v -6.403163 1.561450 1.823455
v -6.434184 1.561340 1.805433
v -6.464881 1.561176 1.786863
v -6.495244 1.560958 1.767753
v -6.194920 1.847486 1.883390
v -6.226970 1.848094 1.868927
v -6.258776 1.848549 1.853928
v -6.290327 1.848853 1.838398
v -6.321615 1.849005 1.822341
v -6.352631 1.849005 1.805763
v -6.383364 1.848853 1.788669
v -6.413806 1.848549 1.771062
v -6.443947 1.848094 1.752950
v -6.473779 1.847486 1.734337
v -6.163529 2.125754 1.811312
v -6.194201 2.126629 1.797223
v -6.224662 2.127286 1.782672
v -6.254904 2.127723 1.767661
v -6.284917 2.127942 1.752195
v -6.314695 2.127942 1.736279
v -6.344229 2.127723 1.719916
v -6.373511 2.127285 1.703110
v -6.402534 2.126629 1.685868
v -6.431289 2.125754 1.668192
v -6.117239 2.390496 1.705004
v -6.145922 2.391497 1.691556
v -6.174432 2.392247 1.677730
v -6.202763 2.392748 1.663529
v -6.230908 2.392998 1.648956
v -6.258861 2.392998 1.634015
v -6.286613 2.392748 1.618709
v -6.314162 2.392247 1.603043
v -6.341497 2.391496 1.587019
v -6.368615 2.390496 1.570641
v -6.056952 2.636752 1.566531
v -6.083096 2.637755 1.554025
v -6.109107 2.638508 1.541224
v -6.134976 2.639009 1.528131
v -6.160701 2.639260 1.514748
v -6.186276 2.639260 1.501078
v -6.211696 2.639009 1.487123
v -6.236955 2.638507 1.472888
v -6.262049 2.637755 1.458373
v -6.286973 2.636752 1.443583
v -5.753879 0.195853 1.664397
v -5.781960 0.194850 1.657232
v -5.809968 0.194098 1.649751
v -5.837895 0.193596 1.641957
v -5.865737 0.193345 1.633849
v -5.893487 0.193345 1.625431
v -5.921141 0.193596 1.616704
v -5.948692 0.194098 1.607670
v -5.976136 0.194850 1.598330
v -6.003466 0.195853 1.588686
v -5.785993 0.442109 1.811971
v -5.816748 0.441109 1.804377
v -5.847408 0.440358 1.796378
v -5.877965 0.439858 1.787977
v -5.908412 0.439608 1.779175
v -5.938743 0.439608 1.769975
v -5.968948 0.439858 1.760378
v -5.999023 0.440358 1.750387
v -6.028959 0.441109 1.740004
v -6.058751 0.442109 1.729231
v -5.810654 0.706852 1.925267
v -5.843486 0.705976 1.917433
v -5.876201 0.705320 1.909103
v -5.908789 0.704882 1.900281
v -5.941243 0.704663 1.890967
v -5.973554 0.704663 1.881166
v -6.005713 0.704882 1.870879
v -6.037710 0.705320 1.860110
v -6.069539 0.705976 1.848861
v -6.101190 0.706852 1.837134
v -5.827380 0.985119 2.002084
v -5.861636 0.984512 1.994151
v -5.895757 0.984056 1.985645
v -5.929731 0.983752 1.976569
v -5.963551 0.983600 1.966925
v -5.997205 0.983600 1.956716
v -6.030682 0.983752 1.945946
v -6.063974 0.984056 1.934617
v -6.097070 0.984512 1.922733
v -6.129960 0.985119 1.910298
v -5.835831 1.271648 2.040890
v -5.870813 1.271429 2.032933
v -5.905650 1.271265 2.024358
v -5.940329 1.271156 2.015167
v -5.974840 1.271101 2.005362
v -6.009172 1.271101 1.994948
v -6.043314 1.271156 1.983927
v -6.077255 1.271265 1.972302
v -6.110985 1.271429 1.960078
v -6.144492 1.271648 1.947259
v -5.835831 1.560958 2.040890
v -5.870813 1.561176 2.032934
v -5.905650 1.561340 2.024358
v -5.940330 1.561450 2.015167
v -5.974840 1.561504 2.005362
v -6.009172 1.561504 1.994948
v -6.043314 1.561450 1.983927
v -6.077255 1.561340 1.972303
v -6.110985 1.561176 1.960079
v -6.144493 1.560958 1.947260
v -5.827380 1.847486 2.002084
v -5.861636 1.848094 1.994151
v -5.895757 1.848549 1.985645
v -5.929732 1.848853 1.976569
v -5.963551 1.849005 1.966925
v -5.997204 1.849005 1.956716
v -6.030682 1.848853 1.945946
v -6.063974 1.848549 1.934617
v -6.097070 1.848094 1.922733
v -6.129960 1.847486 1.910298
v -5.810653 2.125754 1.925266
v -5.843485 2.126629 1.917432
v -5.876200 2.127285 1.909103
v -5.908788 2.127723 1.900280
v -5.941242 2.127942 1.890967
v -5.973553 2.127942 1.881166
v -6.005712 2.127723 1.870879
v -6.037710 2.127285 1.860110
v -6.069538 2.126629 1.848860
v -6.101189 2.125754 1.837134
v -5.785993 2.390496 1.811971
v -5.816748 2.391497 1.804377
v -5.847408 2.392247 1.796378
v -5.877965 2.392748 1.787977
v -5.908412 2.392998 1.779175
v -5.938743 2.392998 1.769975
v -5.968948 2.392748 1.760378
v -5.999023 2.392247 1.750386
v -6.028959 2.391497 1.740003
v -6.058751 2.390496 1.729231
v -5.753878 2.636752 1.664397
v -5.781960 2.637755 1.657232
v -5.809968 2.638508 1.649751
v -5.837895 2.639010 1.641956
v -5.865737 2.639261 1.633849
v -5.893487 2.639261 1.625431
v -5.921141 2.639010 1.616704
v -5.948692 2.638508 1.607670
v -5.976136 2.637756 1.598330
v -6.003466 2.636752 1.588686
v -5.437536 0.195853 1.701256
v -5.466477 0.194850 1.699707
v -5.495406 0.194098 1.697834
v -5.524317 0.193596 1.695637
v -5.553205 0.193345 1.693117
v -5.582065 0.193345 1.690275
v -5.610890 0.193596 1.687111
v -5.639674 0.194097 1.683625
v -5.668412 0.194850 1.679818
v -5.697099 0.195853 1.675691
v -5.440244 0.442109 1.852259
v -5.471890 0.441109 1.850811
v -5.503521 0.440358 1.848948
v -5.535130 0.439858 1.846670
v -5.566709 0.439608 1.843977
v -5.598251 0.439607 1.840870
v -5.629749 0.439858 1.837350
v -5.661196 0.440358 1.833418
v -5.692582 0.441109 1.829075
v -5.723902 0.442109 1.824321
v -5.442329 0.706852 1.968189
v -5.476058 0.705977 1.966911
v -5.509769 0.705320 1.965124
v -5.543452 0.704882 1.962828
v -5.577100 0.704664 1.960026
v -5.610702 0.704663 1.956716
v -5.644249 0.704882 1.952901
v -5.677733 0.705320 1.948581
v -5.711144 0.705976 1.943757
v -5.744475 0.706852 1.938431
v -5.443746 0.985119 2.046793
v -5.478892 0.984512 2.045696
v -5.514017 0.984056 2.044010
v -5.549109 0.983752 2.041737
v -5.584160 0.983600 2.038876
v -5.619159 0.983600 2.035429
v -5.654094 0.983752 2.031396
v -5.688957 0.984056 2.026780
v -5.723735 0.984512 2.021581
v -5.758419 0.985119 2.015801
v -5.444464 1.271648 2.086503
v -5.480327 1.271429 2.085524
v -5.516167 1.271265 2.083910
v -5.551973 1.271156 2.081660
v -5.587733 1.271101 2.078777
v -5.623438 1.271101 2.075260
v -5.659074 1.271156 2.071112
v -5.694631 1.271265 2.066332
v -5.730097 1.271429 2.060924
v -5.765462 1.271648 2.054888
v -5.444464 1.560957 2.086503
v -5.480328 1.561176 2.085524
v -5.516168 1.561340 2.083910
v -5.551973 1.561450 2.081660
v -5.587734 1.561504 2.078777
v -5.623438 1.561504 2.075260
v -5.659074 1.561450 2.071112
v -5.694631 1.561340 2.066332
v -5.730097 1.561176 2.060924
v -5.765462 1.560958 2.054888
v -5.443746 1.847486 2.046793
v -5.478892 1.848094 2.045696
v -5.514017 1.848549 2.044010
v -5.549109 1.848853 2.041736
v -5.584160 1.849005 2.038875
v -5.619159 1.849005 2.035429
v -5.654094 1.848853 2.031396
v -5.688957 1.848549 2.026780
v -5.723735 1.848094 2.021581
v -5.758419 1.847486 2.015801
v -5.442329 2.125754 1.968188
v -5.476058 2.126629 1.966910
v -5.509768 2.127285 1.965123
v -5.543452 2.127723 1.962828
v -5.577099 2.127942 1.960025
v -5.610701 2.127942 1.956716
v -5.644248 2.127723 1.952901
v -5.677732 2.127285 1.948580
v -5.711144 2.126629 1.943756
v -5.744474 2.125754 1.938430
v -5.440244 2.390496 1.852259
v -5.471890 2.391496 1.850811
v -5.503521 2.392247 1.848948
v -5.535130 2.392748 1.846669
v -5.566709 2.392998 1.843976
v -5.598251 2.392998 1.840870
v -5.629749 2.392748 1.837350
v -5.661196 2.392247 1.833418
v -5.692582 2.391497 1.829075
v -5.723902 2.390496 1.824321
v -5.437536 2.636752 1.701256
v -5.466476 2.637755 1.699707
v -5.495405 2.638508 1.697834
v -5.524317 2.639009 1.695637
v -5.553205 2.639260 1.693117
v -5.582065 2.639261 1.690275
v -5.610889 2.639009 1.687110
v -5.639674 2.638508 1.683625
v -5.668411 2.637755 1.679818
v -5.697099 2.636752 1.675691
v -5.120083 0.195853 1.675691
v -5.148769 0.194850 1.679818
v -5.177508 0.194097 1.683625
v -5.206292 0.193596 1.687111
v -5.235117 0.193345 1.690275
v -5.263976 0.193345 1.693118
v -5.292864 0.193596 1.695637
v -5.321776 0.194098 1.697834
v -5.350705 0.194850 1.699707
v -5.379645 0.195853 1.701256
v -5.093279 0.442109 1.824321
v -5.124599 0.441109 1.829075
v -5.155986 0.440358 1.833418
v -5.187432 0.439858 1.837350
v -5.218930 0.439607 1.840870
v -5.250473 0.439607 1.843977
v -5.282052 0.439858 1.846669
v -5.313661 0.440358 1.848948
v -5.345292 0.441109 1.850811
v -5.376937 0.442109 1.852259
v -5.072707 0.706852 1.938430
v -5.106038 0.705977 1.943757
v -5.139449 0.705320 1.948581
v -5.172933 0.704882 1.952901
v -5.206481 0.704664 1.956716
v -5.240083 0.704663 1.960026
v -5.273730 0.704882 1.962828
v -5.307414 0.705320 1.965124
v -5.341125 0.705977 1.966911
v -5.374853 0.706852 1.968189
v -5.058763 0.985119 2.015801
v -5.093447 0.984511 2.021581
v -5.128225 0.984056 2.026780
v -5.163087 0.983752 2.031396
v -5.198023 0.983600 2.035429
v -5.233021 0.983600 2.038876
v -5.268072 0.983752 2.041736
v -5.303165 0.984056 2.044010
v -5.338290 0.984512 2.045696
v -5.373435 0.985119 2.046793
v -5.051720 1.271647 2.054888
v -5.087085 1.271429 2.060924
v -5.122551 1.271265 2.066333
v -5.158108 1.271156 2.071112
v -5.193744 1.271101 2.075260
v -5.229447 1.271101 2.078777
v -5.265208 1.271156 2.081660
v -5.301014 1.271265 2.083910
v -5.336854 1.271429 2.085524
v -5.372716 1.271648 2.086503
v -5.051720 1.560957 2.054888
v -5.087085 1.561176 2.060924
v -5.122551 1.561340 2.066333
v -5.158108 1.561450 2.071112
v -5.193744 1.561504 2.075260
v -5.229448 1.561504 2.078777
v -5.265208 1.561450 2.081660
v -5.301014 1.561340 2.083910
v -5.336854 1.561176 2.085524
v -5.372717 1.560958 2.086504
v -5.058763 1.847486 2.015800
v -5.093447 1.848094 2.021581
v -5.128225 1.848549 2.026780
v -5.163087 1.848853 2.031396
v -5.198023 1.849005 2.035429
v -5.233021 1.849005 2.038876
v -5.268072 1.848853 2.041737
v -5.303165 1.848549 2.044010
v -5.338290 1.848094 2.045696
v -5.373435 1.847486 2.046793
v -5.072707 2.125754 1.938430
v -5.106037 2.126629 1.943757
v -5.139449 2.127285 1.948581
v -5.172933 2.127723 1.952901
v -5.206481 2.127942 1.956716
v -5.240082 2.127942 1.960025
v -5.273730 2.127723 1.962828
v -5.307413 2.127285 1.965123
v -5.341124 2.126629 1.966910
v -5.374853 2.125754 1.968189
v -5.093279 2.390496 1.824321
v -5.124599 2.391497 1.829075
v -5.155986 2.392247 1.833418
v -5.187432 2.392748 1.837350
v -5.218930 2.392998 1.840870
v -5.250473 2.392998 1.843976
v -5.282052 2.392748 1.846669
v -5.313661 2.392247 1.848948
v -5.345292 2.391497 1.850811
v -5.376937 2.390496 1.852259
v -5.120083 2.636752 1.675691
v -5.148769 2.637755 1.679818
v -5.177508 2.638508 1.683625
v -5.206292 2.639009 1.687111
v -5.235117 2.639261 1.690275
v -5.263976 2.639261 1.693117
v -5.292864 2.639010 1.695637
v -5.321775 2.638508 1.697834
v -5.350704 2.637755 1.699707
v -5.379644 2.636752 1.701256
v -4.813716 0.195853 1.588686
v -4.841046 0.194850 1.598330
v -4.868490 0.194098 1.607670
v -4.896041 0.193596 1.616704
v -4.923695 0.193345 1.625431
v -4.951445 0.193345 1.633849
v -4.979287 0.193596 1.641956
v -5.007214 0.194097 1.649751
v -5.035222 0.194850 1.657232
v -5.063303 0.195853 1.664397
v -4.758430 0.442109 1.729231
v -4.788222 0.441109 1.740004
v -4.818158 0.440358 1.750387
v -4.848233 0.439858 1.760378
v -4.878439 0.439608 1.769975
v -4.908769 0.439608 1.779175
v -4.939217 0.439858 1.787977
v -4.969774 0.440358 1.796378
v -5.000433 0.441109 1.804377
v -5.031189 0.442109 1.811971
v -4.715992 0.706852 1.837133
v -4.747643 0.705977 1.848860
v -4.779472 0.705320 1.860110
v -4.811470 0.704882 1.870879
v -4.843628 0.704663 1.881166
v -4.875939 0.704663 1.890967
v -4.908393 0.704882 1.900280
v -4.940982 0.705320 1.909103
v -4.973696 0.705976 1.917432
v -5.006528 0.706852 1.925266
v -4.687222 0.985119 1.910297
v -4.720112 0.984512 1.922733
v -4.753208 0.984056 1.934617
v -4.786500 0.983752 1.945946
v -4.819977 0.983600 1.956716
v -4.853631 0.983600 1.966925
v -4.887450 0.983752 1.976569
v -4.921425 0.984056 1.985645
v -4.955545 0.984512 1.994151
v -4.989802 0.985119 2.002084
v -4.672689 1.271648 1.947259
v -4.706196 1.271429 1.960078
v -4.739926 1.271265 1.972302
v -4.773868 1.271156 1.983926
v -4.808009 1.271101 1.994947
v -4.842341 1.271101 2.005362
v -4.876853 1.271156 2.015167
v -4.911531 1.271265 2.024358
v -4.946368 1.271429 2.032934
v -4.981351 1.271648 2.040891
v -4.672688 1.560958 1.947259
v -4.706196 1.561176 1.960078
v -4.739926 1.561340 1.972303
v -4.773867 1.561450 1.983927
v -4.808009 1.561504 1.994947
v -4.842341 1.561504 2.005363
v -4.876852 1.561450 2.015167
v -4.911531 1.561340 2.024358
v -4.946368 1.561176 2.032934
v -4.981351 1.560958 2.040891
v -4.687222 1.847486 1.910297
v -4.720112 1.848094 1.922733
v -4.753208 1.848549 1.934617
v -4.786500 1.848853 1.945946
v -4.819977 1.849005 1.956716
v -4.853631 1.849005 1.966925
v -4.887450 1.848853 1.976569
v -4.921425 1.848549 1.985645
v -4.955545 1.848094 1.994151
v -4.989802 1.847486 2.002084
v -4.715992 2.125754 1.837133
v -4.747643 2.126629 1.848860
v -4.779472 2.127285 1.860109
v -4.811470 2.127723 1.870879
v -4.843628 2.127942 1.881166
v -4.875939 2.127942 1.890967
v -4.908393 2.127723 1.900280
v -4.940982 2.127285 1.909103
v -4.973696 2.126629 1.917432
v -5.006527 2.125754 1.925266
v -4.758430 2.390496 1.729230
v -4.788222 2.391496 1.740003
v -4.818158 2.392247 1.750386
v -4.848233 2.392748 1.760377
v -4.878439 2.392998 1.769974
v -4.908769 2.392998 1.779175
v -4.939217 2.392748 1.787977
v -4.969773 2.392247 1.796378
v -5.000433 2.391496 1.804377
v -5.031189 2.390496 1.811971
v -4.813716 2.636753 1.588686
v -4.841046 2.637756 1.598329
v -4.868490 2.638508 1.607670
v -4.896041 2.639010 1.616704
v -4.923695 2.639261 1.625431
v -4.951445 2.639261 1.633849
v -4.979287 2.639010 1.641956
v -5.007214 2.638508 1.649751
v -5.035222 2.637756 1.657232
v -5.063303 2.636752 1.664397
v -4.530210 0.195853 1.443583
v -4.555133 0.194850 1.458373
v -4.580227 0.194098 1.472888
v -4.605487 0.193596 1.487124
v -4.630906 0.193345 1.501078
v -4.656481 0.193345 1.514748
v -4.682206 0.193596 1.528131
v -4.708076 0.194098 1.541225
v -4.734086 0.194850 1.554026
v -4.760231 0.195853 1.566532
v -4.448568 0.442109 1.570642
v -4.475686 0.441109 1.587019
v -4.503021 0.440358 1.603043
v -4.530569 0.439858 1.618710
v -4.558321 0.439608 1.634015
v -4.586274 0.439608 1.648956
v -4.614419 0.439858 1.663529
v -4.642750 0.440358 1.677730
v -4.671260 0.441109 1.691556
v -4.699943 0.442109 1.705005
v -4.385895 0.706852 1.668192
v -4.414649 0.705977 1.685868
v -4.443672 0.705320 1.703111
v -4.472954 0.704882 1.719916
v -4.502487 0.704664 1.736279
v -4.532265 0.704663 1.752195
v -4.562278 0.704882 1.767661
v -4.592520 0.705320 1.782671
v -4.622980 0.705977 1.797223
v -4.653653 0.706852 1.811312
v -4.343403 0.985119 1.734337
v -4.373235 0.984512 1.752950
v -4.403377 0.984056 1.771062
v -4.433818 0.983752 1.788669
v -4.464552 0.983600 1.805763
v -4.495567 0.983600 1.822341
v -4.526855 0.983752 1.838398
v -4.558406 0.984056 1.853927
v -4.590212 0.984512 1.868927
v -4.622262 0.985119 1.883390
v -4.321939 1.271648 1.767753
v -4.352302 1.271429 1.786863
v -4.382998 1.271265 1.805433
v -4.414020 1.271156 1.823455
v -4.445355 1.271101 1.840925
v -4.476995 1.271101 1.857837
v -4.508930 1.271156 1.874186
v -4.541150 1.271265 1.889967
v -4.573644 1.271429 1.905173
v -4.606402 1.271648 1.919802
v -4.321939 1.560958 1.767753
v -4.352302 1.561176 1.786863
v -4.382998 1.561340 1.805433
v -4.414020 1.561450 1.823455
v -4.445355 1.561504 1.840925
v -4.476995 1.561504 1.857837
v -4.508930 1.561450 1.874186
v -4.541150 1.561340 1.889967
v -4.573644 1.561176 1.905174
v -4.606402 1.560958 1.919802
v -4.343403 1.847486 1.734337
v -4.373235 1.848094 1.752950
v -4.403377 1.848549 1.771063
v -4.433819 1.848853 1.788669
v -4.464552 1.849005 1.805763
v -4.495567 1.849005 1.822341
v -4.526855 1.848853 1.838397
v -4.558406 1.848549 1.853927
v -4.590212 1.848094 1.868927
v -4.622262 1.847486 1.883390
v -4.385895 2.125754 1.668192
v -4.414649 2.126629 1.685868
v -4.443672 2.127286 1.703111
v -4.472954 2.127723 1.719916
v -4.502487 2.127942 1.736279
v -4.532265 2.127942 1.752195
v -4.562278 2.127723 1.767661
v -4.592520 2.127285 1.782671
v -4.622980 2.126629 1.797223
v -4.653653 2.125754 1.811311
v -4.448568 2.390496 1.570641
v -4.475686 2.391497 1.587019
v -4.503021 2.392247 1.603043
v -4.530569 2.392748 1.618709
v -4.558322 2.392998 1.634015
v -4.586274 2.392998 1.648956
v -4.614419 2.392748 1.663529
v -4.642750 2.392247 1.677730
v -4.671260 2.391496 1.691556
v -4.699943 2.390496 1.705004
v -4.530210 2.636752 1.443583
v -4.555134 2.637755 1.458373
v -4.580228 2.638508 1.472888
v -4.605487 2.639009 1.487124
v -4.630906 2.639260 1.501078
v -4.656482 2.639260 1.514748
v -4.682206 2.639009 1.528131
v -4.708076 2.638508 1.541224
v -4.734086 2.637755 1.554025
v -4.760231 2.636753 1.566531
v -4.280460 0.195853 1.245959
v -4.302019 0.194850 1.265327
v -4.323799 0.194098 1.284459
v -4.345796 0.193596 1.303349
v -4.368004 0.193345 1.321994
v -4.390421 0.193345 1.340391
v -4.413041 0.193596 1.358536
v -4.435859 0.194098 1.376424
v -4.458872 0.194850 1.394053
v -4.482074 0.195853 1.411420
v -4.175599 0.442109 1.354649
v -4.198999 0.441109 1.376002
v -4.222684 0.440358 1.397051
v -4.246645 0.439858 1.417791
v -4.270880 0.439607 1.438216
v -4.295380 0.439608 1.458323
v -4.320142 0.439858 1.478107
v -4.345158 0.440358 1.497562
v -4.370422 0.441109 1.516685
v -4.395931 0.442109 1.535470
v -4.095098 0.706852 1.438098
v -4.119852 0.705977 1.461044
v -4.144953 0.705320 1.483617
v -4.170394 0.704882 1.505812
v -4.196168 0.704664 1.527622
v -4.222268 0.704664 1.549042
v -4.248688 0.704882 1.570066
v -4.275419 0.705320 1.590688
v -4.302456 0.705977 1.610903
v -4.329790 0.706852 1.630704
v -4.040519 0.985119 1.494682
v -4.066146 0.984512 1.518757
v -4.092175 0.984056 1.542402
v -4.118597 0.983752 1.565609
v -4.145405 0.983600 1.588370
v -4.172590 0.983600 1.610681
v -4.200145 0.983752 1.632533
v -4.228060 0.984056 1.653920
v -4.256329 0.984512 1.674836
v -4.284941 0.985119 1.695274
v -4.012948 1.271648 1.523268
v -4.038999 1.271429 1.547935
v -4.065483 1.271265 1.572136
v -4.092392 1.271156 1.595864
v -4.119718 1.271101 1.619112
v -4.147451 1.271101 1.641872
v -4.175583 1.271156 1.664137
v -4.204104 1.271265 1.685900
v -4.233008 1.271429 1.707154
v -4.262282 1.271648 1.727892
v -4.012948 1.560957 1.523269
v -4.038999 1.561176 1.547935
v -4.065483 1.561340 1.572136
v -4.092392 1.561450 1.595864
v -4.119718 1.561504 1.619112
v -4.147451 1.561504 1.641872
v -4.175583 1.561450 1.664137
v -4.204105 1.561340 1.685900
v -4.233007 1.561176 1.707154
v -4.262282 1.560958 1.727892
v -4.040519 1.847486 1.494681
v -4.066146 1.848094 1.518757
v -4.092175 1.848549 1.542402
v -4.118598 1.848853 1.565609
v -4.145405 1.849005 1.588370
v -4.172590 1.849005 1.610681
v -4.200145 1.848853 1.632533
v -4.228060 1.848549 1.653920
v -4.256329 1.848094 1.674835
v -4.284941 1.847486 1.695274
v -4.095098 2.125753 1.438097
v -4.119852 2.126628 1.461043
v -4.144953 2.127285 1.483617
v -4.170394 2.127723 1.505812
v -4.196168 2.127942 1.527622
v -4.222268 2.127942 1.549042
v -4.248688 2.127723 1.570066
v -4.275420 2.127285 1.590688
v -4.302456 2.126629 1.610903
v -4.329791 2.125754 1.630704
v -4.175599 2.390496 1.354648
v -4.199000 2.391496 1.376002
v -4.222684 2.392247 1.397051
v -4.246646 2.392747 1.417791
v -4.270880 2.392998 1.438216
v -4.295381 2.392998 1.458323
v -4.320141 2.392747 1.478107
v -4.345158 2.392247 1.497562
v -4.370422 2.391497 1.516685
v -4.395931 2.390496 1.535470
v -4.280460 2.636752 1.245959
v -4.302019 2.637755 1.265327
v -4.323799 2.638508 1.284459
v -4.345796 2.639009 1.303349
v -4.368005 2.639260 1.321994
v -4.390421 2.639260 1.340391
v -4.413041 2.639009 1.358536
v -4.435860 2.638508 1.376424
v -4.458872 2.637755 1.394053
v -4.482075 2.636752 1.411420
v -4.074063 0.195853 1.003408
v -4.091430 0.194850 1.026610
v -4.109058 0.194098 1.049623
v -4.126947 0.193596 1.072442
v -4.145092 0.193345 1.095062
v -4.163488 0.193345 1.117478
v -4.182134 0.193596 1.139687
v -4.201024 0.194098 1.161684
v -4.220155 0.194850 1.183464
v -4.239524 0.195853 1.205023
v -3.950012 0.442109 1.089552
v -3.968798 0.441109 1.115060
v -3.987921 0.440358 1.140326
v -4.007376 0.439858 1.165342
v -4.027160 0.439608 1.190103
v -4.047266 0.439607 1.214603
v -4.067692 0.439858 1.238837
v -4.088432 0.440358 1.262799
v -4.109481 0.441109 1.286483
v -4.130834 0.442109 1.309884
v -3.854779 0.706852 1.155693
v -3.874580 0.705977 1.183027
v -3.894795 0.705320 1.210064
v -3.915417 0.704882 1.236796
v -3.936440 0.704664 1.263215
v -3.957861 0.704663 1.289315
v -3.979671 0.704882 1.315089
v -4.001866 0.705320 1.340530
v -4.024439 0.705977 1.365631
v -4.047385 0.706852 1.390385
v -3.790209 0.985119 1.200542
v -3.810647 0.984512 1.229154
v -3.831563 0.984056 1.257423
v -3.852950 0.983752 1.285338
v -3.874802 0.983600 1.312892
v -3.897112 0.983600 1.340078
v -3.919874 0.983752 1.366885
v -3.943080 0.984056 1.393307
v -3.966725 0.984512 1.419336
v -3.990800 0.985119 1.444964
v -3.757590 1.271648 1.223200
v -3.778329 1.271429 1.252475
v -3.799583 1.271265 1.281378
v -3.821346 1.271156 1.309900
v -3.843611 1.271101 1.338032
v -3.866371 1.271101 1.365765
v -3.889618 1.271156 1.393090
v -3.913347 1.271265 1.420000
v -3.937548 1.271429 1.446484
v -3.962214 1.271648 1.472535
v -3.757591 1.560958 1.223200
v -3.778329 1.561176 1.252475
v -3.799583 1.561340 1.281378
v -3.821346 1.561450 1.309900
v -3.843611 1.561504 1.338032
v -3.866371 1.561504 1.365765
v -3.889619 1.561450 1.393090
v -3.913347 1.561340 1.419999
v -3.937548 1.561176 1.446484
v -3.962214 1.560958 1.472535
v -3.790209 1.847487 1.200542
v -3.810647 1.848094 1.229154
v -3.831563 1.848550 1.257423
v -3.852950 1.848853 1.285338
v -3.874802 1.849005 1.312892
v -3.897112 1.849005 1.340078
v -3.919874 1.848853 1.366885
v -3.943081 1.848549 1.393307
v -3.966725 1.848094 1.419336
v -3.990801 1.847486 1.444964
v -3.854779 2.125754 1.155692
v -3.874580 2.126629 1.183027
v -3.894795 2.127285 1.210064
v -3.915417 2.127723 1.236795
v -3.936441 2.127942 1.263215
v -3.957861 2.127942 1.289315
v -3.979671 2.127723 1.315089
v -4.001866 2.127285 1.340530
v -4.024440 2.126628 1.365631
v -4.047386 2.125753 1.390385
v -3.950012 2.390496 1.089552
v -3.968798 2.391497 1.115060
v -3.987921 2.392247 1.140325
v -4.007376 2.392747 1.165341
v -4.027160 2.392998 1.190102
v -4.047266 2.392998 1.214603
v -4.067693 2.392747 1.238837
v -4.088432 2.392247 1.262799
v -4.109481 2.391496 1.286483
v -4.130835 2.390496 1.309884
v -4.074063 2.636753 1.003408
v -4.091429 2.637755 1.026610
v -4.109058 2.638508 1.049623
v -4.126947 2.639009 1.072442
v -4.145092 2.639260 1.095062
v -4.163488 2.639260 1.117478
v -4.182134 2.639009 1.139687
v -4.201024 2.638508 1.161684
v -4.220155 2.637755 1.183464
v -4.239524 2.636752 1.205023
v -3.918951 0.195853 0.725252
v -3.931457 0.194850 0.751397
v -3.944258 0.194098 0.777407
v -3.957352 0.193596 0.803276
v -3.970735 0.193345 0.829001
v -3.984405 0.193345 0.854576
v -3.998359 0.193596 0.879996
v -4.012595 0.194098 0.905255
v -4.027110 0.194850 0.930349
v -4.041900 0.195853 0.955273
v -3.780479 0.442109 0.785540
v -3.793927 0.441109 0.814223
v -3.807753 0.440358 0.842733
v -3.821954 0.439858 0.871064
v -3.836527 0.439608 0.899209
v -3.851468 0.439608 0.927161
v -3.866773 0.439858 0.954914
v -3.882440 0.440358 0.982462
v -3.898464 0.441109 1.009798
v -3.914841 0.442109 1.036915
v -3.674171 0.706852 0.831830
v -3.688260 0.705977 0.862502
v -3.702811 0.705320 0.892963
v -3.717822 0.704882 0.923204
v -3.733287 0.704663 0.953218
v -3.749204 0.704663 0.982995
v -3.765567 0.704882 1.012529
v -3.782372 0.705320 1.041811
v -3.799615 0.705977 1.070834
v -3.817291 0.706852 1.099588
v -3.602093 0.985119 0.863220
v -3.616556 0.984512 0.895271
v -3.631555 0.984056 0.927076
v -3.647085 0.983752 0.958628
v -3.663141 0.983600 0.989916
v -3.679719 0.983600 1.020931
v -3.696814 0.983752 1.051664
v -3.714420 0.984056 1.082106
v -3.732533 0.984512 1.112247
v -3.751146 0.985119 1.142079
v -3.565681 1.271648 0.879080
v -3.580309 1.271429 0.911838
v -3.595516 1.271265 0.944332
v -3.611297 1.271156 0.976552
v -3.627645 1.271101 1.008487
v -3.644557 1.271101 1.040127
v -3.662028 1.271156 1.071463
v -3.680050 1.271265 1.102484
v -3.698619 1.271429 1.133181
v -3.717729 1.271648 1.163544
v -3.565681 1.560958 0.879080
v -3.580309 1.561176 0.911838
v -3.595516 1.561340 0.944332
v -3.611297 1.561450 0.976552
v -3.627645 1.561504 1.008487
v -3.644558 1.561504 1.040127
v -3.662027 1.561450 1.071463
v -3.680050 1.561340 1.102484
v -3.698619 1.561176 1.133182
v -3.717730 1.560958 1.163544
v -3.602093 1.847486 0.863220
v -3.616556 1.848094 0.895270
v -3.631555 1.848549 0.927076
v -3.647085 1.848853 0.958628
v -3.663141 1.849005 0.989916
v -3.679719 1.849005 1.020931
v -3.696814 1.848853 1.051664
v -3.714420 1.848550 1.082106
v -3.732533 1.848094 1.112247
v -3.751145 1.847487 1.142080
v -3.674172 2.125753 0.831830
v -3.688260 2.126628 0.862502
v -3.702812 2.127285 0.892963
v -3.717822 2.127723 0.923204
v -3.733288 2.127942 0.953217
v -3.749204 2.127942 0.982995
v -3.765567 2.127723 1.012529
v -3.782372 2.127285 1.041811
v -3.799615 2.126629 1.070833
v -3.817291 2.125754 1.099588
v -3.780479 2.390496 0.785539
v -3.793927 2.391496 0.814222
v -3.807753 2.392247 0.842733
v -3.821954 2.392747 0.871064
v -3.836527 2.392997 0.899208
v -3.851468 2.392998 0.927161
v -3.866773 2.392747 0.954914
v -3.882440 2.392247 0.982462
v -3.898464 2.391497 1.009797
v -3.914841 2.390496 1.036914
v -3.918952 2.636752 0.725252
v -3.931458 2.637755 0.751396
v -3.944259 2.638508 0.777406
v -3.957352 2.639009 0.803276
v -3.970735 2.639260 0.829001
v -3.984405 2.639260 0.854576
v -3.998359 2.639009 0.879996
v -4.012595 2.638508 0.905255
v -4.027110 2.637755 0.930349
v -4.041900 2.636752 0.955273
v -3.821086 0.195853 0.422179
v -3.828251 0.194850 0.450261
v -3.835732 0.194097 0.478269
v -3.843526 0.193596 0.506196
v -3.851633 0.193345 0.534038
v -3.860051 0.193345 0.561788
v -3.868778 0.193596 0.589442
v -3.877813 0.194098 0.616993
v -3.887153 0.194850 0.644437
v -3.896797 0.195853 0.671767
v -3.673512 0.442109 0.454294
v -3.681106 0.441109 0.485049
v -3.689105 0.440358 0.515709
v -3.697506 0.439858 0.546266
v -3.706308 0.439608 0.576713
v -3.715508 0.439607 0.607044
v -3.725105 0.439858 0.637250
v -3.735096 0.440358 0.667324
v -3.745479 0.441109 0.697261
v -3.756252 0.442109 0.727052
v -3.560216 0.706852 0.478955
v -3.568050 0.705976 0.511787
v -3.576380 0.705320 0.544501
v -3.585202 0.704882 0.577090
v -3.594516 0.704663 0.609544
v -3.604317 0.704663 0.641854
v -3.614604 0.704882 0.674013
v -3.625373 0.705320 0.706011
v -3.636623 0.705977 0.737839
v -3.648349 0.706852 0.769490
v -3.483399 0.985119 0.495681
v -3.491332 0.984512 0.529937
v -3.499837 0.984056 0.564058
v -3.508914 0.983752 0.598033
v -3.518558 0.983600 0.631852
v -3.528767 0.983600 0.665505
v -3.539537 0.983752 0.698983
v -3.550866 0.984056 0.732275
v -3.562750 0.984512 0.765371
v -3.575185 0.985119 0.798261
v -3.444592 1.271647 0.504132
v -3.452549 1.271429 0.539115
v -3.461125 1.271265 0.573951
v -3.470316 1.271156 0.608630
v -3.480121 1.271101 0.643141
v -3.490535 1.271101 0.677473
v -3.501556 1.271156 0.711615
v -3.513181 1.271265 0.745556
v -3.525404 1.271429 0.779286
v -3.538224 1.271648 0.812793
v -3.444592 1.560957 0.504132
v -3.452549 1.561176 0.539115
v -3.461125 1.561340 0.573951
v -3.470316 1.561450 0.608630
v -3.480121 1.561504 0.643141
v -3.490535 1.561504 0.677473
v -3.501556 1.561450 0.711615
v -3.513181 1.561340 0.745556
v -3.525404 1.561176 0.779286
v -3.538224 1.560958 0.812793
v -3.483399 1.847486 0.495681
v -3.491332 1.848094 0.529937
v -3.499837 1.848549 0.564057
v -3.508914 1.848853 0.598033
v -3.518558 1.849005 0.631852
v -3.528767 1.849005 0.665505
v -3.539537 1.848853 0.698983
v -3.550866 1.848549 0.732275
v -3.562750 1.848094 0.765370
v -3.575186 1.847486 0.798261
v -3.560217 2.125754 0.478955
v -3.568051 2.126629 0.511787
v -3.576380 2.127285 0.544501
v -3.585202 2.127723 0.577090
v -3.594516 2.127942 0.609544
v -3.604317 2.127942 0.641854
v -3.614604 2.127723 0.674013
v -3.625374 2.127285 0.706011
v -3.636623 2.126628 0.737839
v -3.648350 2.125753 0.769490
v -3.673512 2.390496 0.454294
v -3.681106 2.391496 0.485049
v -3.689105 2.392247 0.515709
v -3.697506 2.392747 0.546266
v -3.706308 2.392998 0.576713
v -3.715508 2.392998 0.607043
v -3.725105 2.392747 0.637249
v -3.735096 2.392247 0.667324
v -3.745480 2.391496 0.697260
v -3.756252 2.390496 0.727052
v -3.821086 2.636752 0.422179
v -3.828251 2.637755 0.450261
v -3.835732 2.638508 0.478269
v -3.843526 2.639009 0.506196
v -3.851634 2.639260 0.534038
v -3.860051 2.639260 0.561788
v -3.868778 2.639009 0.589442
v -3.877813 2.638507 0.616993
v -3.887153 2.637755 0.644436
v -3.896797 2.636752 0.671767
v -3.784227 0.195853 0.105838
v -3.785776 0.194850 0.134778
v -3.787649 0.194097 0.163707
v -3.789845 0.193596 0.192618
v -3.792365 0.193345 0.221507
v -3.795208 0.193345 0.250366
v -3.798372 0.193596 0.279191
v -3.801858 0.194097 0.307975
v -3.805665 0.194850 0.336713
v -3.809792 0.195853 0.365400
v -3.633224 0.442109 0.108545
v -3.634672 0.441109 0.140191
v -3.636535 0.440358 0.171822
v -3.638813 0.439858 0.203431
v -3.641506 0.439607 0.235010
v -3.644613 0.439607 0.266553
v -3.648133 0.439858 0.298050
v -3.652065 0.440358 0.329496
v -3.656408 0.441109 0.360883
v -3.661162 0.442109 0.392204
v -3.517294 0.706852 0.110630
v -3.518572 0.705976 0.144359
v -3.520360 0.705320 0.178070
v -3.522655 0.704882 0.211753
v -3.525457 0.704663 0.245400
v -3.528767 0.704663 0.279002
v -3.532582 0.704882 0.312550
v -3.536902 0.705320 0.346034
v -3.541726 0.705976 0.379446
v -3.547053 0.706851 0.412776
v -3.438689 0.985119 0.112048
v -3.439786 0.984511 0.147193
v -3.441472 0.984056 0.182318
v -3.443746 0.983752 0.217411
v -3.446607 0.983600 0.252461
v -3.450054 0.983600 0.287460
v -3.454086 0.983752 0.322395
v -3.458703 0.984056 0.357257
v -3.463902 0.984511 0.392036
v -3.469682 0.985119 0.426720
v -3.398980 1.271647 0.112766
v -3.399959 1.271429 0.148629
v -3.401574 1.271265 0.184469
v -3.403823 1.271155 0.220275
v -3.406706 1.271101 0.256035
v -3.410223 1.271101 0.291739
v -3.414371 1.271155 0.327375
v -3.419151 1.271265 0.362932
v -3.424559 1.271429 0.398398
v -3.430595 1.271647 0.433763
v -3.398980 1.560957 0.112766
v -3.399959 1.561176 0.148629
v -3.401574 1.561340 0.184469
v -3.403823 1.561449 0.220275
v -3.406706 1.561504 0.256035
v -3.410223 1.561504 0.291739
v -3.414371 1.561449 0.327375
v -3.419151 1.561340 0.362932
v -3.424559 1.561176 0.398398
v -3.430595 1.560957 0.433763
v -3.438689 1.847486 0.112048
v -3.439787 1.848094 0.147193
v -3.441473 1.848549 0.182318
v -3.443746 1.848853 0.217411
v -3.446607 1.849005 0.252461
v -3.450054 1.849005 0.287460
v -3.454086 1.848853 0.322395
v -3.458703 1.848549 0.357257
v -3.463902 1.848094 0.392036
v -3.469682 1.847486 0.426720
v -3.517294 2.125753 0.110630
v -3.518572 2.126629 0.144359
v -3.520359 2.127285 0.178070
v -3.522655 2.127723 0.211753
v -3.525457 2.127942 0.245400
v -3.528767 2.127942 0.279002
v -3.532582 2.127723 0.312550
v -3.536902 2.127285 0.346034
v -3.541726 2.126629 0.379445
v -3.547052 2.125754 0.412776
v -3.633224 2.390496 0.108545
v -3.634672 2.391496 0.140191
v -3.636535 2.392247 0.171822
v -3.638813 2.392747 0.203431
v -3.641506 2.392998 0.235010
v -3.644613 2.392998 0.266553
v -3.648133 2.392747 0.298050
v -3.652065 2.392247 0.329496
v -3.656408 2.391496 0.360883
v -3.661162 2.390496 0.392204
v -3.784227 2.636752 0.105838
v -3.785776 2.637755 0.134778
v -3.787649 2.638508 0.163707
v -3.789846 2.639009 0.192618
v -3.792365 2.639260 0.221506
v -3.795208 2.639260 0.250366
v -3.798372 2.639009 0.279191
v -3.801858 2.638508 0.307975
v -3.805665 2.637755 0.336713
v -3.809792 2.636752 0.365400
v -3.809791 0.195853 -0.211617
v -3.805665 0.194850 -0.182930
v -3.801858 0.194097 -0.154192
v -3.798372 0.193596 -0.125407
v -3.795208 0.193345 -0.096583
v -3.792365 0.193345 -0.067723
v -3.789845 0.193596 -0.038835
v -3.787649 0.194097 -0.009923
v -3.785776 0.194850 0.019006
v -3.784227 0.195853 0.047946
v -3.661162 0.442109 -0.238421
v -3.656408 0.441109 -0.207100
v -3.652065 0.440358 -0.175713
v -3.648133 0.439858 -0.144267
v -3.644613 0.439608 -0.112769
v -3.641506 0.439607 -0.081227
v -3.638813 0.439858 -0.049648
v -3.636535 0.440358 -0.018039
v -3.634672 0.441109 0.013593
v -3.633224 0.442109 0.045239
v -3.547053 0.706852 -0.258993
v -3.541727 0.705977 -0.225663
v -3.536903 0.705320 -0.192251
v -3.532582 0.704882 -0.158767
v -3.528767 0.704663 -0.125219
v -3.525457 0.704663 -0.091617
v -3.522655 0.704882 -0.057970
v -3.520360 0.705320 -0.024286
v -3.518572 0.705976 0.009425
v -3.517293 0.706851 0.043154
v -3.469682 0.985119 -0.272937
v -3.463902 0.984512 -0.238253
v -3.458703 0.984056 -0.203474
v -3.454087 0.983752 -0.168612
v -3.450054 0.983600 -0.133676
v -3.446607 0.983600 -0.098678
v -3.443746 0.983752 -0.063627
v -3.441473 0.984056 -0.028534
v -3.439787 0.984511 0.006590
v -3.438689 0.985119 0.041736
v -3.430595 1.271648 -0.279980
v -3.424559 1.271429 -0.244615
v -3.419150 1.271265 -0.209149
v -3.414371 1.271156 -0.173592
v -3.410223 1.271101 -0.137956
v -3.406706 1.271101 -0.102252
v -3.403823 1.271155 -0.066491
v -3.401573 1.271265 -0.030685
v -3.399959 1.271429 0.005155
v -3.398980 1.271648 0.041018
v -3.430595 1.560958 -0.279980
v -3.424559 1.561176 -0.244615
v -3.419151 1.561340 -0.209149
v -3.414371 1.561450 -0.173592
v -3.410223 1.561504 -0.137956
v -3.406706 1.561504 -0.102252
v -3.403823 1.561450 -0.066491
v -3.401574 1.561340 -0.030685
v -3.399959 1.561176 0.005155
v -3.398979 1.560957 0.041018
v -3.469682 1.847486 -0.272937
v -3.463902 1.848094 -0.238253
v -3.458703 1.848550 -0.203474
v -3.454087 1.848853 -0.168612
v -3.450054 1.849005 -0.133677
v -3.446607 1.849005 -0.098678
v -3.443746 1.848853 -0.063627
v -3.441473 1.848549 -0.028534
v -3.439787 1.848094 0.006590
v -3.438689 1.847486 0.041736
v -3.547053 2.125754 -0.258993
v -3.541727 2.126629 -0.225663
v -3.536903 2.127285 -0.192251
v -3.532582 2.127723 -0.158767
v -3.528767 2.127942 -0.125219
v -3.525457 2.127942 -0.091617
v -3.522655 2.127723 -0.057970
v -3.520360 2.127285 -0.024286
v -3.518572 2.126628 0.009425
v -3.517294 2.125753 0.043154
v -3.661162 2.390496 -0.238421
v -3.656408 2.391497 -0.207100
v -3.652064 2.392247 -0.175713
v -3.648133 2.392748 -0.144267
v -3.644613 2.392998 -0.112769
v -3.641506 2.392998 -0.081227
v -3.638813 2.392747 -0.049648
v -3.636535 2.392247 -0.018039
v -3.634672 2.391496 0.013592
v -3.633224 2.390496 0.045238
v -3.809792 2.636753 -0.211617
v -3.805665 2.637755 -0.182930
v -3.801858 2.638508 -0.154192
v -3.798372 2.639010 -0.125408
v -3.795208 2.639260 -0.096583
v -3.792366 2.639261 -0.067723
v -3.789846 2.639009 -0.038835
v -3.787649 2.638508 -0.009923
v -3.785776 2.637755 0.019005
v -3.784227 2.636752 0.047946
v -3.896797 0.195853 -0.517983
v -3.887153 0.194850 -0.490653
v -3.877813 0.194097 -0.463209
v -3.868778 0.193596 -0.435658
v -3.860051 0.193345 -0.408005
v -3.851633 0.193345 -0.380254
v -3.843526 0.193596 -0.352413
v -3.835732 0.194097 -0.324486
v -3.828251 0.194850 -0.296478
v -3.821086 0.195853 -0.268396
v -3.756252 0.442109 -0.573268
v -3.745479 0.441109 -0.543477
v -3.735096 0.440358 -0.513541
v -3.725105 0.439858 -0.483466
v -3.715508 0.439607 -0.453260
v -3.706307 0.439607 -0.422930
v -3.697506 0.439858 -0.392483
v -3.689105 0.440358 -0.361926
v -3.681106 0.441109 -0.331266
v -3.673512 0.442109 -0.300511
v -3.648350 0.706852 -0.615706
v -3.636623 0.705977 -0.584056
v -3.625374 0.705320 -0.552227
v -3.614604 0.704882 -0.520229
v -3.604317 0.704663 -0.488071
v -3.594516 0.704663 -0.455760
v -3.585203 0.704882 -0.423306
v -3.576380 0.705320 -0.390718
v -3.568051 0.705976 -0.358004
v -3.560217 0.706852 -0.325172
v -3.575185 0.985119 -0.644477
v -3.562750 0.984511 -0.611587
v -3.550866 0.984056 -0.578491
v -3.539537 0.983752 -0.545199
v -3.528767 0.983600 -0.511722
v -3.518558 0.983600 -0.478069
v -3.508914 0.983752 -0.444249
v -3.499838 0.984056 -0.410274
v -3.491332 0.984512 -0.376154
v -3.483399 0.985119 -0.341898
v -3.538224 1.271648 -0.659009
v -3.525404 1.271429 -0.625502
v -3.513181 1.271265 -0.591773
v -3.501557 1.271156 -0.557831
v -3.490535 1.271101 -0.523690
v -3.480121 1.271101 -0.489358
v -3.470316 1.271156 -0.454847
v -3.461125 1.271265 -0.420168
v -3.452549 1.271429 -0.385332
v -3.444592 1.271648 -0.350349
v -3.538223 1.560957 -0.659010
v -3.525404 1.561176 -0.625502
v -3.513180 1.561340 -0.591773
v -3.501556 1.561450 -0.557832
v -3.490535 1.561504 -0.523690
v -3.480121 1.561504 -0.489358
v -3.470316 1.561450 -0.454847
v -3.461125 1.561340 -0.420168
v -3.452549 1.561176 -0.385332
v -3.444592 1.560958 -0.350349
v -3.575186 1.847486 -0.644477
v -3.562750 1.848094 -0.611587
v -3.550866 1.848549 -0.578491
v -3.539537 1.848853 -0.545200
v -3.528767 1.849005 -0.511722
v -3.518558 1.849005 -0.478069
v -3.508914 1.848853 -0.444249
v -3.499838 1.848549 -0.410274
v -3.491332 1.848094 -0.376154
v -3.483399 1.847486 -0.341898
v -3.648349 2.125753 -0.615706
v -3.636623 2.126629 -0.584056
v -3.625374 2.127285 -0.552227
v -3.614604 2.127723 -0.520229
v -3.604317 2.127942 -0.488071
v -3.594516 2.127942 -0.455760
v -3.585203 2.127723 -0.423307
v -3.576380 2.127285 -0.390718
v -3.568051 2.126629 -0.358004
v -3.560217 2.125753 -0.325172
v -3.756252 2.390496 -0.573268
v -3.745479 2.391496 -0.543477
v -3.735096 2.392247 -0.513541
v -3.725105 2.392747 -0.483466
v -3.715508 2.392998 -0.453260
v -3.706308 2.392998 -0.422930
v -3.697506 2.392747 -0.392483
v -3.689105 2.392247 -0.361926
v -3.681106 2.391496 -0.331266
v -3.673512 2.390496 -0.300511
v -3.896797 2.636752 -0.517983
v -3.887153 2.637755 -0.490653
v -3.877813 2.638508 -0.463210
v -3.868779 2.639009 -0.435658
v -3.860052 2.639260 -0.408005
v -3.851634 2.639260 -0.380255
v -3.843526 2.639009 -0.352413
v -3.835732 2.638508 -0.324486
v -3.828251 2.637755 -0.296478
v -3.821086 2.636753 -0.268397
v -4.041900 0.195853 -0.801490
v -4.027110 0.194850 -0.776566
v -4.012595 0.194097 -0.751472
v -3.998359 0.193596 -0.726213
v -3.984405 0.193345 -0.700793
v -3.970735 0.193345 -0.675218
v -3.957352 0.193596 -0.649493
v -3.944258 0.194097 -0.623623
v -3.931457 0.194850 -0.597613
v -3.918951 0.195853 -0.571468
v -3.914842 0.442109 -0.883132
v -3.898464 0.441108 -0.856015
v -3.882440 0.440358 -0.828679
v -3.866773 0.439857 -0.801131
v -3.851467 0.439607 -0.773378
v -3.836527 0.439607 -0.745425
v -3.821954 0.439857 -0.717280
v -3.807753 0.440358 -0.688949
v -3.793927 0.441109 -0.660439
v -3.780478 0.442109 -0.631756
v -3.817291 0.706851 -0.945805
v -3.799615 0.705976 -0.917050
v -3.782372 0.705320 -0.888028
v -3.765567 0.704882 -0.858746
v -3.749204 0.704663 -0.829212
v -3.733288 0.704663 -0.799434
v -3.717822 0.704882 -0.769421
v -3.702811 0.705320 -0.739179
v -3.688260 0.705976 -0.708718
v -3.674171 0.706851 -0.678046
v -3.751147 0.985119 -0.988297
v -3.732533 0.984511 -0.958465
v -3.714421 0.984056 -0.928323
v -3.696815 0.983752 -0.897881
v -3.679720 0.983600 -0.867148
v -3.663142 0.983600 -0.836133
v -3.647085 0.983752 -0.804844
v -3.631555 0.984056 -0.773293
v -3.616556 0.984511 -0.741487
v -3.602092 0.985119 -0.709437
v -3.717730 1.271647 -1.009761
v -3.698620 1.271429 -0.979398
v -3.680051 1.271265 -0.948701
v -3.662028 1.271155 -0.917680
v -3.644558 1.271101 -0.886344
v -3.627645 1.271101 -0.854704
v -3.611297 1.271155 -0.822768
v -3.595516 1.271265 -0.790548
v -3.580309 1.271429 -0.758054
v -3.565681 1.271648 -0.725296
v -3.717730 1.560957 -1.009761
v -3.698620 1.561176 -0.979398
v -3.680050 1.561340 -0.948702
v -3.662028 1.561449 -0.917680
v -3.644557 1.561504 -0.886344
v -3.627645 1.561504 -0.854704
v -3.611296 1.561449 -0.822768
v -3.595516 1.561340 -0.790549
v -3.580309 1.561176 -0.758054
v -3.565680 1.560957 -0.725296
v -3.751147 1.847486 -0.988297
v -3.732533 1.848093 -0.958465
v -3.714421 1.848549 -0.928323
v -3.696815 1.848853 -0.897881
v -3.679720 1.849005 -0.867148
v -3.663142 1.849005 -0.836133
v -3.647085 1.848853 -0.804844
v -3.631556 1.848549 -0.773293
v -3.616557 1.848093 -0.741487
v -3.602093 1.847486 -0.709437
v -3.817291 2.125753 -0.945806
v -3.799615 2.126628 -0.917051
v -3.782372 2.127285 -0.888028
v -3.765567 2.127723 -0.858746
v -3.749204 2.127942 -0.829212
v -3.733288 2.127942 -0.799434
v -3.717822 2.127723 -0.769421
v -3.702811 2.127285 -0.739179
v -3.688260 2.126628 -0.708718
v -3.674171 2.125753 -0.678046
v -3.914841 2.390496 -0.883132
v -3.898463 2.391497 -0.856015
v -3.882440 2.392247 -0.828679
v -3.866773 2.392747 -0.801131
v -3.851467 2.392997 -0.773378
v -3.836526 2.392998 -0.745425
v -3.821954 2.392747 -0.717280
v -3.807753 2.392247 -0.688949
v -3.793926 2.391496 -0.660439
v -3.780478 2.390496 -0.631756
v -4.041900 2.636752 -0.801490
v -4.027110 2.637755 -0.776566
v -4.012595 2.638508 -0.751472
v -3.998359 2.639009 -0.726213
v -3.984405 2.639260 -0.700793
v -3.970735 2.639260 -0.675218
v -3.957352 2.639009 -0.649493
v -3.944258 2.638508 -0.623623
v -3.931458 2.637755 -0.597613
v -3.918952 2.636752 -0.571468
v -4.239524 0.195853 -1.051239
v -4.220155 0.194850 -1.029680
v -4.201024 0.194097 -1.007900
v -4.182134 0.193596 -0.985904
v -4.163488 0.193345 -0.963695
v -4.145092 0.193345 -0.941278
v -4.126947 0.193596 -0.918659
v -4.109059 0.194097 -0.895840
v -4.091430 0.194850 -0.872827
v -4.074063 0.195853 -0.849625
v -4.130834 0.442109 -1.156101
v -4.109480 0.441109 -1.132699
v -4.088432 0.440358 -1.109015
v -4.067692 0.439858 -1.085054
v -4.047266 0.439607 -1.060820
v -4.027160 0.439607 -1.036319
v -4.007376 0.439857 -1.011558
v -3.987921 0.440358 -0.986542
v -3.968798 0.441108 -0.961277
v -3.950013 0.442109 -0.935769
v -4.047385 0.706851 -1.236601
v -4.024439 0.705976 -1.211847
v -4.001866 0.705320 -1.186747
v -3.979671 0.704882 -1.161306
v -3.957860 0.704663 -1.135532
v -3.936441 0.704663 -1.109432
v -3.915417 0.704882 -1.083012
v -3.894795 0.705320 -1.056280
v -3.874580 0.705976 -1.029244
v -3.854779 0.706851 -1.001910
v -3.990801 0.985119 -1.291180
v -3.966725 0.984511 -1.265553
v -3.943080 0.984056 -1.239524
v -3.919874 0.983752 -1.213102
v -3.897112 0.983600 -1.186295
v -3.874802 0.983600 -1.159110
v -3.852950 0.983752 -1.131555
v -3.831563 0.984056 -1.103640
v -3.810648 0.984511 -1.075372
v -3.790210 0.985119 -1.046759
v -3.962214 1.271647 -1.318752
v -3.937548 1.271429 -1.292700
v -3.913346 1.271265 -1.266216
v -3.889618 1.271155 -1.239307
v -3.866371 1.271101 -1.211982
v -3.843611 1.271101 -1.184249
v -3.821346 1.271155 -1.156117
v -3.799583 1.271265 -1.127595
v -3.778329 1.271429 -1.098692
v -3.757591 1.271647 -1.069417
v -3.962214 1.560957 -1.318751
v -3.937548 1.561176 -1.292700
v -3.913347 1.561340 -1.266216
v -3.889619 1.561450 -1.239307
v -3.866371 1.561504 -1.211982
v -3.843611 1.561504 -1.184249
v -3.821346 1.561450 -1.156117
v -3.799583 1.561340 -1.127595
v -3.778329 1.561176 -1.098692
v -3.757591 1.560957 -1.069418
v -3.990801 1.847486 -1.291180
v -3.966725 1.848093 -1.265553
v -3.943080 1.848549 -1.239524
v -3.919874 1.848853 -1.213102
v -3.897112 1.849005 -1.186294
v -3.874802 1.849005 -1.159110
v -3.852951 1.848853 -1.131555
v -3.831563 1.848549 -1.103640
v -3.810648 1.848093 -1.075372
v -3.790210 1.847486 -1.046759
v -4.047385 2.125754 -1.236601
v -4.024439 2.126629 -1.211847
v -4.001866 2.127285 -1.186747
v -3.979671 2.127723 -1.161306
v -3.957861 2.127942 -1.135532
v -3.936441 2.127942 -1.109432
v -3.915417 2.127723 -1.083012
v -3.894795 2.127285 -1.056280
v -3.874581 2.126628 -1.029244
v -3.854779 2.125753 -1.001910
v -4.130834 2.390496 -1.156101
v -4.109481 2.391496 -1.132700
v -4.088432 2.392247 -1.109016
v -4.067692 2.392747 -1.085054
v -4.047266 2.392998 -1.060820
v -4.027160 2.392998 -1.036320
v -4.007376 2.392747 -1.011559
v -3.987921 2.392247 -0.986543
v -3.968798 2.391496 -0.961278
v -3.950013 2.390496 -0.935769
v -4.239524 2.636752 -1.051240
v -4.220156 2.637755 -1.029681
v -4.201024 2.638508 -1.007901
v -4.182134 2.639009 -0.985904
v -4.163488 2.639260 -0.963695
v -4.145092 2.639260 -0.941279
v -4.126947 2.639009 -0.918659
v -4.109059 2.638508 -0.895840
v -4.091430 2.637755 -0.872828
v -4.074063 2.636752 -0.849625
v -4.482074 0.195853 -1.257637
v -4.458872 0.194850 -1.240270
v -4.435859 0.194097 -1.222641
v -4.413041 0.193596 -1.204752
v -4.390421 0.193345 -1.186608
v -4.368004 0.193345 -1.168211
v -4.345796 0.193596 -1.149565
v -4.323799 0.194097 -1.130675
v -4.302019 0.194850 -1.111544
v -4.280460 0.195853 -1.092175
v -4.395930 0.442109 -1.381687
v -4.370422 0.441109 -1.362902
v -4.345157 0.440358 -1.343779
v -4.320141 0.439858 -1.324323
v -4.295380 0.439607 -1.304540
v -4.270879 0.439607 -1.284433
v -4.246645 0.439858 -1.264007
v -4.222683 0.440358 -1.243267
v -4.198999 0.441108 -1.222218
v -4.175598 0.442109 -1.200865
v -4.329790 0.706852 -1.476921
v -4.302455 0.705976 -1.457119
v -4.275418 0.705320 -1.436905
v -4.248687 0.704882 -1.416283
v -4.222267 0.704663 -1.395259
v -4.196167 0.704663 -1.373839
v -4.170393 0.704882 -1.352028
v -4.144952 0.705320 -1.329833
v -4.119852 0.705976 -1.307260
v -4.095098 0.706851 -1.284314
v -4.284941 0.985119 -1.541490
v -4.256328 0.984511 -1.521052
v -4.228060 0.984056 -1.500136
v -4.200144 0.983752 -1.478749
v -4.172589 0.983600 -1.456897
v -4.145404 0.983600 -1.434587
v -4.118597 0.983752 -1.411825
v -4.092175 0.984056 -1.388619
v -4.066146 0.984511 -1.364974
v -4.040519 0.985119 -1.340898
v -4.262281 1.271648 -1.574108
v -4.233006 1.271429 -1.553370
v -4.204104 1.271265 -1.532117
v -4.175582 1.271155 -1.510353
v -4.147450 1.271101 -1.488088
v -4.119717 1.271101 -1.465328
v -4.092392 1.271155 -1.442081
v -4.065483 1.271265 -1.418352
v -4.038999 1.271429 -1.394151
v -4.012947 1.271648 -1.369485
v -4.262282 1.560957 -1.574109
v -4.233007 1.561176 -1.553370
v -4.204104 1.561340 -1.532116
v -4.175582 1.561450 -1.510353
v -4.147450 1.561504 -1.488088
v -4.119718 1.561504 -1.465328
v -4.092392 1.561450 -1.442081
v -4.065483 1.561340 -1.418352
v -4.038999 1.561176 -1.394151
v -4.012947 1.560958 -1.369485
v -4.284941 1.847486 -1.541490
v -4.256328 1.848094 -1.521052
v -4.228060 1.848549 -1.500137
v -4.200144 1.848853 -1.478749
v -4.172589 1.849005 -1.456897
v -4.145405 1.849005 -1.434587
v -4.118597 1.848853 -1.411825
v -4.092175 1.848549 -1.388619
v -4.066146 1.848094 -1.364974
v -4.040519 1.847486 -1.340898
v -4.329790 2.125754 -1.476921
v -4.302455 2.126629 -1.457119
v -4.275419 2.127285 -1.436905
v -4.248687 2.127723 -1.416282
v -4.222268 2.127942 -1.395259
v -4.196167 2.127942 -1.373839
v -4.170393 2.127723 -1.352028
v -4.144953 2.127285 -1.329833
v -4.119852 2.126629 -1.307260
v -4.095098 2.125754 -1.284314
v -4.395930 2.390496 -1.381687
v -4.370422 2.391497 -1.362902
v -4.345157 2.392247 -1.343779
v -4.320141 2.392747 -1.324324
v -4.295380 2.392998 -1.304540
v -4.270880 2.392998 -1.284433
v -4.246646 2.392747 -1.264007
v -4.222684 2.392247 -1.243268
v -4.198999 2.391496 -1.222219
v -4.175599 2.390496 -1.200865
v -4.482074 2.636752 -1.257637
v -4.458872 2.637755 -1.240271
v -4.435859 2.638508 -1.222641
v -4.413041 2.639009 -1.204752
v -4.390421 2.639260 -1.186608
v -4.368004 2.639260 -1.168211
v -4.345796 2.639009 -1.149566
v -4.323799 2.638508 -1.130675
v -4.302019 2.637755 -1.111544
v -4.280459 2.636752 -1.092176
v -4.760231 0.195853 -1.412748
v -4.734086 0.194850 -1.400242
v -4.708076 0.194098 -1.387441
v -4.682206 0.193596 -1.374348
v -4.656481 0.193345 -1.360965
v -4.630906 0.193345 -1.347295
v -4.605487 0.193596 -1.333341
v -4.580227 0.194098 -1.319105
v -4.555133 0.194850 -1.304590
v -4.530210 0.195853 -1.289800
v -4.699943 0.442109 -1.551221
v -4.671260 0.441108 -1.537773
v -4.642750 0.440358 -1.523947
v -4.614419 0.439857 -1.509746
v -4.586273 0.439607 -1.495173
v -4.558321 0.439607 -1.480232
v -4.530568 0.439857 -1.464927
v -4.503021 0.440358 -1.449260
v -4.475685 0.441108 -1.433236
v -4.448568 0.442109 -1.416858
v -4.653653 0.706852 -1.657529
v -4.622980 0.705976 -1.643440
v -4.592520 0.705320 -1.628888
v -4.562278 0.704882 -1.613878
v -4.532265 0.704663 -1.598412
v -4.502487 0.704663 -1.582496
v -4.472953 0.704882 -1.566133
v -4.443671 0.705320 -1.549327
v -4.414649 0.705976 -1.532085
v -4.385894 0.706852 -1.514409
v -4.622262 0.985119 -1.729607
v -4.590212 0.984511 -1.715144
v -4.558406 0.984056 -1.700145
v -4.526855 0.983752 -1.684615
v -4.495566 0.983600 -1.668558
v -4.464551 0.983600 -1.651980
v -4.433818 0.983752 -1.634886
v -4.403377 0.984056 -1.617279
v -4.373235 0.984511 -1.599167
v -4.343403 0.985119 -1.580554
v -4.606401 1.271648 -1.766019
v -4.573644 1.271429 -1.751391
v -4.541150 1.271265 -1.736184
v -4.508930 1.271156 -1.720403
v -4.476995 1.271101 -1.704054
v -4.445354 1.271101 -1.687142
v -4.414019 1.271156 -1.669672
v -4.382998 1.271265 -1.651649
v -4.352301 1.271429 -1.633080
v -4.321938 1.271648 -1.613970
v -4.606402 1.560957 -1.766019
v -4.573644 1.561176 -1.751391
v -4.541150 1.561340 -1.736184
v -4.508931 1.561450 -1.720403
v -4.476995 1.561504 -1.704054
v -4.445355 1.561504 -1.687142
v -4.414020 1.561450 -1.669672
v -4.382998 1.561340 -1.651649
v -4.352301 1.561176 -1.633080
v -4.321939 1.560958 -1.613970
v -4.622262 1.847486 -1.729607
v -4.590212 1.848094 -1.715144
v -4.558406 1.848549 -1.700145
v -4.526855 1.848853 -1.684615
v -4.495567 1.849005 -1.668558
v -4.464551 1.849005 -1.651980
v -4.433818 1.848853 -1.634886
v -4.403377 1.848549 -1.617279
v -4.373235 1.848094 -1.599167
v -4.343403 1.847486 -1.580554
v -4.653653 2.125753 -1.657528
v -4.622981 2.126628 -1.643440
v -4.592520 2.127285 -1.628888
v -4.562279 2.127723 -1.613878
v -4.532265 2.127941 -1.598412
v -4.502487 2.127942 -1.582496
v -4.472954 2.127723 -1.566132
v -4.443672 2.127285 -1.549327
v -4.414649 2.126629 -1.532084
v -4.385894 2.125754 -1.514408
v -4.699943 2.390496 -1.551221
v -4.671260 2.391497 -1.537773
v -4.642750 2.392247 -1.523947
v -4.614419 2.392747 -1.509746
v -4.586273 2.392998 -1.495173
v -4.558321 2.392998 -1.480232
v -4.530568 2.392747 -1.464927
v -4.503020 2.392247 -1.449260
v -4.475685 2.391497 -1.433236
v -4.448568 2.390496 -1.416858
v -4.760231 2.636752 -1.412749
v -4.734086 2.637755 -1.400243
v -4.708076 2.638508 -1.387442
v -4.682206 2.639009 -1.374348
v -4.656481 2.639260 -1.360965
v -4.630907 2.639260 -1.347295
v -4.605487 2.639009 -1.333341
v -4.580227 2.638508 -1.319105
v -4.555133 2.637755 -1.304590
v -4.530210 2.636752 -1.289800
v -5.063303 0.195853 -1.510614
v -5.035222 0.194850 -1.503449
v -5.007215 0.194097 -1.495968
v -4.979287 0.193596 -1.488173
v -4.951445 0.193345 -1.480066
v -4.923695 0.193345 -1.471648
v -4.896041 0.193596 -1.462921
v -4.868490 0.194097 -1.453887
v -4.841046 0.194850 -1.444546
v -4.813716 0.195853 -1.434903
v -5.031189 0.442109 -1.658188
v -5.000433 0.441108 -1.650594
v -4.969773 0.440358 -1.642596
v -4.939217 0.439858 -1.634194
v -4.908769 0.439607 -1.625392
v -4.878439 0.439607 -1.616192
v -4.848233 0.439858 -1.606595
v -4.818158 0.440358 -1.596603
v -4.788222 0.441109 -1.586220
v -4.758430 0.442109 -1.575448
v -5.006528 0.706851 -1.771483
v -4.973697 0.705976 -1.763649
v -4.940982 0.705320 -1.755320
v -4.908393 0.704882 -1.746497
v -4.875939 0.704663 -1.737184
v -4.843628 0.704663 -1.727383
v -4.811470 0.704882 -1.717096
v -4.779472 0.705320 -1.706327
v -4.747643 0.705976 -1.695077
v -4.715992 0.706852 -1.683351
v -4.989802 0.985119 -1.848301
v -4.955545 0.984511 -1.840368
v -4.921426 0.984056 -1.831862
v -4.887450 0.983752 -1.822786
v -4.853631 0.983600 -1.813142
v -4.819977 0.983600 -1.802933
v -4.786500 0.983752 -1.792163
v -4.753208 0.984056 -1.780834
v -4.720112 0.984511 -1.768950
v -4.687222 0.985119 -1.756514
v -4.981351 1.271648 -1.887107
v -4.946369 1.271429 -1.879151
v -4.911532 1.271265 -1.870575
v -4.876853 1.271155 -1.861384
v -4.842341 1.271101 -1.851579
v -4.808010 1.271101 -1.841165
v -4.773868 1.271155 -1.830144
v -4.739926 1.271265 -1.818519
v -4.706196 1.271429 -1.806296
v -4.672689 1.271648 -1.793476
v -4.981351 1.560957 -1.887108
v -4.946368 1.561176 -1.879151
v -4.911532 1.561340 -1.870575
v -4.876853 1.561450 -1.861384
v -4.842341 1.561504 -1.851579
v -4.808010 1.561504 -1.841165
v -4.773868 1.561450 -1.830144
v -4.739926 1.561340 -1.818519
v -4.706197 1.561176 -1.806295
v -4.672689 1.560957 -1.793476
v -4.989802 1.847486 -1.848301
v -4.955545 1.848093 -1.840368
v -4.921426 1.848549 -1.831862
v -4.887450 1.848853 -1.822786
v -4.853631 1.849005 -1.813142
v -4.819977 1.849005 -1.802933
v -4.786500 1.848853 -1.792163
v -4.753208 1.848549 -1.780834
v -4.720112 1.848094 -1.768950
v -4.687222 1.847486 -1.756514
v -5.006528 2.125753 -1.771483
v -4.973697 2.126628 -1.763649
v -4.940982 2.127285 -1.755320
v -4.908393 2.127723 -1.746497
v -4.875939 2.127941 -1.737184
v -4.843629 2.127941 -1.727383
v -4.811470 2.127723 -1.717096
v -4.779472 2.127285 -1.706326
v -4.747643 2.126628 -1.695077
v -4.715993 2.125753 -1.683350
v -5.031189 2.390496 -1.658188
v -5.000434 2.391496 -1.650594
v -4.969774 2.392246 -1.642596
v -4.939217 2.392747 -1.634194
v -4.908770 2.392997 -1.625392
v -4.878439 2.392997 -1.616192
v -4.848233 2.392747 -1.606595
v -4.818159 2.392246 -1.596603
v -4.788222 2.391496 -1.586220
v -4.758430 2.390496 -1.575448
v -5.063303 2.636752 -1.510614
v -5.035222 2.637755 -1.503449
v -5.007215 2.638508 -1.495969
v -4.979287 2.639009 -1.488174
v -4.951445 2.639260 -1.480066
v -4.923695 2.639260 -1.471649
v -4.896041 2.639009 -1.462922
v -4.868490 2.638508 -1.453887
v -4.841046 2.637755 -1.444547
v -4.813716 2.636752 -1.434903
v -5.379644 0.195853 -1.547473
v -5.350705 0.194850 -1.545924
v -5.321776 0.194097 -1.544051
v -5.292864 0.193596 -1.541854
v -5.263976 0.193345 -1.539335
v -5.235117 0.193345 -1.536492
v -5.206292 0.193596 -1.533328
v -5.177508 0.194097 -1.529842
v -5.148769 0.194850 -1.526035
v -5.120083 0.195853 -1.521909
v -5.376937 0.442109 -1.698476
v -5.345292 0.441109 -1.697028
v -5.313661 0.440358 -1.695165
v -5.282052 0.439858 -1.692886
v -5.250473 0.439607 -1.690194
v -5.218930 0.439607 -1.687087
v -5.187432 0.439858 -1.683567
v -5.155986 0.440358 -1.679635
v -5.124599 0.441109 -1.675292
v -5.093279 0.442109 -1.670538
v -5.374853 0.706851 -1.814406
v -5.341125 0.705976 -1.813128
v -5.307414 0.705320 -1.811341
v -5.273730 0.704882 -1.809045
v -5.240083 0.704663 -1.806242
v -5.206481 0.704663 -1.802933
v -5.172934 0.704882 -1.799118
v -5.139450 0.705320 -1.794797
v -5.106038 0.705976 -1.789974
v -5.072708 0.706851 -1.784648
v -5.373435 0.985119 -1.893010
v -5.338290 0.984511 -1.891913
v -5.303165 0.984056 -1.890227
v -5.268072 0.983752 -1.887954
v -5.233021 0.983600 -1.885093
v -5.198023 0.983600 -1.881646
v -5.163087 0.983752 -1.877614
v -5.128225 0.984056 -1.872997
v -5.093447 0.984511 -1.867798
v -5.058763 0.985119 -1.862018
v -5.372716 1.271647 -1.932720
v -5.336854 1.271429 -1.931741
v -5.301014 1.271265 -1.930126
v -5.265208 1.271155 -1.927877
v -5.229447 1.271101 -1.924993
v -5.193744 1.271101 -1.921477
v -5.158108 1.271155 -1.917329
v -5.122551 1.271265 -1.912549
v -5.087085 1.271429 -1.907141
v -5.051721 1.271647 -1.901105
v -5.372717 1.560957 -1.932720
v -5.336854 1.561176 -1.931741
v -5.301014 1.561340 -1.930127
v -5.265208 1.561449 -1.927877
v -5.229447 1.561504 -1.924994
v -5.193744 1.561504 -1.921477
v -5.158108 1.561450 -1.917329
v -5.122551 1.561340 -1.912550
v -5.087085 1.561176 -1.907141
v -5.051720 1.560958 -1.901105
v -5.373435 1.847486 -1.893010
v -5.338290 1.848093 -1.891913
v -5.303165 1.848549 -1.890227
v -5.268072 1.848853 -1.887953
v -5.233021 1.849005 -1.885092
v -5.198023 1.849005 -1.881646
v -5.163087 1.848853 -1.877613
v -5.128225 1.848549 -1.872997
v -5.093447 1.848093 -1.867798
v -5.058763 1.847486 -1.862018
v -5.374853 2.125753 -1.814406
v -5.341124 2.126628 -1.813127
v -5.307413 2.127285 -1.811341
v -5.273730 2.127723 -1.809045
v -5.240083 2.127941 -1.806242
v -5.206481 2.127941 -1.802933
v -5.172934 2.127723 -1.799118
v -5.139449 2.127285 -1.794797
v -5.106038 2.126628 -1.789973
v -5.072708 2.125753 -1.784647
v -5.376937 2.390496 -1.698476
v -5.345292 2.391496 -1.697028
v -5.313661 2.392247 -1.695165
v -5.282052 2.392747 -1.692887
v -5.250473 2.392997 -1.690194
v -5.218930 2.392998 -1.687087
v -5.187433 2.392747 -1.683568
v -5.155987 2.392246 -1.679636
v -5.124600 2.391496 -1.675292
v -5.093280 2.390496 -1.670538
v -5.379644 2.636752 -1.547473
v -5.350704 2.637755 -1.545924
v -5.321775 2.638508 -1.544051
v -5.292864 2.639009 -1.541855
v -5.263976 2.639260 -1.539335
v -5.235116 2.639260 -1.536492
v -5.206292 2.639009 -1.533328
v -5.177508 2.638507 -1.529842
v -5.148769 2.637755 -1.526035
v -5.120083 2.636752 -1.521908
vn 0.1430 0.5800 -0.8019
vn 0.1360 0.6345 -0.7608
vn 0.1430 0.6343 -0.7597
vn 0.1503 0.5777 -0.8023
vn 0.2967 0.5800 -0.7586
vn 0.2818 0.6345 -0.7197
vn 0.2884 0.6343 -0.7172
vn 0.3039 0.5777 -0.7576
vn 0.4390 0.5800 -0.6862
vn 0.4168 0.6345 -0.6509
vn 0.4228 0.6343 -0.6472
vn 0.4459 0.5777 -0.6837
vn 0.5644 0.5800 -0.5873
vn 0.5358 0.6345 -0.5570
vn 0.5410 0.6343 -0.5523
vn 0.5707 0.5777 -0.5836
vn 0.6682 0.5800 -0.4659
vn 0.6342 0.6345 -0.4418
vn 0.6383 0.6343 -0.4361
vn 0.6736 0.5777 -0.4611
vn 0.7462 0.5800 -0.3266
vn 0.7082 0.6345 -0.3096
vn 0.7111 0.6343 -0.3032
vn 0.7506 0.5777 -0.3208
vn 0.7956 0.5800 -0.1748
vn 0.7550 0.6345 -0.1655
vn 0.7566 0.6343 -0.1586
vn 0.7988 0.5777 -0.1682
vn 0.8144 0.5800 -0.0162
vn 0.7728 0.6345 -0.0150
vn 0.7730 0.6343 -0.0080
vn 0.8162 0.5777 -0.0091
vn 0.8019 0.5800 0.1430
vn 0.7608 0.6345 0.1360
vn 0.7597 0.6343 0.1430
vn 0.8023 0.5777 0.1503
vn 0.7586 0.5800 0.2967
vn 0.7197 0.6345 0.2818
vn 0.7172 0.6343 0.2884
vn 0.7576 0.5777 0.3039
vn 0.6862 0.5800 0.4390
vn 0.6509 0.6345 0.4168
vn 0.6472 0.6343 0.4228
vn 0.6838 0.5777 0.4459
vn 0.5873 0.5800 0.5644
vn 0.5570 0.6345 0.5358
vn 0.5523 0.6343 0.5410
vn 0.5836 0.5777 0.5707
vn 0.4659 0.5800 0.6682
vn 0.4418 0.6345 0.6342
vn 0.4361 0.6343 0.6383
vn 0.4611 0.5777 0.6736
vn 0.3266 0.5800 0.7462
vn 0.3096 0.6345 0.7082
vn 0.3032 0.6343 0.7111
vn 0.3208 0.5777 0.7506
vn 0.1748 0.5800 0.7956
vn 0.1655 0.6345 0.7550
vn 0.1587 0.6343 0.7566
vn 0.1682 0.5777 0.7988
vn 0.0162 0.5800 0.8144
vn 0.0150 0.6345 0.7728
vn 0.0080 0.6343 0.7730
vn 0.0091 0.5777 0.8162
vn -0.1430 0.5800 0.8019
vn -0.1360 0.6345 0.7608
vn -0.1430 0.6343 0.7597
vn -0.1503 0.5777 0.8023
vn -0.2967 0.5800 0.7586
vn -0.2819 0.6345 0.7197
vn -0.2884 0.6343 0.7172
vn -0.3039 0.5777 0.7576
vn -0.4390 0.5800 0.6862
vn -0.4168 0.6345 0.6509
vn -0.4228 0.6343 0.6472
vn -0.4459 0.5777 0.6838
vn -0.5644 0.5800 0.5873
vn -0.5358 0.6345 0.5570
vn -0.5410 0.6343 0.5523
vn -0.5707 0.5777 0.5836
vn -0.6682 0.5800 0.4659
vn -0.6342 0.6345 0.4418
vn -0.6383 0.6343 0.4361
vn -0.6736 0.5777 0.4611
vn -0.7462 0.5800 0.3266
vn -0.7082 0.6345 0.3096
vn -0.7111 0.6343 0.3032
vn -0.7506 0.5777 0.3208
vn -0.7956 0.5800 0.1748
vn -0.7550 0.6345 0.1655
vn -0.7566 0.6343 0.1587
vn -0.7988 0.5777 0.1682
vn -0.8144 0.5800 0.0162
vn -0.7728 0.6345 0.0150
vn -0.7730 0.6343 0.0080
vn -0.8162 0.5777 0.0091
vn -0.8019 0.5800 -0.1430
vn -0.7608 0.6345 -0.1360
vn -0.7597 0.6343 -0.1430
vn -0.8023 0.5777 -0.1503
vn -0.7586 0.5800 -0.2967
vn -0.7197 0.6345 -0.2818
vn -0.7172 0.6343 -0.2884
vn -0.7576 0.5777 -0.3039
vn -0.6862 0.5800 -0.4390
vn -0.6509 0.6345 -0.4168
vn -0.6472 0.6343 -0.4228
vn -0.6838 0.5777 -0.4459
vn -0.5873 0.5800 -0.5644
vn -0.5570 0.6345 -0.5358
vn -0.5523 0.6343 -0.5410
vn -0.5836 0.5777 -0.5707
vn -0.4659 0.5800 -0.6682
vn -0.4418 0.6345 -0.6342
vn -0.4361 0.6343 -0.6383
vn -0.4611 0.5777 -0.6736
vn -0.3266 0.5800 -0.7462
vn -0.3096 0.6345 -0.7082
vn -0.3032 0.6343 -0.7111
vn -0.3208 0.5777 -0.7506
vn -0.0000 1.0000 -0.0000
vn -0.1748 0.5800 -0.7956
vn -0.1655 0.6345 -0.7550
vn -0.1586 0.6343 -0.7566
vn -0.1682 0.5777 -0.7988
vn -0.0162 0.5800 -0.8144
vn -0.0150 0.6345 -0.7728
vn -0.0080 0.6343 -0.7730
vn -0.0091 0.5777 -0.8162
vn -0.0000 -1.0000 -0.0000
vn -0.0150 -0.6345 -0.7728
vn -0.0162 -0.5800 -0.8144
vn -0.0091 -0.5777 -0.8162
vn -0.0080 -0.6343 -0.7730
vn -0.0182 -0.4631 -0.8861
vn -0.0106 -0.4608 -0.8874
vn -0.0189 -0.3373 -0.9412
vn -0.0107 -0.3354 -0.9420
vn -0.0188 -0.2051 -0.9786
vn -0.0102 -0.2038 -0.9790
vn -0.0186 -0.0688 -0.9975
vn -0.0098 -0.0684 -0.9976
vn -0.0186 0.0688 -0.9975
vn -0.0098 0.0684 -0.9976
vn -0.0188 0.2051 -0.9786
vn -0.0102 0.2038 -0.9790
vn -0.0189 0.3373 -0.9412
vn -0.0107 0.3354 -0.9420
vn -0.0182 0.4631 -0.8861
vn -0.0106 0.4608 -0.8874
vn -0.1430 -0.6343 -0.7597
vn -0.1503 -0.5777 -0.8023
vn -0.1430 -0.5800 -0.8019
vn -0.1360 -0.6345 -0.7608
vn -0.1290 -0.5804 -0.8040
vn -0.1227 -0.6349 -0.7628
vn -0.1150 -0.5807 -0.8060
vn -0.1093 -0.6351 -0.7647
vn -0.1009 -0.5809 -0.8077
vn -0.0958 -0.6353 -0.7663
vn -0.0868 -0.5810 -0.8093
vn -0.0824 -0.6354 -0.7678
vn -0.0727 -0.5810 -0.8107
vn -0.0690 -0.6354 -0.7691
vn -0.0586 -0.5809 -0.8119
vn -0.0555 -0.6353 -0.7703
vn -0.0445 -0.5807 -0.8129
vn -0.0420 -0.6351 -0.7713
vn -0.0303 -0.5804 -0.8138
vn -0.0285 -0.6349 -0.7721
vn -0.1628 -0.4608 -0.8724
vn -0.1550 -0.4631 -0.8727
vn -0.1399 -0.4635 -0.8750
vn -0.1248 -0.4639 -0.8771
vn -0.1096 -0.4641 -0.8790
vn -0.0944 -0.4642 -0.8807
vn -0.0792 -0.4642 -0.8822
vn -0.0640 -0.4641 -0.8835
vn -0.0487 -0.4639 -0.8846
vn -0.0335 -0.4635 -0.8854
vn -0.1732 -0.3354 -0.9260
vn -0.1651 -0.3373 -0.9268
vn -0.1490 -0.3378 -0.9294
vn -0.1328 -0.3382 -0.9317
vn -0.1166 -0.3384 -0.9338
vn -0.1004 -0.3385 -0.9356
vn -0.0841 -0.3385 -0.9372
vn -0.0678 -0.3384 -0.9386
vn -0.0515 -0.3382 -0.9397
vn -0.0352 -0.3378 -0.9406
vn -0.1809 -0.2038 -0.9621
vn -0.1724 -0.2051 -0.9634
vn -0.1555 -0.2054 -0.9662
vn -0.1385 -0.2057 -0.9688
vn -0.1215 -0.2059 -0.9710
vn -0.1045 -0.2060 -0.9730
vn -0.0874 -0.2060 -0.9746
vn -0.0703 -0.2059 -0.9760
vn -0.0531 -0.2057 -0.9772
vn -0.0360 -0.2054 -0.9780
vn -0.1850 -0.0684 -0.9803
vn -0.1764 -0.0688 -0.9819
vn -0.1590 -0.0690 -0.9849
vn -0.1416 -0.0691 -0.9875
vn -0.1241 -0.0691 -0.9899
vn -0.1066 -0.0692 -0.9919
vn -0.0890 -0.0692 -0.9936
vn -0.0714 -0.0691 -0.9950
vn -0.0538 -0.0691 -0.9962
vn -0.0362 -0.0690 -0.9970
vn -0.1850 0.0684 -0.9803
vn -0.1764 0.0688 -0.9819
vn -0.1590 0.0690 -0.9849
vn -0.1416 0.0691 -0.9875
vn -0.1241 0.0691 -0.9899
vn -0.1066 0.0692 -0.9919
vn -0.0890 0.0692 -0.9936
vn -0.0714 0.0691 -0.9950
vn -0.0538 0.0691 -0.9962
vn -0.0362 0.0690 -0.9970
vn -0.1809 0.2038 -0.9621
vn -0.1724 0.2051 -0.9634
vn -0.1555 0.2054 -0.9662
vn -0.1385 0.2057 -0.9688
vn -0.1215 0.2059 -0.9710
vn -0.1045 0.2060 -0.9730
vn -0.0874 0.2060 -0.9746
vn -0.0703 0.2059 -0.9760
vn -0.0531 0.2057 -0.9772
vn -0.0360 0.2054 -0.9780
vn -0.1732 0.3354 -0.9260
vn -0.1651 0.3373 -0.9268
vn -0.1490 0.3378 -0.9294
vn -0.1328 0.3382 -0.9317
vn -0.1166 0.3384 -0.9338
vn -0.1004 0.3385 -0.9356
vn -0.0841 0.3385 -0.9372
vn -0.0678 0.3384 -0.9386
vn -0.0515 0.3382 -0.9397
vn -0.0352 0.3378 -0.9406
vn -0.1628 0.4608 -0.8724
vn -0.1550 0.4631 -0.8727
vn -0.1399 0.4635 -0.8750
vn -0.1248 0.4639 -0.8771
vn -0.1096 0.4641 -0.8790
vn -0.0944 0.4642 -0.8807
vn -0.0792 0.4642 -0.8822
vn -0.0640 0.4641 -0.8835
vn -0.0487 0.4639 -0.8846
vn -0.0335 0.4635 -0.8854
vn -0.1503 0.5777 -0.8023
vn -0.1430 0.5800 -0.8019
vn -0.1290 0.5804 -0.8040
vn -0.1150 0.5807 -0.8060
vn -0.1009 0.5809 -0.8077
vn -0.0868 0.5810 -0.8093
vn -0.0727 0.5810 -0.8107
vn -0.0586 0.5809 -0.8119
vn -0.0445 0.5807 -0.8129
vn -0.0303 0.5804 -0.8138
vn -0.1430 0.6343 -0.7597
vn -0.1360 0.6345 -0.7608
vn -0.1227 0.6349 -0.7628
vn -0.1093 0.6351 -0.7647
vn -0.0958 0.6353 -0.7663
vn -0.0824 0.6354 -0.7678
vn -0.0690 0.6354 -0.7691
vn -0.0555 0.6353 -0.7703
vn -0.0420 0.6351 -0.7713
vn -0.0285 0.6349 -0.7721
vn -0.1655 -0.6345 -0.7550
vn -0.1748 -0.5800 -0.7956
vn -0.1682 -0.5777 -0.7988
vn -0.1587 -0.6343 -0.7566
vn -0.1907 -0.4631 -0.8656
vn -0.1835 -0.4608 -0.8683
vn -0.2022 -0.3373 -0.9194
vn -0.1943 -0.3354 -0.9218
vn -0.2094 -0.2051 -0.9561
vn -0.2010 -0.2038 -0.9581
vn -0.2128 -0.0688 -0.9747
vn -0.2042 -0.0684 -0.9765
vn -0.2128 0.0688 -0.9747
vn -0.2042 0.0684 -0.9765
vn -0.2094 0.2051 -0.9561
vn -0.2010 0.2038 -0.9582
vn -0.2022 0.3373 -0.9194
vn -0.1943 0.3354 -0.9218
vn -0.1907 0.4631 -0.8656
vn -0.1835 0.4608 -0.8683
vn -0.2884 -0.6343 -0.7172
vn -0.3039 -0.5777 -0.7576
vn -0.2967 -0.5800 -0.7586
vn -0.2818 -0.6345 -0.7197
vn -0.2834 -0.5804 -0.7634
vn -0.2691 -0.6349 -0.7242
vn -0.2700 -0.5807 -0.7680
vn -0.2563 -0.6351 -0.7286
vn -0.2565 -0.5809 -0.7725
vn -0.2435 -0.6353 -0.7329
vn -0.2430 -0.5810 -0.7768
vn -0.2306 -0.6354 -0.7370
vn -0.2295 -0.5810 -0.7809
vn -0.2177 -0.6354 -0.7409
vn -0.2159 -0.5809 -0.7848
vn -0.2047 -0.6353 -0.7447
vn -0.2022 -0.5807 -0.7886
vn -0.1917 -0.6351 -0.7483
vn -0.1885 -0.5804 -0.7922
vn -0.1786 -0.6349 -0.7517
vn -0.3298 -0.4608 -0.8239
vn -0.3223 -0.4631 -0.8256
vn -0.3079 -0.4635 -0.8308
vn -0.2935 -0.4639 -0.8359
vn -0.2790 -0.4641 -0.8407
vn -0.2644 -0.4642 -0.8453
vn -0.2498 -0.4642 -0.8498
vn -0.2351 -0.4641 -0.8540
vn -0.2204 -0.4639 -0.8581
vn -0.2056 -0.4635 -0.8619
vn -0.3506 -0.3354 -0.8744
vn -0.3427 -0.3373 -0.8768
vn -0.3274 -0.3378 -0.8824
vn -0.3120 -0.3382 -0.8879
vn -0.2965 -0.3384 -0.8931
vn -0.2810 -0.3385 -0.8980
vn -0.2653 -0.3385 -0.9028
vn -0.2496 -0.3384 -0.9073
vn -0.2339 -0.3382 -0.9116
vn -0.2180 -0.3378 -0.9156
vn -0.3652 -0.2038 -0.9084
vn -0.3571 -0.2051 -0.9113
vn -0.3410 -0.2054 -0.9173
vn -0.3249 -0.2057 -0.9231
vn -0.3086 -0.2059 -0.9286
vn -0.2923 -0.2060 -0.9339
vn -0.2758 -0.2060 -0.9389
vn -0.2593 -0.2059 -0.9436
vn -0.2427 -0.2057 -0.9480
vn -0.2261 -0.2054 -0.9522
vn -0.3728 -0.0684 -0.9254
vn -0.3646 -0.0688 -0.9286
vn -0.3481 -0.0690 -0.9349
vn -0.3315 -0.0691 -0.9409
vn -0.3148 -0.0691 -0.9466
vn -0.2980 -0.0692 -0.9521
vn -0.2811 -0.0692 -0.9572
vn -0.2642 -0.0691 -0.9620
vn -0.2471 -0.0691 -0.9665
vn -0.2300 -0.0690 -0.9707
vn -0.3728 0.0684 -0.9254
vn -0.3646 0.0688 -0.9286
vn -0.3481 0.0690 -0.9349
vn -0.3315 0.0691 -0.9409
vn -0.3148 0.0691 -0.9466
vn -0.2980 0.0692 -0.9521
vn -0.2811 0.0692 -0.9572
vn -0.2642 0.0691 -0.9620
vn -0.2471 0.0691 -0.9665
vn -0.2300 0.0690 -0.9707
vn -0.3652 0.2038 -0.9084
vn -0.3571 0.2051 -0.9113
vn -0.3410 0.2054 -0.9173
vn -0.3249 0.2057 -0.9231
vn -0.3086 0.2059 -0.9286
vn -0.2923 0.2060 -0.9339
vn -0.2758 0.2060 -0.9389
vn -0.2593 0.2059 -0.9436
vn -0.2427 0.2057 -0.9480
vn -0.2261 0.2054 -0.9522
vn -0.3506 0.3354 -0.8744
vn -0.3427 0.3373 -0.8768
vn -0.3274 0.3378 -0.8824
vn -0.3120 0.3382 -0.8879
vn -0.2965 0.3384 -0.8931
vn -0.2810 0.3385 -0.8980
vn -0.2653 0.3385 -0.9028
vn -0.2496 0.3384 -0.9073
vn -0.2339 0.3382 -0.9116
vn -0.2180 0.3378 -0.9156
vn -0.3298 0.4608 -0.8239
vn -0.3223 0.4631 -0.8256
vn -0.3079 0.4635 -0.8308
vn -0.2935 0.4639 -0.8359
vn -0.2790 0.4641 -0.8407
vn -0.2644 0.4642 -0.8453
vn -0.2498 0.4642 -0.8498
vn -0.2351 0.4641 -0.8540
vn -0.2204 0.4639 -0.8581
vn -0.2056 0.4635 -0.8619
vn -0.3039 0.5777 -0.7576
vn -0.2967 0.5800 -0.7586
vn -0.2834 0.5804 -0.7634
vn -0.2700 0.5807 -0.7680
vn -0.2565 0.5809 -0.7725
vn -0.2430 0.5810 -0.7768
vn -0.2295 0.5810 -0.7809
vn -0.2159 0.5809 -0.7848
vn -0.2022 0.5807 -0.7886
vn -0.1885 0.5804 -0.7922
vn -0.2884 0.6343 -0.7172
vn -0.2818 0.6345 -0.7197
vn -0.2691 0.6349 -0.7242
vn -0.2563 0.6351 -0.7286
vn -0.2435 0.6353 -0.7329
vn -0.2306 0.6354 -0.7370
vn -0.2177 0.6354 -0.7409
vn -0.2047 0.6353 -0.7447
vn -0.1917 0.6351 -0.7483
vn -0.1786 0.6349 -0.7517
vn -0.3096 -0.6345 -0.7082
vn -0.3266 -0.5800 -0.7462
vn -0.3208 -0.5777 -0.7506
vn -0.3032 -0.6343 -0.7111
vn -0.3559 -0.4631 -0.8117
vn -0.3493 -0.4608 -0.8158
vn -0.3776 -0.3373 -0.8623
vn -0.3704 -0.3354 -0.8662
vn -0.3919 -0.2051 -0.8969
vn -0.3841 -0.2038 -0.9005
vn -0.3989 -0.0688 -0.9144
vn -0.3908 -0.0684 -0.9179
vn -0.3989 0.0688 -0.9144
vn -0.3908 0.0684 -0.9179
vn -0.3919 0.2051 -0.8969
vn -0.3841 0.2038 -0.9005
vn -0.3776 0.3373 -0.8623
vn -0.3704 0.3354 -0.8662
vn -0.3559 0.4631 -0.8117
vn -0.3493 0.4608 -0.8158
vn -0.4228 -0.6343 -0.6472
vn -0.4459 -0.5777 -0.6837
vn -0.4390 -0.5800 -0.6862
vn -0.4168 -0.6345 -0.6509
vn -0.4269 -0.5804 -0.6935
vn -0.4053 -0.6349 -0.6578
vn -0.4146 -0.5807 -0.7006
vn -0.3936 -0.6351 -0.6646
vn -0.4023 -0.5809 -0.7076
vn -0.3818 -0.6353 -0.6713
vn -0.3899 -0.5810 -0.7144
vn -0.3700 -0.6354 -0.6778
vn -0.3774 -0.5810 -0.7211
vn -0.3581 -0.6354 -0.6842
vn -0.3648 -0.5809 -0.7276
vn -0.3460 -0.6353 -0.6904
vn -0.3522 -0.5807 -0.7340
vn -0.3340 -0.6351 -0.6965
vn -0.3394 -0.5804 -0.7402
vn -0.3218 -0.6349 -0.7024
vn -0.4842 -0.4608 -0.7437
vn -0.4772 -0.4631 -0.7469
vn -0.4641 -0.4635 -0.7548
vn -0.4509 -0.4639 -0.7625
vn -0.4376 -0.4641 -0.7701
vn -0.4243 -0.4642 -0.7775
vn -0.4108 -0.4642 -0.7847
vn -0.3972 -0.4641 -0.7917
vn -0.3835 -0.4639 -0.7986
vn -0.3698 -0.4635 -0.8052
vn -0.5144 -0.3354 -0.7892
vn -0.5072 -0.3373 -0.7931
vn -0.4933 -0.3378 -0.8016
vn -0.4792 -0.3382 -0.8099
vn -0.4650 -0.3384 -0.8181
vn -0.4508 -0.3385 -0.8260
vn -0.4363 -0.3385 -0.8337
vn -0.4218 -0.3384 -0.8412
vn -0.4072 -0.3382 -0.8484
vn -0.3925 -0.3378 -0.8555
vn -0.5354 -0.2038 -0.8197
vn -0.5280 -0.2051 -0.8241
vn -0.5134 -0.2054 -0.8332
vn -0.4987 -0.2057 -0.8420
vn -0.4838 -0.2059 -0.8506
vn -0.4688 -0.2060 -0.8589
vn -0.4537 -0.2060 -0.8670
vn -0.4384 -0.2059 -0.8749
vn -0.4230 -0.2057 -0.8825
vn -0.4075 -0.2054 -0.8898
vn -0.5461 -0.0684 -0.8349
vn -0.5387 -0.0688 -0.8397
vn -0.5238 -0.0690 -0.8491
vn -0.5087 -0.0691 -0.8582
vn -0.4934 -0.0691 -0.8670
vn -0.4780 -0.0692 -0.8756
vn -0.4625 -0.0692 -0.8839
vn -0.4468 -0.0691 -0.8920
vn -0.4309 -0.0691 -0.8997
vn -0.4150 -0.0690 -0.9072
vn -0.5461 0.0684 -0.8349
vn -0.5387 0.0688 -0.8397
vn -0.5238 0.0690 -0.8491
vn -0.5087 0.0691 -0.8582
vn -0.4934 0.0691 -0.8670
vn -0.4780 0.0692 -0.8756
vn -0.4625 0.0692 -0.8839
vn -0.4468 0.0691 -0.8920
vn -0.4309 0.0691 -0.8997
vn -0.4150 0.0690 -0.9072
vn -0.5354 0.2038 -0.8197
vn -0.5280 0.2051 -0.8241
vn -0.5134 0.2054 -0.8332
vn -0.4987 0.2057 -0.8420
vn -0.4838 0.2059 -0.8506
vn -0.4688 0.2060 -0.8589
vn -0.4537 0.2060 -0.8670
vn -0.4384 0.2059 -0.8749
vn -0.4230 0.2057 -0.8825
vn -0.4075 0.2054 -0.8898
vn -0.5144 0.3354 -0.7892
vn -0.5072 0.3373 -0.7931
vn -0.4933 0.3378 -0.8016
vn -0.4792 0.3382 -0.8099
vn -0.4650 0.3384 -0.8181
vn -0.4508 0.3385 -0.8260
vn -0.4364 0.3385 -0.8337
vn -0.4218 0.3384 -0.8412
vn -0.4072 0.3382 -0.8484
vn -0.3925 0.3378 -0.8555
vn -0.4842 0.4608 -0.7437
vn -0.4772 0.4631 -0.7469
vn -0.4641 0.4635 -0.7548
vn -0.4509 0.4639 -0.7625
vn -0.4376 0.4641 -0.7701
vn -0.4243 0.4642 -0.7775
vn -0.4108 0.4642 -0.7847
vn -0.3972 0.4641 -0.7917
vn -0.3835 0.4639 -0.7986
vn -0.3698 0.4635 -0.8052
vn -0.4459 0.5777 -0.6838
vn -0.4390 0.5800 -0.6862
vn -0.4269 0.5804 -0.6935
vn -0.4146 0.5807 -0.7006
vn -0.4023 0.5809 -0.7076
vn -0.3899 0.5810 -0.7144
vn -0.3774 0.5810 -0.7211
vn -0.3648 0.5809 -0.7276
vn -0.3522 0.5807 -0.7340
vn -0.3394 0.5804 -0.7402
vn -0.4228 0.6343 -0.6472
vn -0.4168 0.6345 -0.6509
vn -0.4053 0.6349 -0.6578
vn -0.3936 0.6351 -0.6646
vn -0.3818 0.6353 -0.6713
vn -0.3700 0.6354 -0.6778
vn -0.3580 0.6354 -0.6842
vn -0.3460 0.6353 -0.6904
vn -0.3340 0.6351 -0.6965
vn -0.3218 0.6349 -0.7024
vn -0.4418 -0.6345 -0.6342
vn -0.4659 -0.5800 -0.6682
vn -0.4611 -0.5777 -0.6736
vn -0.4361 -0.6343 -0.6383
vn -0.5074 -0.4631 -0.7267
vn -0.5018 -0.4608 -0.7320
vn -0.5386 -0.3373 -0.7721
vn -0.5323 -0.3354 -0.7773
vn -0.5593 -0.2051 -0.8032
vn -0.5524 -0.2038 -0.8083
vn -0.5696 -0.0688 -0.8190
vn -0.5624 -0.0684 -0.8241
vn -0.5696 0.0688 -0.8190
vn -0.5624 0.0684 -0.8241
vn -0.5593 0.2051 -0.8032
vn -0.5524 0.2038 -0.8083
vn -0.5386 0.3373 -0.7721
vn -0.5323 0.3354 -0.7773
vn -0.5074 0.4631 -0.7267
vn -0.5018 0.4608 -0.7320
vn -0.5410 -0.6343 -0.5523
vn -0.5707 -0.5777 -0.5836
vn -0.5644 -0.5800 -0.5873
vn -0.5358 -0.6345 -0.5570
vn -0.5540 -0.5804 -0.5969
vn -0.5258 -0.6349 -0.5661
vn -0.5434 -0.5807 -0.6063
vn -0.5157 -0.6351 -0.5751
vn -0.5326 -0.5809 -0.6155
vn -0.5054 -0.6353 -0.5839
vn -0.5218 -0.5810 -0.6246
vn -0.4951 -0.6354 -0.5926
vn -0.5109 -0.5810 -0.6336
vn -0.4846 -0.6354 -0.6012
vn -0.4998 -0.5809 -0.6425
vn -0.4741 -0.6353 -0.6096
vn -0.4886 -0.5807 -0.6512
vn -0.4634 -0.6351 -0.6180
vn -0.4773 -0.5804 -0.6598
vn -0.4527 -0.6349 -0.6261
vn -0.6200 -0.4608 -0.6350
vn -0.6137 -0.4631 -0.6395
vn -0.6025 -0.4635 -0.6498
vn -0.5910 -0.4639 -0.6599
vn -0.5795 -0.4641 -0.6699
vn -0.5678 -0.4642 -0.6798
vn -0.5560 -0.4642 -0.6895
vn -0.5440 -0.4641 -0.6990
vn -0.5319 -0.4639 -0.7084
vn -0.5197 -0.4635 -0.7176
vn -0.6585 -0.3354 -0.6737
vn -0.6522 -0.3373 -0.6789
vn -0.6402 -0.3378 -0.6900
vn -0.6280 -0.3382 -0.7009
vn -0.6157 -0.3384 -0.7116
vn -0.6032 -0.3385 -0.7222
vn -0.5906 -0.3385 -0.7325
vn -0.5778 -0.3384 -0.7427
vn -0.5649 -0.3382 -0.7527
vn -0.5518 -0.3378 -0.7625
vn -0.6850 -0.2038 -0.6995
vn -0.6786 -0.2051 -0.7053
vn -0.6661 -0.2054 -0.7170
vn -0.6534 -0.2057 -0.7285
vn -0.6405 -0.2059 -0.7399
vn -0.6274 -0.2060 -0.7510
vn -0.6141 -0.2060 -0.7618
vn -0.6007 -0.2059 -0.7725
vn -0.5871 -0.2057 -0.7830
vn -0.5733 -0.2054 -0.7932
vn -0.6985 -0.0684 -0.7123
vn -0.6922 -0.0688 -0.7184
vn -0.6794 -0.0690 -0.7306
vn -0.6663 -0.0691 -0.7424
vn -0.6531 -0.0691 -0.7541
vn -0.6397 -0.0692 -0.7655
vn -0.6260 -0.0692 -0.7767
vn -0.6122 -0.0691 -0.7877
vn -0.5982 -0.0691 -0.7984
vn -0.5840 -0.0690 -0.8088
vn -0.6985 0.0684 -0.7123
vn -0.6922 0.0688 -0.7184
vn -0.6794 0.0690 -0.7306
vn -0.6663 0.0691 -0.7425
vn -0.6531 0.0691 -0.7541
vn -0.6397 0.0692 -0.7655
vn -0.6260 0.0692 -0.7767
vn -0.6122 0.0691 -0.7877
vn -0.5982 0.0691 -0.7984
vn -0.5840 0.0690 -0.8088
vn -0.6850 0.2038 -0.6995
vn -0.6786 0.2051 -0.7053
vn -0.6661 0.2054 -0.7170
vn -0.6534 0.2057 -0.7285
vn -0.6405 0.2059 -0.7399
vn -0.6274 0.2060 -0.7510
vn -0.6141 0.2060 -0.7618
vn -0.6007 0.2059 -0.7725
vn -0.5871 0.2057 -0.7830
vn -0.5733 0.2054 -0.7932
vn -0.6585 0.3354 -0.6737
vn -0.6522 0.3373 -0.6789
vn -0.6402 0.3378 -0.6900
vn -0.6280 0.3382 -0.7009
vn -0.6157 0.3384 -0.7116
vn -0.6032 0.3385 -0.7222
vn -0.5906 0.3385 -0.7325
vn -0.5778 0.3384 -0.7427
vn -0.5649 0.3382 -0.7527
vn -0.5518 0.3378 -0.7625
vn -0.6200 0.4608 -0.6350
vn -0.6137 0.4631 -0.6395
vn -0.6025 0.4635 -0.6498
vn -0.5910 0.4639 -0.6599
vn -0.5795 0.4641 -0.6699
vn -0.5678 0.4642 -0.6798
vn -0.5560 0.4642 -0.6895
vn -0.5440 0.4641 -0.6990
vn -0.5319 0.4639 -0.7084
vn -0.5197 0.4635 -0.7176
vn -0.5707 0.5777 -0.5836
vn -0.5644 0.5800 -0.5873
vn -0.5540 0.5804 -0.5969
vn -0.5434 0.5807 -0.6063
vn -0.5326 0.5809 -0.6155
vn -0.5218 0.5810 -0.6246
vn -0.5108 0.5810 -0.6336
vn -0.4998 0.5809 -0.6425
vn -0.4886 0.5807 -0.6512
vn -0.4773 0.5804 -0.6598
vn -0.5409 0.6343 -0.5523
vn -0.5358 0.6345 -0.5570
vn -0.5258 0.6349 -0.5661
vn -0.5157 0.6351 -0.5751
vn -0.5054 0.6353 -0.5839
vn -0.4951 0.6354 -0.5926
vn -0.4846 0.6354 -0.6012
vn -0.4741 0.6353 -0.6096
vn -0.4634 0.6351 -0.6180
vn -0.4527 0.6349 -0.6261
vn -0.5570 -0.6345 -0.5358
vn -0.5873 -0.5800 -0.5644
vn -0.5836 -0.5777 -0.5707
vn -0.5523 -0.6343 -0.5410
vn -0.6395 -0.4631 -0.6137
vn -0.6350 -0.4608 -0.6200
vn -0.6789 -0.3373 -0.6522
vn -0.6737 -0.3354 -0.6585
vn -0.7053 -0.2051 -0.6786
vn -0.6995 -0.2038 -0.6850
vn -0.7184 -0.0688 -0.6922
vn -0.7123 -0.0684 -0.6985
vn -0.7184 0.0688 -0.6922
vn -0.7123 0.0684 -0.6985
vn -0.7053 0.2051 -0.6786
vn -0.6995 0.2038 -0.6850
vn -0.6789 0.3373 -0.6522
vn -0.6737 0.3354 -0.6585
vn -0.6395 0.4631 -0.6137
vn -0.6350 0.4608 -0.6200
vn -0.6383 -0.6343 -0.4361
vn -0.6736 -0.5777 -0.4611
vn -0.6682 -0.5800 -0.4659
vn -0.6342 -0.6345 -0.4418
vn -0.6598 -0.5804 -0.4773
vn -0.6261 -0.6349 -0.4527
vn -0.6512 -0.5807 -0.4886
vn -0.6180 -0.6351 -0.4634
vn -0.6425 -0.5809 -0.4998
vn -0.6096 -0.6353 -0.4741
vn -0.6336 -0.5810 -0.5108
vn -0.6012 -0.6354 -0.4846
vn -0.6246 -0.5810 -0.5218
vn -0.5926 -0.6354 -0.4951
vn -0.6155 -0.5809 -0.5326
vn -0.5839 -0.6353 -0.5054
vn -0.6063 -0.5807 -0.5434
vn -0.5751 -0.6351 -0.5157
vn -0.5969 -0.5804 -0.5540
vn -0.5661 -0.6349 -0.5258
vn -0.7320 -0.4608 -0.5018
vn -0.7267 -0.4631 -0.5074
vn -0.7176 -0.4635 -0.5197
vn -0.7084 -0.4639 -0.5319
vn -0.6990 -0.4641 -0.5440
vn -0.6895 -0.4642 -0.5560
vn -0.6798 -0.4642 -0.5678
vn -0.6699 -0.4641 -0.5795
vn -0.6599 -0.4639 -0.5910
vn -0.6498 -0.4635 -0.6025
vn -0.7773 -0.3354 -0.5323
vn -0.7721 -0.3373 -0.5386
vn -0.7625 -0.3378 -0.5518
vn -0.7527 -0.3382 -0.5649
vn -0.7427 -0.3384 -0.5778
vn -0.7325 -0.3385 -0.5906
vn -0.7222 -0.3385 -0.6032
vn -0.7116 -0.3384 -0.6157
vn -0.7009 -0.3382 -0.6280
vn -0.6900 -0.3378 -0.6402
vn -0.8083 -0.2038 -0.5524
vn -0.8032 -0.2051 -0.5593
vn -0.7932 -0.2054 -0.5733
vn -0.7830 -0.2057 -0.5871
vn -0.7725 -0.2059 -0.6007
vn -0.7619 -0.2060 -0.6141
vn -0.7510 -0.2060 -0.6274
vn -0.7398 -0.2059 -0.6405
vn -0.7285 -0.2057 -0.6534
vn -0.7170 -0.2054 -0.6661
vn -0.8241 -0.0684 -0.5624
vn -0.8190 -0.0688 -0.5696
vn -0.8088 -0.0690 -0.5840
vn -0.7984 -0.0691 -0.5982
vn -0.7877 -0.0691 -0.6122
vn -0.7767 -0.0692 -0.6260
vn -0.7655 -0.0692 -0.6397
vn -0.7541 -0.0691 -0.6531
vn -0.7425 -0.0691 -0.6663
vn -0.7306 -0.0690 -0.6794
vn -0.8241 0.0684 -0.5624
vn -0.8190 0.0688 -0.5696
vn -0.8088 0.0690 -0.5840
vn -0.7984 0.0691 -0.5982
vn -0.7877 0.0691 -0.6122
vn -0.7767 0.0692 -0.6260
vn -0.7655 0.0692 -0.6397
vn -0.7541 0.0691 -0.6531
vn -0.7425 0.0691 -0.6663
vn -0.7306 0.0690 -0.6794
vn -0.8083 0.2038 -0.5524
vn -0.8032 0.2051 -0.5593
vn -0.7932 0.2054 -0.5733
vn -0.7830 0.2057 -0.5871
vn -0.7725 0.2059 -0.6007
vn -0.7618 0.2060 -0.6141
vn -0.7510 0.2060 -0.6274
vn -0.7398 0.2059 -0.6405
vn -0.7285 0.2057 -0.6534
vn -0.7170 0.2054 -0.6661
vn -0.7773 0.3354 -0.5323
vn -0.7721 0.3373 -0.5386
vn -0.7625 0.3378 -0.5518
vn -0.7527 0.3382 -0.5649
vn -0.7427 0.3384 -0.5778
vn -0.7325 0.3385 -0.5906
vn -0.7222 0.3385 -0.6032
vn -0.7116 0.3384 -0.6157
vn -0.7009 0.3382 -0.6280
vn -0.6900 0.3378 -0.6402
vn -0.7320 0.4608 -0.5018
vn -0.7267 0.4631 -0.5074
vn -0.7176 0.4635 -0.5197
vn -0.7084 0.4639 -0.5319
vn -0.6990 0.4641 -0.5440
vn -0.6895 0.4642 -0.5560
vn -0.6798 0.4642 -0.5678
vn -0.6699 0.4641 -0.5795
vn -0.6599 0.4639 -0.5910
vn -0.6498 0.4635 -0.6025
vn -0.6736 0.5777 -0.4611
vn -0.6682 0.5800 -0.4659
vn -0.6598 0.5804 -0.4773
vn -0.6512 0.5807 -0.4886
vn -0.6425 0.5809 -0.4998
vn -0.6336 0.5810 -0.5108
vn -0.6246 0.5810 -0.5218
vn -0.6155 0.5809 -0.5326
vn -0.6063 0.5807 -0.5434
vn -0.5969 0.5804 -0.5540
vn -0.6383 0.6343 -0.4361
vn -0.6342 0.6345 -0.4418
vn -0.6261 0.6349 -0.4527
vn -0.6180 0.6351 -0.4634
vn -0.6096 0.6353 -0.4741
vn -0.6012 0.6354 -0.4846
vn -0.5926 0.6354 -0.4951
vn -0.5839 0.6353 -0.5054
vn -0.5751 0.6351 -0.5157
vn -0.5661 0.6349 -0.5258
vn -0.6509 -0.6345 -0.4168
vn -0.6862 -0.5800 -0.4390
vn -0.6837 -0.5777 -0.4459
vn -0.6472 -0.6343 -0.4228
vn -0.7469 -0.4631 -0.4772
vn -0.7437 -0.4608 -0.4842
vn -0.7931 -0.3373 -0.5072
vn -0.7892 -0.3354 -0.5144
vn -0.8241 -0.2051 -0.5280
vn -0.8197 -0.2038 -0.5354
vn -0.8397 -0.0688 -0.5387
vn -0.8349 -0.0684 -0.5461
vn -0.8397 0.0688 -0.5387
vn -0.8349 0.0684 -0.5461
vn -0.8241 0.2051 -0.5280
vn -0.8197 0.2038 -0.5354
vn -0.7931 0.3373 -0.5072
vn -0.7892 0.3354 -0.5144
vn -0.7469 0.4631 -0.4772
vn -0.7437 0.4608 -0.4842
vn -0.7111 -0.6343 -0.3032
vn -0.7506 -0.5777 -0.3208
vn -0.7462 -0.5800 -0.3266
vn -0.7082 -0.6345 -0.3096
vn -0.7402 -0.5804 -0.3394
vn -0.7024 -0.6349 -0.3218
vn -0.7340 -0.5807 -0.3522
vn -0.6965 -0.6351 -0.3340
vn -0.7276 -0.5809 -0.3648
vn -0.6904 -0.6353 -0.3460
vn -0.7211 -0.5810 -0.3774
vn -0.6842 -0.6354 -0.3580
vn -0.7144 -0.5810 -0.3899
vn -0.6778 -0.6354 -0.3700
vn -0.7076 -0.5809 -0.4023
vn -0.6713 -0.6353 -0.3818
vn -0.7006 -0.5807 -0.4146
vn -0.6646 -0.6351 -0.3936
vn -0.6935 -0.5804 -0.4269
vn -0.6578 -0.6349 -0.4052
vn -0.8158 -0.4608 -0.3494
vn -0.8117 -0.4631 -0.3559
vn -0.8052 -0.4635 -0.3698
vn -0.7986 -0.4639 -0.3835
vn -0.7917 -0.4641 -0.3972
vn -0.7847 -0.4642 -0.4108
vn -0.7775 -0.4642 -0.4242
vn -0.7701 -0.4641 -0.4376
vn -0.7625 -0.4639 -0.4509
vn -0.7548 -0.4635 -0.4641
vn -0.8662 -0.3354 -0.3704
vn -0.8623 -0.3373 -0.3776
vn -0.8555 -0.3378 -0.3925
vn -0.8484 -0.3382 -0.4072
vn -0.8412 -0.3384 -0.4218
vn -0.8337 -0.3385 -0.4364
vn -0.8260 -0.3385 -0.4508
vn -0.8181 -0.3384 -0.4650
vn -0.8099 -0.3382 -0.4792
vn -0.8016 -0.3378 -0.4933
vn -0.9005 -0.2038 -0.3841
vn -0.8969 -0.2051 -0.3919
vn -0.8898 -0.2054 -0.4075
vn -0.8825 -0.2057 -0.4230
vn -0.8749 -0.2059 -0.4384
vn -0.8670 -0.2060 -0.4537
vn -0.8589 -0.2060 -0.4688
vn -0.8506 -0.2059 -0.4838
vn -0.8420 -0.2057 -0.4987
vn -0.8332 -0.2054 -0.5134
vn -0.9179 -0.0684 -0.3908
vn -0.9144 -0.0688 -0.3989
vn -0.9072 -0.0690 -0.4150
vn -0.8997 -0.0691 -0.4309
vn -0.8920 -0.0691 -0.4468
vn -0.8839 -0.0692 -0.4625
vn -0.8756 -0.0692 -0.4780
vn -0.8670 -0.0691 -0.4934
vn -0.8582 -0.0691 -0.5087
vn -0.8491 -0.0690 -0.5238
vn -0.9179 0.0684 -0.3908
vn -0.9144 0.0688 -0.3989
vn -0.9072 0.0690 -0.4150
vn -0.8997 0.0691 -0.4309
vn -0.8920 0.0691 -0.4468
vn -0.8839 0.0692 -0.4625
vn -0.8756 0.0692 -0.4780
vn -0.8670 0.0691 -0.4934
vn -0.8582 0.0691 -0.5087
vn -0.8491 0.0690 -0.5238
vn -0.9005 0.2038 -0.3841
vn -0.8969 0.2051 -0.3919
vn -0.8898 0.2054 -0.4075
vn -0.8825 0.2057 -0.4230
vn -0.8749 0.2059 -0.4384
vn -0.8670 0.2060 -0.4537
vn -0.8589 0.2060 -0.4688
vn -0.8506 0.2059 -0.4838
vn -0.8420 0.2057 -0.4987
vn -0.8332 0.2054 -0.5134
vn -0.8662 0.3354 -0.3704
vn -0.8623 0.3373 -0.3776
vn -0.8555 0.3378 -0.3925
vn -0.8484 0.3382 -0.4072
vn -0.8412 0.3384 -0.4218
vn -0.8337 0.3385 -0.4363
vn -0.8260 0.3385 -0.4507
vn -0.8181 0.3384 -0.4650
vn -0.8099 0.3382 -0.4792
vn -0.8016 0.3378 -0.4933
vn -0.8158 0.4608 -0.3494
vn -0.8117 0.4631 -0.3559
vn -0.8052 0.4635 -0.3697
vn -0.7986 0.4639 -0.3835
vn -0.7917 0.4641 -0.3972
vn -0.7847 0.4642 -0.4108
vn -0.7775 0.4642 -0.4242
vn -0.7701 0.4641 -0.4376
vn -0.7625 0.4639 -0.4509
vn -0.7548 0.4635 -0.4641
vn -0.7506 0.5777 -0.3208
vn -0.7462 0.5800 -0.3266
vn -0.7402 0.5804 -0.3394
vn -0.7340 0.5807 -0.3522
vn -0.7276 0.5809 -0.3648
vn -0.7211 0.5810 -0.3774
vn -0.7144 0.5810 -0.3899
vn -0.7076 0.5809 -0.4023
vn -0.7006 0.5807 -0.4146
vn -0.6935 0.5804 -0.4269
vn -0.7111 0.6343 -0.3032
vn -0.7082 0.6345 -0.3096
vn -0.7024 0.6349 -0.3218
vn -0.6965 0.6351 -0.3340
vn -0.6904 0.6353 -0.3461
vn -0.6842 0.6354 -0.3580
vn -0.6778 0.6354 -0.3700
vn -0.6713 0.6353 -0.3818
vn -0.6646 0.6351 -0.3936
vn -0.6578 0.6349 -0.4052
vn -0.7197 -0.6345 -0.2818
vn -0.7586 -0.5800 -0.2967
vn -0.7576 -0.5777 -0.3039
vn -0.7172 -0.6343 -0.2884
vn -0.8256 -0.4631 -0.3223
vn -0.8239 -0.4608 -0.3299
vn -0.8768 -0.3373 -0.3427
vn -0.8744 -0.3354 -0.3506
vn -0.9113 -0.2051 -0.3571
vn -0.9084 -0.2038 -0.3652
vn -0.9286 -0.0688 -0.3645
vn -0.9254 -0.0684 -0.3728
vn -0.9286 0.0688 -0.3645
vn -0.9254 0.0684 -0.3728
vn -0.9113 0.2051 -0.3571
vn -0.9084 0.2038 -0.3652
vn -0.8768 0.3373 -0.3427
vn -0.8744 0.3354 -0.3506
vn -0.8256 0.4631 -0.3223
vn -0.8239 0.4608 -0.3299
vn -0.7566 -0.6343 -0.1587
vn -0.7988 -0.5777 -0.1682
vn -0.7956 -0.5800 -0.1748
vn -0.7550 -0.6345 -0.1655
vn -0.7922 -0.5804 -0.1885
vn -0.7517 -0.6349 -0.1786
vn -0.7886 -0.5807 -0.2022
vn -0.7483 -0.6351 -0.1917
vn -0.7848 -0.5809 -0.2159
vn -0.7447 -0.6353 -0.2047
vn -0.7809 -0.5810 -0.2295
vn -0.7409 -0.6354 -0.2177
vn -0.7768 -0.5810 -0.2430
vn -0.7370 -0.6354 -0.2306
vn -0.7725 -0.5809 -0.2565
vn -0.7329 -0.6353 -0.2435
vn -0.7680 -0.5807 -0.2700
vn -0.7286 -0.6351 -0.2563
vn -0.7634 -0.5804 -0.2834
vn -0.7242 -0.6349 -0.2691
vn -0.8683 -0.4608 -0.1835
vn -0.8656 -0.4631 -0.1907
vn -0.8619 -0.4635 -0.2055
vn -0.8581 -0.4639 -0.2204
vn -0.8540 -0.4641 -0.2351
vn -0.8498 -0.4642 -0.2498
vn -0.8453 -0.4642 -0.2644
vn -0.8407 -0.4641 -0.2790
vn -0.8359 -0.4639 -0.2935
vn -0.8308 -0.4635 -0.3079
vn -0.9218 -0.3354 -0.1943
vn -0.9194 -0.3373 -0.2022
vn -0.9156 -0.3378 -0.2180
vn -0.9116 -0.3382 -0.2339
vn -0.9073 -0.3384 -0.2496
vn -0.9028 -0.3385 -0.2653
vn -0.8980 -0.3385 -0.2809
vn -0.8931 -0.3384 -0.2965
vn -0.8879 -0.3382 -0.3120
vn -0.8824 -0.3378 -0.3274
vn -0.9581 -0.2038 -0.2010
vn -0.9561 -0.2051 -0.2094
vn -0.9522 -0.2054 -0.2261
vn -0.9480 -0.2057 -0.2427
vn -0.9436 -0.2059 -0.2593
vn -0.9389 -0.2060 -0.2758
vn -0.9339 -0.2060 -0.2923
vn -0.9286 -0.2059 -0.3086
vn -0.9231 -0.2057 -0.3249
vn -0.9173 -0.2054 -0.3410
vn -0.9765 -0.0684 -0.2042
vn -0.9747 -0.0688 -0.2128
vn -0.9707 -0.0690 -0.2300
vn -0.9665 -0.0691 -0.2471
vn -0.9620 -0.0691 -0.2642
vn -0.9572 -0.0692 -0.2811
vn -0.9521 -0.0692 -0.2980
vn -0.9466 -0.0691 -0.3148
vn -0.9409 -0.0691 -0.3315
vn -0.9349 -0.0690 -0.3481
vn -0.9765 0.0684 -0.2042
vn -0.9747 0.0688 -0.2128
vn -0.9707 0.0690 -0.2300
vn -0.9665 0.0691 -0.2471
vn -0.9620 0.0691 -0.2642
vn -0.9572 0.0692 -0.2811
vn -0.9521 0.0692 -0.2980
vn -0.9466 0.0691 -0.3148
vn -0.9409 0.0691 -0.3315
vn -0.9349 0.0690 -0.3481
vn -0.9581 0.2038 -0.2010
vn -0.9561 0.2051 -0.2094
vn -0.9522 0.2054 -0.2261
vn -0.9480 0.2057 -0.2427
vn -0.9436 0.2059 -0.2593
vn -0.9389 0.2060 -0.2758
vn -0.9339 0.2060 -0.2923
vn -0.9286 0.2059 -0.3086
vn -0.9231 0.2057 -0.3249
vn -0.9173 0.2054 -0.3410
vn -0.9218 0.3354 -0.1943
vn -0.9194 0.3373 -0.2022
vn -0.9156 0.3378 -0.2180
vn -0.9116 0.3382 -0.2339
vn -0.9073 0.3384 -0.2496
vn -0.9028 0.3385 -0.2653
vn -0.8980 0.3385 -0.2810
vn -0.8931 0.3384 -0.2965
vn -0.8879 0.3382 -0.3120
vn -0.8824 0.3378 -0.3274
vn -0.8683 0.4608 -0.1835
vn -0.8656 0.4631 -0.1907
vn -0.8619 0.4635 -0.2055
vn -0.8581 0.4639 -0.2203
vn -0.8540 0.4641 -0.2351
vn -0.8498 0.4642 -0.2498
vn -0.8453 0.4642 -0.2644
vn -0.8407 0.4641 -0.2790
vn -0.8359 0.4639 -0.2935
vn -0.8308 0.4635 -0.3079
vn -0.7988 0.5777 -0.1682
vn -0.7956 0.5800 -0.1748
vn -0.7922 0.5804 -0.1885
vn -0.7886 0.5807 -0.2022
vn -0.7848 0.5809 -0.2159
vn -0.7809 0.5810 -0.2295
vn -0.7768 0.5810 -0.2430
vn -0.7725 0.5809 -0.2565
vn -0.7680 0.5807 -0.2700
vn -0.7634 0.5804 -0.2834
vn -0.7566 0.6343 -0.1587
vn -0.7550 0.6345 -0.1655
vn -0.7517 0.6349 -0.1786
vn -0.7483 0.6351 -0.1917
vn -0.7447 0.6353 -0.2047
vn -0.7409 0.6354 -0.2177
vn -0.7370 0.6354 -0.2306
vn -0.7329 0.6353 -0.2435
vn -0.7286 0.6351 -0.2563
vn -0.7242 0.6349 -0.2691
vn -0.7608 -0.6345 -0.1360
vn -0.8019 -0.5800 -0.1430
vn -0.8023 -0.5777 -0.1503
vn -0.7597 -0.6343 -0.1430
vn -0.8727 -0.4631 -0.1550
vn -0.8724 -0.4608 -0.1628
vn -0.9268 -0.3373 -0.1651
vn -0.9260 -0.3354 -0.1732
vn -0.9634 -0.2051 -0.1724
vn -0.9621 -0.2038 -0.1809
vn -0.9819 -0.0688 -0.1764
vn -0.9803 -0.0684 -0.1851
vn -0.9819 0.0688 -0.1764
vn -0.9803 0.0684 -0.1851
vn -0.9634 0.2051 -0.1724
vn -0.9621 0.2038 -0.1809
vn -0.9268 0.3373 -0.1651
vn -0.9260 0.3354 -0.1732
vn -0.8727 0.4631 -0.1550
vn -0.8724 0.4608 -0.1628
vn -0.7730 -0.6343 -0.0080
vn -0.8162 -0.5777 -0.0092
vn -0.8144 -0.5800 -0.0162
vn -0.7728 -0.6345 -0.0150
vn -0.8138 -0.5804 -0.0303
vn -0.7721 -0.6349 -0.0285
vn -0.8129 -0.5807 -0.0445
vn -0.7713 -0.6351 -0.0420
vn -0.8119 -0.5809 -0.0586
vn -0.7703 -0.6353 -0.0555
vn -0.8107 -0.5810 -0.0727
vn -0.7691 -0.6354 -0.0690
vn -0.8093 -0.5810 -0.0868
vn -0.7678 -0.6354 -0.0824
vn -0.8077 -0.5809 -0.1009
vn -0.7663 -0.6353 -0.0959
vn -0.8060 -0.5807 -0.1150
vn -0.7647 -0.6351 -0.1093
vn -0.8040 -0.5804 -0.1290
vn -0.7628 -0.6349 -0.1227
vn -0.8874 -0.4608 -0.0106
vn -0.8861 -0.4631 -0.0182
vn -0.8854 -0.4635 -0.0334
vn -0.8846 -0.4639 -0.0487
vn -0.8835 -0.4641 -0.0640
vn -0.8822 -0.4642 -0.0792
vn -0.8807 -0.4642 -0.0944
vn -0.8790 -0.4641 -0.1096
vn -0.8771 -0.4639 -0.1248
vn -0.8750 -0.4635 -0.1399
vn -0.9420 -0.3354 -0.0108
vn -0.9412 -0.3373 -0.0189
vn -0.9406 -0.3378 -0.0352
vn -0.9397 -0.3382 -0.0515
vn -0.9386 -0.3384 -0.0678
vn -0.9372 -0.3385 -0.0841
vn -0.9356 -0.3385 -0.1004
vn -0.9338 -0.3384 -0.1166
vn -0.9317 -0.3382 -0.1328
vn -0.9294 -0.3378 -0.1490
vn -0.9790 -0.2038 -0.0103
vn -0.9786 -0.2051 -0.0188
vn -0.9780 -0.2054 -0.0360
vn -0.9772 -0.2057 -0.0531
vn -0.9760 -0.2059 -0.0703
vn -0.9746 -0.2060 -0.0874
vn -0.9730 -0.2060 -0.1045
vn -0.9710 -0.2059 -0.1215
vn -0.9688 -0.2057 -0.1385
vn -0.9662 -0.2054 -0.1555
vn -0.9976 -0.0684 -0.0098
vn -0.9975 -0.0688 -0.0186
vn -0.9970 -0.0690 -0.0362
vn -0.9962 -0.0691 -0.0538
vn -0.9950 -0.0691 -0.0714
vn -0.9936 -0.0692 -0.0890
vn -0.9919 -0.0692 -0.1066
vn -0.9899 -0.0691 -0.1241
vn -0.9875 -0.0691 -0.1416
vn -0.9849 -0.0690 -0.1590
vn -0.9976 0.0684 -0.0098
vn -0.9975 0.0688 -0.0186
vn -0.9970 0.0690 -0.0362
vn -0.9962 0.0691 -0.0538
vn -0.9950 0.0691 -0.0714
vn -0.9936 0.0692 -0.0890
vn -0.9919 0.0692 -0.1066
vn -0.9899 0.0691 -0.1241
vn -0.9875 0.0691 -0.1416
vn -0.9849 0.0690 -0.1590
vn -0.9790 0.2038 -0.0103
vn -0.9786 0.2051 -0.0188
vn -0.9780 0.2054 -0.0360
vn -0.9772 0.2057 -0.0531
vn -0.9760 0.2059 -0.0703
vn -0.9746 0.2060 -0.0874
vn -0.9730 0.2060 -0.1045
vn -0.9710 0.2059 -0.1215
vn -0.9688 0.2057 -0.1385
vn -0.9662 0.2054 -0.1555
vn -0.9420 0.3354 -0.0108
vn -0.9412 0.3373 -0.0189
vn -0.9406 0.3378 -0.0352
vn -0.9397 0.3382 -0.0515
vn -0.9386 0.3384 -0.0678
vn -0.9372 0.3385 -0.0841
vn -0.9356 0.3385 -0.1004
vn -0.9338 0.3384 -0.1166
vn -0.9317 0.3382 -0.1328
vn -0.9294 0.3378 -0.1490
vn -0.8874 0.4608 -0.0106
vn -0.8861 0.4631 -0.0182
vn -0.8854 0.4635 -0.0334
vn -0.8846 0.4639 -0.0487
vn -0.8835 0.4641 -0.0640
vn -0.8822 0.4642 -0.0792
vn -0.8807 0.4642 -0.0944
vn -0.8790 0.4641 -0.1096
vn -0.8771 0.4639 -0.1248
vn -0.8750 0.4635 -0.1399
vn -0.8162 0.5777 -0.0092
vn -0.8144 0.5800 -0.0162
vn -0.8138 0.5804 -0.0303
vn -0.8129 0.5807 -0.0445
vn -0.8119 0.5809 -0.0586
vn -0.8107 0.5810 -0.0727
vn -0.8093 0.5810 -0.0868
vn -0.8077 0.5809 -0.1009
vn -0.8060 0.5807 -0.1150
vn -0.8040 0.5804 -0.1290
vn -0.7730 0.6343 -0.0080
vn -0.7728 0.6345 -0.0150
vn -0.7721 0.6349 -0.0285
vn -0.7713 0.6351 -0.0420
vn -0.7703 0.6353 -0.0555
vn -0.7691 0.6354 -0.0690
vn -0.7678 0.6354 -0.0824
vn -0.7663 0.6353 -0.0958
vn -0.7647 0.6351 -0.1093
vn -0.7628 0.6349 -0.1227
vn -0.7728 -0.6345 0.0150
vn -0.8144 -0.5800 0.0162
vn -0.8162 -0.5777 0.0091
vn -0.7730 -0.6343 0.0080
vn -0.8861 -0.4631 0.0182
vn -0.8874 -0.4608 0.0106
vn -0.9412 -0.3373 0.0189
vn -0.9420 -0.3354 0.0107
vn -0.9786 -0.2051 0.0188
vn -0.9790 -0.2038 0.0102
vn -0.9975 -0.0688 0.0186
vn -0.9976 -0.0684 0.0098
vn -0.9975 0.0688 0.0186
vn -0.9976 0.0684 0.0098
vn -0.9786 0.2051 0.0188
vn -0.9790 0.2038 0.0102
vn -0.9412 0.3373 0.0189
vn -0.9420 0.3354 0.0107
vn -0.8861 0.4631 0.0182
vn -0.8874 0.4608 0.0106
vn -0.7597 -0.6343 0.1430
vn -0.8023 -0.5777 0.1503
vn -0.8019 -0.5800 0.1430
vn -0.7608 -0.6345 0.1360
vn -0.8040 -0.5804 0.1290
vn -0.7628 -0.6349 0.1227
vn -0.8060 -0.5807 0.1150
vn -0.7647 -0.6351 0.1093
vn -0.8077 -0.5809 0.1009
vn -0.7663 -0.6353 0.0958
vn -0.8093 -0.5810 0.0868
vn -0.7678 -0.6354 0.0824
vn -0.8107 -0.5810 0.0727
vn -0.7691 -0.6354 0.0690
vn -0.8119 -0.5809 0.0586
vn -0.7703 -0.6353 0.0555
vn -0.8129 -0.5807 0.0445
vn -0.7713 -0.6351 0.0420
vn -0.8138 -0.5804 0.0303
vn -0.7721 -0.6349 0.0285
vn -0.8724 -0.4608 0.1628
vn -0.8727 -0.4631 0.1550
vn -0.8750 -0.4635 0.1399
vn -0.8771 -0.4639 0.1248
vn -0.8790 -0.4641 0.1096
vn -0.8807 -0.4642 0.0944
vn -0.8822 -0.4642 0.0792
vn -0.8835 -0.4641 0.0640
vn -0.8846 -0.4639 0.0487
vn -0.8854 -0.4635 0.0335
vn -0.9260 -0.3354 0.1732
vn -0.9268 -0.3373 0.1651
vn -0.9294 -0.3378 0.1490
vn -0.9317 -0.3382 0.1328
vn -0.9338 -0.3384 0.1166
vn -0.9356 -0.3385 0.1004
vn -0.9372 -0.3385 0.0841
vn -0.9386 -0.3384 0.0678
vn -0.9397 -0.3382 0.0515
vn -0.9406 -0.3378 0.0352
vn -0.9621 -0.2038 0.1809
vn -0.9634 -0.2051 0.1724
vn -0.9662 -0.2054 0.1555
vn -0.9688 -0.2057 0.1385
vn -0.9710 -0.2059 0.1215
vn -0.9730 -0.2060 0.1045
vn -0.9746 -0.2060 0.0874
vn -0.9760 -0.2059 0.0703
vn -0.9772 -0.2057 0.0531
vn -0.9780 -0.2054 0.0360
vn -0.9804 -0.0684 0.1850
vn -0.9819 -0.0688 0.1764
vn -0.9849 -0.0690 0.1590
vn -0.9875 -0.0691 0.1416
vn -0.9899 -0.0691 0.1241
vn -0.9919 -0.0692 0.1066
vn -0.9936 -0.0692 0.0890
vn -0.9950 -0.0691 0.0714
vn -0.9962 -0.0691 0.0538
vn -0.9970 -0.0690 0.0362
vn -0.9804 0.0684 0.1850
vn -0.9819 0.0688 0.1764
vn -0.9849 0.0690 0.1590
vn -0.9875 0.0691 0.1416
vn -0.9899 0.0691 0.1241
vn -0.9919 0.0692 0.1066
vn -0.9936 0.0692 0.0890
vn -0.9950 0.0691 0.0714
vn -0.9962 0.0691 0.0538
vn -0.9970 0.0690 0.0362
vn -0.9621 0.2038 0.1809
vn -0.9634 0.2051 0.1724
vn -0.9662 0.2054 0.1555
vn -0.9688 0.2057 0.1385
vn -0.9710 0.2059 0.1215
vn -0.9730 0.2060 0.1045
vn -0.9746 0.2060 0.0874
vn -0.9760 0.2059 0.0703
vn -0.9772 0.2057 0.0531
vn -0.9780 0.2054 0.0360
vn -0.9260 0.3354 0.1732
vn -0.9268 0.3373 0.1651
vn -0.9294 0.3378 0.1490
vn -0.9317 0.3382 0.1328
vn -0.9338 0.3384 0.1166
vn -0.9356 0.3385 0.1004
vn -0.9372 0.3385 0.0841
vn -0.9386 0.3384 0.0678
vn -0.9397 0.3382 0.0515
vn -0.9406 0.3378 0.0352
vn -0.8724 0.4608 0.1628
vn -0.8727 0.4631 0.1550
vn -0.8750 0.4635 0.1399
vn -0.8771 0.4639 0.1248
vn -0.8790 0.4641 0.1096
vn -0.8807 0.4642 0.0944
vn -0.8822 0.4642 0.0792
vn -0.8835 0.4641 0.0640
vn -0.8846 0.4639 0.0487
vn -0.8854 0.4635 0.0335
vn -0.8023 0.5777 0.1503
vn -0.8019 0.5800 0.1430
vn -0.8040 0.5804 0.1290
vn -0.8060 0.5807 0.1150
vn -0.8077 0.5809 0.1009
vn -0.8093 0.5810 0.0868
vn -0.8107 0.5810 0.0727
vn -0.8119 0.5809 0.0586
vn -0.8129 0.5807 0.0445
vn -0.8138 0.5804 0.0303
vn -0.7597 0.6343 0.1430
vn -0.7608 0.6345 0.1360
vn -0.7628 0.6349 0.1227
vn -0.7647 0.6351 0.1093
vn -0.7663 0.6353 0.0958
vn -0.7678 0.6354 0.0824
vn -0.7691 0.6354 0.0690
vn -0.7703 0.6353 0.0555
vn -0.7713 0.6351 0.0420
vn -0.7721 0.6349 0.0285
vn -0.7550 -0.6345 0.1655
vn -0.7956 -0.5800 0.1748
vn -0.7988 -0.5777 0.1682
vn -0.7566 -0.6343 0.1587
vn -0.8656 -0.4631 0.1907
vn -0.8683 -0.4608 0.1835
vn -0.9194 -0.3373 0.2022
vn -0.9218 -0.3354 0.1943
vn -0.9561 -0.2051 0.2094
vn -0.9581 -0.2038 0.2010
vn -0.9747 -0.0688 0.2128
vn -0.9765 -0.0684 0.2042
vn -0.9747 0.0688 0.2128
vn -0.9765 0.0684 0.2042
vn -0.9561 0.2051 0.2094
vn -0.9581 0.2038 0.2010
vn -0.9194 0.3373 0.2022
vn -0.9218 0.3354 0.1943
vn -0.8656 0.4631 0.1907
vn -0.8683 0.4608 0.1835
vn -0.7173 -0.6343 0.2884
vn -0.7576 -0.5777 0.3039
vn -0.7586 -0.5800 0.2967
vn -0.7197 -0.6345 0.2818
vn -0.7634 -0.5804 0.2834
vn -0.7242 -0.6349 0.2691
vn -0.7680 -0.5807 0.2700
vn -0.7286 -0.6351 0.2563
vn -0.7725 -0.5809 0.2565
vn -0.7329 -0.6353 0.2435
vn -0.7768 -0.5810 0.2430
vn -0.7370 -0.6354 0.2306
vn -0.7809 -0.5810 0.2295
vn -0.7409 -0.6354 0.2177
vn -0.7848 -0.5809 0.2159
vn -0.7447 -0.6353 0.2047
vn -0.7886 -0.5807 0.2022
vn -0.7483 -0.6351 0.1917
vn -0.7922 -0.5804 0.1885
vn -0.7517 -0.6349 0.1786
vn -0.8239 -0.4608 0.3299
vn -0.8256 -0.4631 0.3223
vn -0.8308 -0.4635 0.3079
vn -0.8359 -0.4639 0.2935
vn -0.8407 -0.4641 0.2790
vn -0.8453 -0.4642 0.2644
vn -0.8498 -0.4642 0.2498
vn -0.8540 -0.4641 0.2351
vn -0.8581 -0.4639 0.2203
vn -0.8619 -0.4635 0.2056
vn -0.8744 -0.3354 0.3506
vn -0.8768 -0.3373 0.3427
vn -0.8824 -0.3378 0.3274
vn -0.8879 -0.3382 0.3120
vn -0.8931 -0.3384 0.2965
vn -0.8980 -0.3385 0.2809
vn -0.9028 -0.3385 0.2653
vn -0.9073 -0.3384 0.2496
vn -0.9116 -0.3382 0.2339
vn -0.9156 -0.3378 0.2180
vn -0.9084 -0.2038 0.3652
vn -0.9113 -0.2051 0.3571
vn -0.9173 -0.2054 0.3410
vn -0.9231 -0.2057 0.3249
vn -0.9286 -0.2059 0.3086
vn -0.9339 -0.2060 0.2923
vn -0.9389 -0.2060 0.2758
vn -0.9436 -0.2059 0.2593
vn -0.9480 -0.2057 0.2427
vn -0.9522 -0.2054 0.2261
vn -0.9254 -0.0684 0.3727
vn -0.9286 -0.0688 0.3645
vn -0.9349 -0.0690 0.3481
vn -0.9409 -0.0691 0.3315
vn -0.9466 -0.0691 0.3148
vn -0.9521 -0.0692 0.2980
vn -0.9572 -0.0692 0.2811
vn -0.9620 -0.0691 0.2642
vn -0.9665 -0.0691 0.2471
vn -0.9707 -0.0690 0.2300
vn -0.9254 0.0684 0.3728
vn -0.9286 0.0688 0.3645
vn -0.9349 0.0690 0.3481
vn -0.9409 0.0691 0.3315
vn -0.9466 0.0691 0.3148
vn -0.9521 0.0692 0.2980
vn -0.9572 0.0692 0.2811
vn -0.9620 0.0691 0.2642
vn -0.9665 0.0691 0.2471
vn -0.9707 0.0690 0.2300
vn -0.9084 0.2038 0.3652
vn -0.9113 0.2051 0.3571
vn -0.9173 0.2054 0.3410
vn -0.9231 0.2057 0.3249
vn -0.9286 0.2059 0.3086
vn -0.9339 0.2060 0.2923
vn -0.9389 0.2060 0.2758
vn -0.9436 0.2059 0.2593
vn -0.9480 0.2057 0.2427
vn -0.9522 0.2054 0.2261
vn -0.8744 0.3354 0.3506
vn -0.8768 0.3373 0.3427
vn -0.8824 0.3378 0.3274
vn -0.8879 0.3382 0.3120
vn -0.8931 0.3384 0.2965
vn -0.8980 0.3385 0.2809
vn -0.9028 0.3385 0.2653
vn -0.9073 0.3384 0.2496
vn -0.9116 0.3382 0.2339
vn -0.9156 0.3378 0.2180
vn -0.8239 0.4608 0.3298
vn -0.8256 0.4631 0.3223
vn -0.8308 0.4635 0.3079
vn -0.8359 0.4639 0.2935
vn -0.8407 0.4641 0.2790
vn -0.8453 0.4642 0.2644
vn -0.8498 0.4642 0.2498
vn -0.8540 0.4641 0.2351
vn -0.8581 0.4639 0.2203
vn -0.8619 0.4635 0.2056
vn -0.7576 0.5777 0.3039
vn -0.7586 0.5800 0.2967
vn -0.7634 0.5804 0.2834
vn -0.7680 0.5807 0.2700
vn -0.7725 0.5809 0.2565
vn -0.7768 0.5810 0.2430
vn -0.7809 0.5810 0.2295
vn -0.7848 0.5809 0.2159
vn -0.7886 0.5807 0.2022
vn -0.7922 0.5804 0.1885
vn -0.7172 0.6343 0.2884
vn -0.7197 0.6345 0.2818
vn -0.7242 0.6349 0.2691
vn -0.7286 0.6351 0.2563
vn -0.7329 0.6353 0.2435
vn -0.7370 0.6354 0.2306
vn -0.7409 0.6354 0.2177
vn -0.7447 0.6353 0.2047
vn -0.7483 0.6351 0.1917
vn -0.7517 0.6349 0.1786
vn -0.7082 -0.6345 0.3096
vn -0.7462 -0.5800 0.3266
vn -0.7506 -0.5777 0.3208
vn -0.7111 -0.6343 0.3032
vn -0.8117 -0.4631 0.3559
vn -0.8158 -0.4608 0.3494
vn -0.8623 -0.3373 0.3776
vn -0.8662 -0.3354 0.3704
vn -0.8969 -0.2051 0.3919
vn -0.9005 -0.2038 0.3841
vn -0.9144 -0.0688 0.3989
vn -0.9179 -0.0684 0.3908
vn -0.9144 0.0688 0.3989
vn -0.9179 0.0684 0.3908
vn -0.8969 0.2051 0.3919
vn -0.9005 0.2038 0.3841
vn -0.8623 0.3373 0.3776
vn -0.8662 0.3354 0.3704
vn -0.8117 0.4631 0.3559
vn -0.8158 0.4608 0.3494
vn -0.6472 -0.6343 0.4228
vn -0.6838 -0.5777 0.4459
vn -0.6862 -0.5800 0.4390
vn -0.6509 -0.6345 0.4168
vn -0.6935 -0.5804 0.4269
vn -0.6578 -0.6349 0.4053
vn -0.7006 -0.5807 0.4146
vn -0.6646 -0.6351 0.3936
vn -0.7076 -0.5809 0.4023
vn -0.6713 -0.6353 0.3818
vn -0.7144 -0.5810 0.3899
vn -0.6778 -0.6354 0.3700
vn -0.7211 -0.5810 0.3774
vn -0.6842 -0.6354 0.3581
vn -0.7276 -0.5809 0.3648
vn -0.6904 -0.6353 0.3460
vn -0.7340 -0.5807 0.3522
vn -0.6965 -0.6351 0.3340
vn -0.7402 -0.5804 0.3394
vn -0.7024 -0.6349 0.3218
vn -0.7437 -0.4608 0.4842
vn -0.7469 -0.4631 0.4772
vn -0.7548 -0.4635 0.4641
vn -0.7625 -0.4639 0.4509
vn -0.7701 -0.4641 0.4376
vn -0.7775 -0.4642 0.4243
vn -0.7847 -0.4642 0.4108
vn -0.7917 -0.4641 0.3972
vn -0.7986 -0.4639 0.3835
vn -0.8052 -0.4635 0.3698
vn -0.7892 -0.3354 0.5144
vn -0.7931 -0.3373 0.5072
vn -0.8016 -0.3378 0.4933
vn -0.8099 -0.3382 0.4792
vn -0.8181 -0.3384 0.4650
vn -0.8260 -0.3385 0.4508
vn -0.8337 -0.3385 0.4363
vn -0.8412 -0.3384 0.4218
vn -0.8484 -0.3382 0.4072
vn -0.8555 -0.3378 0.3925
vn -0.8197 -0.2038 0.5354
vn -0.8241 -0.2051 0.5280
vn -0.8332 -0.2054 0.5134
vn -0.8420 -0.2057 0.4987
vn -0.8506 -0.2059 0.4838
vn -0.8589 -0.2060 0.4688
vn -0.8670 -0.2060 0.4537
vn -0.8749 -0.2059 0.4384
vn -0.8825 -0.2057 0.4230
vn -0.8898 -0.2054 0.4075
vn -0.8349 -0.0684 0.5461
vn -0.8397 -0.0688 0.5387
vn -0.8491 -0.0690 0.5238
vn -0.8582 -0.0691 0.5087
vn -0.8670 -0.0691 0.4934
vn -0.8756 -0.0692 0.4780
vn -0.8839 -0.0692 0.4625
vn -0.8920 -0.0691 0.4468
vn -0.8997 -0.0691 0.4309
vn -0.9072 -0.0690 0.4150
vn -0.8349 0.0684 0.5461
vn -0.8397 0.0688 0.5387
vn -0.8491 0.0690 0.5238
vn -0.8582 0.0691 0.5087
vn -0.8670 0.0691 0.4934
vn -0.8756 0.0692 0.4780
vn -0.8839 0.0692 0.4625
vn -0.8920 0.0691 0.4468
vn -0.8997 0.0691 0.4309
vn -0.9072 0.0690 0.4150
vn -0.8197 0.2038 0.5354
vn -0.8241 0.2051 0.5280
vn -0.8332 0.2054 0.5134
vn -0.8420 0.2057 0.4987
vn -0.8506 0.2059 0.4838
vn -0.8589 0.2060 0.4688
vn -0.8670 0.2060 0.4537
vn -0.8749 0.2059 0.4384
vn -0.8825 0.2057 0.4230
vn -0.8898 0.2054 0.4075
vn -0.7892 0.3354 0.5144
vn -0.7931 0.3373 0.5072
vn -0.8016 0.3378 0.4933
vn -0.8099 0.3382 0.4792
vn -0.8181 0.3384 0.4650
vn -0.8260 0.3385 0.4508
vn -0.8337 0.3385 0.4364
vn -0.8412 0.3384 0.4218
vn -0.8484 0.3382 0.4072
vn -0.8555 0.3378 0.3925
vn -0.7437 0.4608 0.4842
vn -0.7469 0.4631 0.4772
vn -0.7548 0.4635 0.4641
vn -0.7625 0.4639 0.4509
vn -0.7701 0.4641 0.4376
vn -0.7775 0.4642 0.4243
vn -0.7847 0.4642 0.4108
vn -0.7917 0.4641 0.3972
vn -0.7986 0.4639 0.3835
vn -0.8052 0.4635 0.3698
vn -0.6837 0.5777 0.4459
vn -0.6862 0.5800 0.4390
vn -0.6935 0.5804 0.4269
vn -0.7006 0.5807 0.4146
vn -0.7076 0.5809 0.4023
vn -0.7144 0.5810 0.3899
vn -0.7211 0.5810 0.3774
vn -0.7276 0.5809 0.3648
vn -0.7340 0.5807 0.3522
vn -0.7402 0.5804 0.3394
vn -0.6472 0.6343 0.4228
vn -0.6509 0.6345 0.4168
vn -0.6578 0.6349 0.4053
vn -0.6646 0.6351 0.3936
vn -0.6713 0.6353 0.3818
vn -0.6778 0.6354 0.3700
vn -0.6842 0.6354 0.3580
vn -0.6904 0.6353 0.3460
vn -0.6965 0.6351 0.3340
vn -0.7024 0.6349 0.3218
vn -0.6342 -0.6345 0.4418
vn -0.6682 -0.5800 0.4659
vn -0.6736 -0.5777 0.4611
vn -0.6383 -0.6343 0.4361
vn -0.7267 -0.4631 0.5074
vn -0.7320 -0.4608 0.5018
vn -0.7721 -0.3373 0.5386
vn -0.7773 -0.3354 0.5323
vn -0.8032 -0.2051 0.5593
vn -0.8083 -0.2038 0.5524
vn -0.8190 -0.0688 0.5696
vn -0.8241 -0.0684 0.5624
vn -0.8190 0.0688 0.5696
vn -0.8241 0.0684 0.5624
vn -0.8032 0.2051 0.5593
vn -0.8083 0.2038 0.5524
vn -0.7721 0.3373 0.5386
vn -0.7773 0.3354 0.5323
vn -0.7267 0.4631 0.5074
vn -0.7320 0.4608 0.5018
vn -0.5523 -0.6343 0.5410
vn -0.5836 -0.5777 0.5707
vn -0.5873 -0.5800 0.5644
vn -0.5570 -0.6345 0.5358
vn -0.5969 -0.5804 0.5540
vn -0.5661 -0.6349 0.5258
vn -0.6063 -0.5807 0.5434
vn -0.5751 -0.6351 0.5157
vn -0.6155 -0.5809 0.5326
vn -0.5839 -0.6353 0.5054
vn -0.6246 -0.5810 0.5218
vn -0.5926 -0.6354 0.4951
vn -0.6336 -0.5810 0.5109
vn -0.6012 -0.6354 0.4846
vn -0.6425 -0.5809 0.4998
vn -0.6096 -0.6353 0.4741
vn -0.6512 -0.5807 0.4886
vn -0.6180 -0.6351 0.4634
vn -0.6598 -0.5804 0.4773
vn -0.6261 -0.6349 0.4527
vn -0.6350 -0.4608 0.6200
vn -0.6395 -0.4631 0.6137
vn -0.6498 -0.4635 0.6025
vn -0.6599 -0.4639 0.5910
vn -0.6699 -0.4641 0.5795
vn -0.6798 -0.4642 0.5678
vn -0.6895 -0.4642 0.5560
vn -0.6990 -0.4641 0.5440
vn -0.7084 -0.4639 0.5319
vn -0.7176 -0.4635 0.5197
vn -0.6737 -0.3354 0.6585
vn -0.6789 -0.3373 0.6522
vn -0.6900 -0.3378 0.6402
vn -0.7009 -0.3382 0.6280
vn -0.7116 -0.3384 0.6157
vn -0.7222 -0.3385 0.6032
vn -0.7325 -0.3385 0.5906
vn -0.7427 -0.3384 0.5778
vn -0.7527 -0.3382 0.5649
vn -0.7625 -0.3378 0.5518
vn -0.6995 -0.2038 0.6850
vn -0.7053 -0.2051 0.6786
vn -0.7170 -0.2054 0.6661
vn -0.7285 -0.2057 0.6534
vn -0.7399 -0.2059 0.6405
vn -0.7510 -0.2060 0.6274
vn -0.7618 -0.2060 0.6141
vn -0.7725 -0.2059 0.6007
vn -0.7830 -0.2057 0.5871
vn -0.7932 -0.2054 0.5733
vn -0.7123 -0.0684 0.6985
vn -0.7184 -0.0688 0.6922
vn -0.7306 -0.0690 0.6794
vn -0.7425 -0.0691 0.6663
vn -0.7541 -0.0691 0.6531
vn -0.7655 -0.0692 0.6397
vn -0.7767 -0.0692 0.6260
vn -0.7877 -0.0691 0.6122
vn -0.7984 -0.0691 0.5982
vn -0.8088 -0.0690 0.5840
vn -0.7123 0.0684 0.6985
vn -0.7184 0.0688 0.6922
vn -0.7306 0.0690 0.6794
vn -0.7425 0.0691 0.6663
vn -0.7541 0.0691 0.6531
vn -0.7655 0.0692 0.6397
vn -0.7767 0.0692 0.6260
vn -0.7877 0.0691 0.6122
vn -0.7984 0.0691 0.5982
vn -0.8088 0.0690 0.5840
vn -0.6995 0.2038 0.6850
vn -0.7053 0.2051 0.6786
vn -0.7170 0.2054 0.6661
vn -0.7285 0.2057 0.6534
vn -0.7399 0.2059 0.6405
vn -0.7510 0.2060 0.6274
vn -0.7618 0.2060 0.6141
vn -0.7725 0.2059 0.6007
vn -0.7830 0.2057 0.5871
vn -0.7932 0.2054 0.5733
vn -0.6737 0.3354 0.6585
vn -0.6789 0.3373 0.6522
vn -0.6900 0.3378 0.6402
vn -0.7009 0.3382 0.6280
vn -0.7116 0.3384 0.6157
vn -0.7222 0.3385 0.6032
vn -0.7325 0.3385 0.5906
vn -0.7427 0.3384 0.5778
vn -0.7527 0.3382 0.5649
vn -0.7625 0.3378 0.5518
vn -0.6350 0.4608 0.6200
vn -0.6395 0.4631 0.6137
vn -0.6498 0.4635 0.6025
vn -0.6599 0.4639 0.5910
vn -0.6699 0.4641 0.5795
vn -0.6798 0.4642 0.5678
vn -0.6895 0.4642 0.5560
vn -0.6990 0.4641 0.5440
vn -0.7084 0.4639 0.5319
vn -0.7176 0.4635 0.5197
vn -0.5836 0.5777 0.5707
vn -0.5873 0.5800 0.5644
vn -0.5969 0.5804 0.5540
vn -0.6063 0.5807 0.5434
vn -0.6155 0.5809 0.5326
vn -0.6246 0.5810 0.5218
vn -0.6336 0.5810 0.5109
vn -0.6425 0.5809 0.4998
vn -0.6512 0.5807 0.4886
vn -0.6598 0.5804 0.4773
vn -0.5523 0.6343 0.5410
vn -0.5570 0.6345 0.5358
vn -0.5661 0.6349 0.5258
vn -0.5751 0.6351 0.5157
vn -0.5839 0.6353 0.5054
vn -0.5926 0.6354 0.4951
vn -0.6012 0.6354 0.4846
vn -0.6096 0.6353 0.4741
vn -0.6180 0.6351 0.4634
vn -0.6261 0.6349 0.4527
vn -0.5358 -0.6345 0.5570
vn -0.5644 -0.5800 0.5873
vn -0.5707 -0.5777 0.5836
vn -0.5410 -0.6343 0.5523
vn -0.6137 -0.4631 0.6395
vn -0.6200 -0.4608 0.6350
vn -0.6522 -0.3373 0.6789
vn -0.6585 -0.3354 0.6737
vn -0.6786 -0.2051 0.7053
vn -0.6850 -0.2038 0.6995
vn -0.6922 -0.0688 0.7184
vn -0.6985 -0.0684 0.7123
vn -0.6922 0.0688 0.7184
vn -0.6985 0.0684 0.7123
vn -0.6786 0.2051 0.7053
vn -0.6850 0.2038 0.6995
vn -0.6522 0.3373 0.6789
vn -0.6585 0.3354 0.6737
vn -0.6137 0.4631 0.6395
vn -0.6200 0.4608 0.6350
vn -0.4361 -0.6343 0.6383
vn -0.4611 -0.5777 0.6736
vn -0.4659 -0.5800 0.6682
vn -0.4418 -0.6345 0.6342
vn -0.4773 -0.5804 0.6598
vn -0.4527 -0.6349 0.6261
vn -0.4886 -0.5807 0.6512
vn -0.4634 -0.6351 0.6180
vn -0.4998 -0.5809 0.6425
vn -0.4741 -0.6353 0.6096
vn -0.5108 -0.5810 0.6336
vn -0.4846 -0.6354 0.6012
vn -0.5218 -0.5810 0.6246
vn -0.4951 -0.6354 0.5926
vn -0.5326 -0.5809 0.6155
vn -0.5054 -0.6353 0.5839
vn -0.5434 -0.5807 0.6063
vn -0.5157 -0.6351 0.5751
vn -0.5540 -0.5804 0.5969
vn -0.5258 -0.6349 0.5661
vn -0.5018 -0.4608 0.7320
vn -0.5074 -0.4631 0.7267
vn -0.5197 -0.4635 0.7176
vn -0.5319 -0.4639 0.7084
vn -0.5440 -0.4641 0.6990
vn -0.5560 -0.4642 0.6895
vn -0.5678 -0.4642 0.6798
vn -0.5795 -0.4641 0.6699
vn -0.5910 -0.4639 0.6599
vn -0.6024 -0.4635 0.6498
vn -0.5323 -0.3354 0.7773
vn -0.5386 -0.3373 0.7721
vn -0.5518 -0.3378 0.7625
vn -0.5649 -0.3382 0.7527
vn -0.5778 -0.3384 0.7427
vn -0.5906 -0.3385 0.7325
vn -0.6032 -0.3385 0.7222
vn -0.6157 -0.3384 0.7116
vn -0.6280 -0.3382 0.7009
vn -0.6402 -0.3378 0.6900
vn -0.5524 -0.2038 0.8083
vn -0.5593 -0.2051 0.8032
vn -0.5733 -0.2054 0.7932
vn -0.5871 -0.2057 0.7830
vn -0.6007 -0.2059 0.7725
vn -0.6141 -0.2060 0.7618
vn -0.6274 -0.2060 0.7510
vn -0.6405 -0.2059 0.7398
vn -0.6534 -0.2057 0.7285
vn -0.6661 -0.2054 0.7170
vn -0.5624 -0.0684 0.8241
vn -0.5696 -0.0688 0.8190
vn -0.5840 -0.0690 0.8088
vn -0.5982 -0.0691 0.7984
vn -0.6122 -0.0691 0.7877
vn -0.6260 -0.0692 0.7767
vn -0.6397 -0.0692 0.7655
vn -0.6531 -0.0691 0.7541
vn -0.6663 -0.0691 0.7425
vn -0.6794 -0.0690 0.7306
vn -0.5624 0.0684 0.8241
vn -0.5696 0.0688 0.8190
vn -0.5840 0.0690 0.8088
vn -0.5982 0.0691 0.7984
vn -0.6122 0.0691 0.7877
vn -0.6260 0.0692 0.7767
vn -0.6397 0.0692 0.7655
vn -0.6531 0.0691 0.7541
vn -0.6663 0.0691 0.7425
vn -0.6794 0.0690 0.7306
vn -0.5524 0.2038 0.8083
vn -0.5593 0.2051 0.8032
vn -0.5733 0.2054 0.7932
vn -0.5871 0.2057 0.7830
vn -0.6007 0.2059 0.7725
vn -0.6141 0.2060 0.7618
vn -0.6274 0.2060 0.7510
vn -0.6405 0.2059 0.7398
vn -0.6534 0.2057 0.7285
vn -0.6661 0.2054 0.7170
vn -0.5323 0.3354 0.7773
vn -0.5386 0.3373 0.7721
vn -0.5518 0.3378 0.7625
vn -0.5649 0.3382 0.7527
vn -0.5778 0.3384 0.7427
vn -0.5906 0.3385 0.7325
vn -0.6032 0.3385 0.7222
vn -0.6157 0.3384 0.7116
vn -0.6280 0.3382 0.7009
vn -0.6402 0.3378 0.6900
vn -0.5018 0.4608 0.7320
vn -0.5074 0.4631 0.7267
vn -0.5197 0.4635 0.7176
vn -0.5319 0.4639 0.7084
vn -0.5440 0.4641 0.6990
vn -0.5560 0.4642 0.6895
vn -0.5678 0.4642 0.6798
vn -0.5795 0.4641 0.6699
vn -0.5910 0.4639 0.6599
vn -0.6024 0.4635 0.6498
vn -0.4611 0.5777 0.6736
vn -0.4659 0.5800 0.6682
vn -0.4773 0.5804 0.6598
vn -0.4886 0.5807 0.6512
vn -0.4998 0.5809 0.6425
vn -0.5108 0.5810 0.6336
vn -0.5218 0.5810 0.6246
vn -0.5326 0.5809 0.6155
vn -0.5434 0.5807 0.6063
vn -0.5540 0.5804 0.5969
vn -0.4361 0.6343 0.6383
vn -0.4418 0.6345 0.6342
vn -0.4527 0.6349 0.6261
vn -0.4634 0.6351 0.6180
vn -0.4741 0.6353 0.6096
vn -0.4846 0.6354 0.6012
vn -0.4951 0.6354 0.5926
vn -0.5054 0.6353 0.5839
vn -0.5157 0.6351 0.5751
vn -0.5258 0.6349 0.5661
vn -0.4168 -0.6345 0.6509
vn -0.4390 -0.5800 0.6862
vn -0.4459 -0.5777 0.6838
vn -0.4228 -0.6343 0.6472
vn -0.4772 -0.4631 0.7469
vn -0.4842 -0.4608 0.7437
vn -0.5072 -0.3373 0.7931
vn -0.5144 -0.3354 0.7892
vn -0.5280 -0.2051 0.8241
vn -0.5354 -0.2038 0.8197
vn -0.5387 -0.0688 0.8397
vn -0.5461 -0.0684 0.8349
vn -0.5387 0.0688 0.8397
vn -0.5461 0.0684 0.8349
vn -0.5280 0.2051 0.8241
vn -0.5354 0.2038 0.8197
vn -0.5072 0.3373 0.7931
vn -0.5144 0.3354 0.7892
vn -0.4772 0.4631 0.7469
vn -0.4842 0.4608 0.7437
vn -0.3032 -0.6343 0.7111
vn -0.3208 -0.5777 0.7506
vn -0.3266 -0.5800 0.7462
vn -0.3096 -0.6345 0.7082
vn -0.3394 -0.5804 0.7402
vn -0.3218 -0.6349 0.7024
vn -0.3522 -0.5807 0.7340
vn -0.3340 -0.6351 0.6965
vn -0.3648 -0.5809 0.7276
vn -0.3461 -0.6353 0.6904
vn -0.3774 -0.5810 0.7211
vn -0.3580 -0.6354 0.6842
vn -0.3899 -0.5810 0.7144
vn -0.3700 -0.6354 0.6778
vn -0.4023 -0.5809 0.7076
vn -0.3818 -0.6353 0.6713
vn -0.4146 -0.5807 0.7006
vn -0.3936 -0.6351 0.6646
vn -0.4269 -0.5804 0.6935
vn -0.4052 -0.6349 0.6578
vn -0.3494 -0.4608 0.8158
vn -0.3559 -0.4631 0.8117
vn -0.3697 -0.4635 0.8052
vn -0.3835 -0.4639 0.7986
vn -0.3972 -0.4641 0.7917
vn -0.4108 -0.4642 0.7847
vn -0.4243 -0.4642 0.7775
vn -0.4376 -0.4641 0.7701
vn -0.4509 -0.4639 0.7625
vn -0.4641 -0.4635 0.7548
vn -0.3704 -0.3354 0.8662
vn -0.3777 -0.3373 0.8623
vn -0.3925 -0.3378 0.8555
vn -0.4072 -0.3382 0.8484
vn -0.4218 -0.3384 0.8412
vn -0.4363 -0.3385 0.8337
vn -0.4508 -0.3385 0.8260
vn -0.4650 -0.3384 0.8181
vn -0.4792 -0.3382 0.8099
vn -0.4933 -0.3378 0.8016
vn -0.3841 -0.2038 0.9005
vn -0.3919 -0.2051 0.8969
vn -0.4075 -0.2054 0.8898
vn -0.4230 -0.2057 0.8825
vn -0.4384 -0.2059 0.8749
vn -0.4537 -0.2060 0.8670
vn -0.4688 -0.2060 0.8589
vn -0.4838 -0.2059 0.8506
vn -0.4987 -0.2057 0.8420
vn -0.5134 -0.2054 0.8332
vn -0.3908 -0.0684 0.9179
vn -0.3989 -0.0688 0.9144
vn -0.4150 -0.0690 0.9072
vn -0.4309 -0.0691 0.8997
vn -0.4468 -0.0691 0.8920
vn -0.4625 -0.0692 0.8839
vn -0.4780 -0.0692 0.8756
vn -0.4934 -0.0691 0.8670
vn -0.5087 -0.0691 0.8582
vn -0.5238 -0.0690 0.8491
vn -0.3908 0.0684 0.9179
vn -0.3989 0.0688 0.9144
vn -0.4150 0.0690 0.9072
vn -0.4309 0.0691 0.8997
vn -0.4468 0.0691 0.8920
vn -0.4625 0.0692 0.8839
vn -0.4780 0.0692 0.8756
vn -0.4934 0.0691 0.8670
vn -0.5087 0.0691 0.8582
vn -0.5238 0.0690 0.8491
vn -0.3841 0.2038 0.9005
vn -0.3919 0.2051 0.8969
vn -0.4075 0.2054 0.8898
vn -0.4230 0.2057 0.8825
vn -0.4384 0.2059 0.8749
vn -0.4537 0.2060 0.8670
vn -0.4688 0.2060 0.8589
vn -0.4838 0.2059 0.8506
vn -0.4987 0.2057 0.8420
vn -0.5134 0.2054 0.8332
vn -0.3704 0.3354 0.8662
vn -0.3776 0.3373 0.8623
vn -0.3925 0.3378 0.8555
vn -0.4072 0.3382 0.8484
vn -0.4218 0.3384 0.8412
vn -0.4363 0.3385 0.8337
vn -0.4508 0.3385 0.8260
vn -0.4650 0.3384 0.8181
vn -0.4792 0.3382 0.8099
vn -0.4933 0.3378 0.8016
vn -0.3494 0.4608 0.8158
vn -0.3559 0.4631 0.8117
vn -0.3698 0.4635 0.8052
vn -0.3835 0.4639 0.7986
vn -0.3972 0.4641 0.7917
vn -0.4108 0.4642 0.7847
vn -0.4243 0.4642 0.7775
vn -0.4376 0.4641 0.7701
vn -0.4509 0.4639 0.7625
vn -0.4641 0.4635 0.7548
vn -0.3208 0.5777 0.7506
vn -0.3266 0.5800 0.7463
vn -0.3394 0.5804 0.7402
vn -0.3522 0.5807 0.7340
vn -0.3648 0.5809 0.7276
vn -0.3774 0.5810 0.7211
vn -0.3899 0.5810 0.7144
vn -0.4023 0.5809 0.7076
vn -0.4146 0.5807 0.7006
vn -0.4269 0.5804 0.6935
vn -0.3032 0.6343 0.7111
vn -0.3096 0.6345 0.7082
vn -0.3218 0.6349 0.7024
vn -0.3340 0.6351 0.6965
vn -0.3460 0.6353 0.6904
vn -0.3580 0.6354 0.6842
vn -0.3700 0.6354 0.6778
vn -0.3818 0.6353 0.6713
vn -0.3936 0.6351 0.6646
vn -0.4052 0.6349 0.6578
vn -0.2818 -0.6345 0.7197
vn -0.2967 -0.5800 0.7586
vn -0.3039 -0.5777 0.7576
vn -0.2884 -0.6343 0.7172
vn -0.3223 -0.4631 0.8256
vn -0.3298 -0.4608 0.8239
vn -0.3427 -0.3373 0.8768
vn -0.3506 -0.3354 0.8744
vn -0.3571 -0.2051 0.9113
vn -0.3652 -0.2038 0.9084
vn -0.3645 -0.0688 0.9286
vn -0.3728 -0.0684 0.9254
vn -0.3645 0.0688 0.9286
vn -0.3728 0.0684 0.9254
vn -0.3571 0.2051 0.9113
vn -0.3652 0.2038 0.9084
vn -0.3427 0.3373 0.8768
vn -0.3506 0.3354 0.8744
vn -0.3223 0.4631 0.8256
vn -0.3298 0.4608 0.8239
vn -0.1587 -0.6343 0.7566
vn -0.1682 -0.5777 0.7988
vn -0.1748 -0.5800 0.7956
vn -0.1655 -0.6345 0.7550
vn -0.1885 -0.5804 0.7922
vn -0.1786 -0.6349 0.7517
vn -0.2022 -0.5807 0.7886
vn -0.1917 -0.6351 0.7483
vn -0.2159 -0.5809 0.7848
vn -0.2047 -0.6353 0.7447
vn -0.2295 -0.5810 0.7809
vn -0.2177 -0.6354 0.7409
vn -0.2430 -0.5810 0.7768
vn -0.2306 -0.6354 0.7370
vn -0.2565 -0.5809 0.7725
vn -0.2435 -0.6353 0.7329
vn -0.2700 -0.5807 0.7680
vn -0.2563 -0.6351 0.7286
vn -0.2834 -0.5804 0.7634
vn -0.2691 -0.6349 0.7242
vn -0.1835 -0.4608 0.8683
vn -0.1907 -0.4631 0.8656
vn -0.2055 -0.4635 0.8619
vn -0.2204 -0.4639 0.8581
vn -0.2351 -0.4641 0.8540
vn -0.2498 -0.4642 0.8498
vn -0.2644 -0.4642 0.8453
vn -0.2790 -0.4641 0.8407
vn -0.2935 -0.4639 0.8359
vn -0.3079 -0.4635 0.8308
vn -0.1943 -0.3354 0.9218
vn -0.2022 -0.3373 0.9194
vn -0.2180 -0.3378 0.9156
vn -0.2339 -0.3382 0.9116
vn -0.2496 -0.3384 0.9073
vn -0.2653 -0.3385 0.9028
vn -0.2809 -0.3385 0.8980
vn -0.2965 -0.3384 0.8931
vn -0.3120 -0.3382 0.8879
vn -0.3274 -0.3378 0.8824
vn -0.2010 -0.2038 0.9581
vn -0.2094 -0.2051 0.9561
vn -0.2261 -0.2054 0.9522
vn -0.2427 -0.2057 0.9480
vn -0.2593 -0.2059 0.9436
vn -0.2758 -0.2060 0.9389
vn -0.2923 -0.2060 0.9339
vn -0.3086 -0.2059 0.9286
vn -0.3249 -0.2057 0.9231
vn -0.3410 -0.2054 0.9173
vn -0.2042 -0.0684 0.9765
vn -0.2128 -0.0688 0.9747
vn -0.2300 -0.0690 0.9707
vn -0.2471 -0.0691 0.9665
vn -0.2642 -0.0691 0.9620
vn -0.2811 -0.0692 0.9572
vn -0.2980 -0.0692 0.9521
vn -0.3148 -0.0691 0.9466
vn -0.3315 -0.0691 0.9409
vn -0.3481 -0.0690 0.9349
vn -0.2042 0.0684 0.9765
vn -0.2128 0.0688 0.9747
vn -0.2300 0.0690 0.9707
vn -0.2471 0.0691 0.9665
vn -0.2642 0.0691 0.9620
vn -0.2811 0.0692 0.9572
vn -0.2980 0.0692 0.9521
vn -0.3148 0.0691 0.9466
vn -0.3315 0.0691 0.9409
vn -0.3481 0.0690 0.9349
vn -0.2010 0.2038 0.9581
vn -0.2094 0.2051 0.9561
vn -0.2261 0.2054 0.9522
vn -0.2427 0.2057 0.9480
vn -0.2593 0.2059 0.9436
vn -0.2758 0.2060 0.9389
vn -0.2923 0.2060 0.9339
vn -0.3086 0.2059 0.9286
vn -0.3249 0.2057 0.9231
vn -0.3410 0.2054 0.9173
vn -0.1943 0.3354 0.9218
vn -0.2022 0.3373 0.9194
vn -0.2180 0.3378 0.9156
vn -0.2339 0.3382 0.9116
vn -0.2496 0.3384 0.9073
vn -0.2653 0.3385 0.9028
vn -0.2809 0.3385 0.8980
vn -0.2965 0.3384 0.8931
vn -0.3120 0.3382 0.8879
vn -0.3274 0.3378 0.8824
vn -0.1835 0.4608 0.8683
vn -0.1907 0.4631 0.8656
vn -0.2056 0.4635 0.8619
vn -0.2204 0.4639 0.8581
vn -0.2351 0.4641 0.8540
vn -0.2498 0.4642 0.8498
vn -0.2644 0.4642 0.8453
vn -0.2790 0.4641 0.8407
vn -0.2935 0.4639 0.8359
vn -0.3079 0.4635 0.8309
vn -0.1682 0.5777 0.7988
vn -0.1748 0.5800 0.7956
vn -0.1885 0.5804 0.7922
vn -0.2022 0.5807 0.7886
vn -0.2159 0.5809 0.7848
vn -0.2295 0.5810 0.7809
vn -0.2430 0.5810 0.7768
vn -0.2565 0.5809 0.7725
vn -0.2700 0.5807 0.7680
vn -0.2834 0.5804 0.7634
vn -0.1587 0.6343 0.7566
vn -0.1655 0.6345 0.7550
vn -0.1786 0.6349 0.7517
vn -0.1917 0.6351 0.7483
vn -0.2047 0.6353 0.7447
vn -0.2177 0.6354 0.7409
vn -0.2306 0.6354 0.7370
vn -0.2435 0.6353 0.7329
vn -0.2563 0.6351 0.7286
vn -0.2691 0.6349 0.7242
vn -0.1360 -0.6345 0.7608
vn -0.1430 -0.5800 0.8019
vn -0.1503 -0.5777 0.8023
vn -0.1430 -0.6343 0.7597
vn -0.1550 -0.4631 0.8727
vn -0.1628 -0.4608 0.8724
vn -0.1651 -0.3373 0.9268
vn -0.1732 -0.3354 0.9260
vn -0.1724 -0.2051 0.9634
vn -0.1809 -0.2038 0.9621
vn -0.1764 -0.0688 0.9819
vn -0.1851 -0.0684 0.9803
vn -0.1764 0.0688 0.9819
vn -0.1851 0.0684 0.9803
vn -0.1724 0.2051 0.9634
vn -0.1809 0.2038 0.9621
vn -0.1651 0.3373 0.9268
vn -0.1732 0.3354 0.9260
vn -0.1550 0.4631 0.8727
vn -0.1628 0.4608 0.8724
vn -0.0080 -0.6343 0.7730
vn -0.0091 -0.5777 0.8162
vn -0.0162 -0.5800 0.8144
vn -0.0150 -0.6345 0.7728
vn -0.0303 -0.5804 0.8138
vn -0.0285 -0.6349 0.7721
vn -0.0445 -0.5807 0.8129
vn -0.0420 -0.6351 0.7713
vn -0.0586 -0.5809 0.8119
vn -0.0555 -0.6353 0.7703
vn -0.0727 -0.5810 0.8107
vn -0.0690 -0.6354 0.7691
vn -0.0868 -0.5810 0.8093
vn -0.0824 -0.6354 0.7678
vn -0.1009 -0.5809 0.8077
vn -0.0959 -0.6353 0.7663
vn -0.1150 -0.5807 0.8060
vn -0.1093 -0.6351 0.7647
vn -0.1290 -0.5804 0.8040
vn -0.1227 -0.6349 0.7628
vn -0.0106 -0.4608 0.8874
vn -0.0182 -0.4631 0.8861
vn -0.0335 -0.4635 0.8854
vn -0.0487 -0.4639 0.8846
vn -0.0640 -0.4641 0.8835
vn -0.0792 -0.4642 0.8822
vn -0.0944 -0.4642 0.8807
vn -0.1096 -0.4641 0.8790
vn -0.1248 -0.4639 0.8771
vn -0.1399 -0.4635 0.8750
vn -0.0107 -0.3354 0.9420
vn -0.0189 -0.3373 0.9412
vn -0.0352 -0.3378 0.9406
vn -0.0515 -0.3382 0.9397
vn -0.0678 -0.3384 0.9386
vn -0.0841 -0.3385 0.9372
vn -0.1004 -0.3385 0.9356
vn -0.1166 -0.3384 0.9338
vn -0.1328 -0.3382 0.9317
vn -0.1490 -0.3378 0.9294
vn -0.0102 -0.2038 0.9790
vn -0.0188 -0.2051 0.9786
vn -0.0360 -0.2054 0.9780
vn -0.0531 -0.2057 0.9772
vn -0.0703 -0.2059 0.9760
vn -0.0874 -0.2060 0.9746
vn -0.1045 -0.2060 0.9730
vn -0.1215 -0.2059 0.9710
vn -0.1385 -0.2057 0.9688
vn -0.1555 -0.2054 0.9662
vn -0.0098 -0.0684 0.9976
vn -0.0186 -0.0688 0.9975
vn -0.0362 -0.0690 0.9970
vn -0.0538 -0.0691 0.9962
vn -0.0714 -0.0691 0.9950
vn -0.0890 -0.0692 0.9936
vn -0.1066 -0.0692 0.9919
vn -0.1241 -0.0691 0.9899
vn -0.1416 -0.0691 0.9875
vn -0.1590 -0.0690 0.9849
vn -0.0098 0.0684 0.9976
vn -0.0186 0.0688 0.9975
vn -0.0362 0.0690 0.9970
vn -0.0538 0.0691 0.9962
vn -0.0714 0.0691 0.9950
vn -0.0890 0.0692 0.9936
vn -0.1066 0.0692 0.9919
vn -0.1241 0.0691 0.9899
vn -0.1416 0.0691 0.9875
vn -0.1590 0.0690 0.9849
vn -0.0102 0.2038 0.9790
vn -0.0188 0.2051 0.9786
vn -0.0360 0.2054 0.9780
vn -0.0531 0.2057 0.9772
vn -0.0703 0.2059 0.9760
vn -0.0874 0.2060 0.9746
vn -0.1044 0.2060 0.9730
vn -0.1215 0.2059 0.9710
vn -0.1385 0.2057 0.9688
vn -0.1555 0.2054 0.9662
vn -0.0107 0.3354 0.9420
vn -0.0189 0.3373 0.9412
vn -0.0352 0.3378 0.9406
vn -0.0515 0.3382 0.9397
vn -0.0678 0.3384 0.9386
vn -0.0841 0.3385 0.9372
vn -0.1003 0.3385 0.9356
vn -0.1166 0.3384 0.9338
vn -0.1328 0.3382 0.9317
vn -0.1490 0.3378 0.9294
vn -0.0106 0.4608 0.8874
vn -0.0182 0.4631 0.8861
vn -0.0334 0.4635 0.8854
vn -0.0487 0.4639 0.8846
vn -0.0640 0.4641 0.8835
vn -0.0792 0.4642 0.8822
vn -0.0944 0.4642 0.8807
vn -0.1096 0.4641 0.8790
vn -0.1248 0.4639 0.8771
vn -0.1399 0.4635 0.8750
vn -0.0091 0.5777 0.8162
vn -0.0162 0.5800 0.8144
vn -0.0303 0.5804 0.8138
vn -0.0445 0.5807 0.8129
vn -0.0586 0.5809 0.8119
vn -0.0727 0.5810 0.8107
vn -0.0868 0.5810 0.8093
vn -0.1009 0.5809 0.8077
vn -0.1150 0.5807 0.8060
vn -0.1290 0.5804 0.8040
vn -0.0080 0.6343 0.7730
vn -0.0150 0.6345 0.7727
vn -0.0285 0.6349 0.7721
vn -0.0420 0.6351 0.7713
vn -0.0555 0.6353 0.7703
vn -0.0690 0.6354 0.7691
vn -0.0824 0.6354 0.7678
vn -0.0959 0.6353 0.7663
vn -0.1093 0.6351 0.7647
vn -0.1227 0.6349 0.7628
vn 0.0150 -0.6345 0.7728
vn 0.0162 -0.5800 0.8144
vn 0.0091 -0.5777 0.8162
vn 0.0080 -0.6343 0.7730
vn 0.0182 -0.4631 0.8861
vn 0.0106 -0.4608 0.8874
vn 0.0189 -0.3373 0.9412
vn 0.0107 -0.3354 0.9420
vn 0.0188 -0.2051 0.9786
vn 0.0102 -0.2038 0.9790
vn 0.0186 -0.0688 0.9975
vn 0.0097 -0.0684 0.9976
vn 0.0186 0.0688 0.9975
vn 0.0097 0.0684 0.9976
vn 0.0188 0.2051 0.9786
vn 0.0102 0.2038 0.9790
vn 0.0189 0.3373 0.9412
vn 0.0107 0.3354 0.9420
vn 0.0182 0.4631 0.8861
vn 0.0106 0.4608 0.8874
vn 0.1430 -0.6343 0.7597
vn 0.1503 -0.5777 0.8023
vn 0.1430 -0.5800 0.8019
vn 0.1360 -0.6345 0.7608
vn 0.1290 -0.5804 0.8040
vn 0.1227 -0.6349 0.7628
vn 0.1150 -0.5807 0.8060
vn 0.1093 -0.6351 0.7647
vn 0.1009 -0.5809 0.8077
vn 0.0959 -0.6353 0.7663
vn 0.0868 -0.5810 0.8093
vn 0.0824 -0.6354 0.7678
vn 0.0727 -0.5810 0.8107
vn 0.0690 -0.6354 0.7691
vn 0.0586 -0.5809 0.8119
vn 0.0555 -0.6353 0.7703
vn 0.0445 -0.5807 0.8129
vn 0.0420 -0.6351 0.7713
vn 0.0303 -0.5804 0.8138
vn 0.0285 -0.6349 0.7721
vn 0.1628 -0.4608 0.8724
vn 0.1550 -0.4631 0.8727
vn 0.1399 -0.4635 0.8750
vn 0.1248 -0.4639 0.8771
vn 0.1096 -0.4641 0.8790
vn 0.0944 -0.4642 0.8807
vn 0.0792 -0.4642 0.8822
vn 0.0640 -0.4641 0.8835
vn 0.0487 -0.4639 0.8846
vn 0.0335 -0.4635 0.8854
vn 0.1732 -0.3354 0.9260
vn 0.1651 -0.3373 0.9268
vn 0.1490 -0.3378 0.9294
vn 0.1328 -0.3382 0.9317
vn 0.1166 -0.3384 0.9338
vn 0.1004 -0.3385 0.9356
vn 0.0841 -0.3385 0.9372
vn 0.0678 -0.3384 0.9386
vn 0.0515 -0.3382 0.9397
vn 0.0352 -0.3378 0.9406
vn 0.1809 -0.2038 0.9621
vn 0.1724 -0.2051 0.9634
vn 0.1555 -0.2054 0.9662
vn 0.1385 -0.2057 0.9688
vn 0.1215 -0.2059 0.9710
vn 0.1045 -0.2060 0.9730
vn 0.0874 -0.2060 0.9746
vn 0.0703 -0.2059 0.9760
vn 0.0531 -0.2057 0.9772
vn 0.0360 -0.2054 0.9780
vn 0.1851 -0.0684 0.9803
vn 0.1764 -0.0688 0.9819
vn 0.1590 -0.0690 0.9849
vn 0.1416 -0.0691 0.9875
vn 0.1241 -0.0691 0.9899
vn 0.1066 -0.0692 0.9919
vn 0.0890 -0.0692 0.9936
vn 0.0714 -0.0691 0.9950
vn 0.0538 -0.0691 0.9962
vn 0.0362 -0.0690 0.9970
vn 0.1851 0.0684 0.9803
vn 0.1764 0.0688 0.9819
vn 0.1590 0.0690 0.9849
vn 0.1415 0.0691 0.9875
vn 0.1241 0.0691 0.9899
vn 0.1066 0.0692 0.9919
vn 0.0890 0.0692 0.9936
vn 0.0714 0.0691 0.9950
vn 0.0538 0.0691 0.9962
vn 0.0362 0.0690 0.9970
vn 0.1809 0.2038 0.9621
vn 0.1724 0.2051 0.9634
vn 0.1555 0.2054 0.9662
vn 0.1385 0.2057 0.9688
vn 0.1215 0.2059 0.9710
vn 0.1045 0.2060 0.9730
vn 0.0874 0.2060 0.9746
vn 0.0703 0.2059 0.9760
vn 0.0531 0.2057 0.9772
vn 0.0360 0.2054 0.9780
vn 0.1732 0.3354 0.9260
vn 0.1651 0.3373 0.9268
vn 0.1490 0.3378 0.9294
vn 0.1328 0.3382 0.9317
vn 0.1166 0.3384 0.9338
vn 0.1004 0.3385 0.9356
vn 0.0841 0.3385 0.9372
vn 0.0678 0.3384 0.9386
vn 0.0515 0.3382 0.9397
vn 0.0352 0.3378 0.9406
vn 0.1628 0.4608 0.8724
vn 0.1550 0.4631 0.8727
vn 0.1399 0.4635 0.8750
vn 0.1248 0.4639 0.8771
vn 0.1096 0.4641 0.8790
vn 0.0944 0.4642 0.8807
vn 0.0792 0.4642 0.8822
vn 0.0640 0.4641 0.8835
vn 0.0487 0.4639 0.8846
vn 0.0335 0.4635 0.8854
vn 0.1503 0.5777 0.8023
vn 0.1430 0.5800 0.8019
vn 0.1290 0.5804 0.8040
vn 0.1150 0.5807 0.8060
vn 0.1009 0.5809 0.8077
vn 0.0868 0.5810 0.8093
vn 0.0727 0.5810 0.8107
vn 0.0586 0.5809 0.8119
vn 0.0445 0.5807 0.8129
vn 0.0303 0.5804 0.8138
vn 0.1430 0.6343 0.7597
vn 0.1360 0.6345 0.7608
vn 0.1227 0.6349 0.7628
vn 0.1093 0.6351 0.7647
vn 0.0959 0.6353 0.7663
vn 0.0824 0.6354 0.7678
vn 0.0690 0.6354 0.7691
vn 0.0555 0.6353 0.7703
vn 0.0420 0.6351 0.7713
vn 0.0285 0.6349 0.7721
vn 0.1655 -0.6345 0.7550
vn 0.1748 -0.5800 0.7956
vn 0.1682 -0.5777 0.7988
vn 0.1587 -0.6343 0.7566
vn 0.1907 -0.4631 0.8656
vn 0.1835 -0.4608 0.8683
vn 0.2022 -0.3373 0.9194
vn 0.1943 -0.3354 0.9218
vn 0.2094 -0.2051 0.9561
vn 0.2010 -0.2038 0.9581
vn 0.2128 -0.0688 0.9747
vn 0.2042 -0.0684 0.9765
vn 0.2128 0.0688 0.9747
vn 0.2042 0.0684 0.9765
vn 0.2094 0.2051 0.9561
vn 0.2010 0.2038 0.9581
vn 0.2022 0.3373 0.9194
vn 0.1943 0.3354 0.9218
vn 0.1907 0.4631 0.8656
vn 0.1835 0.4608 0.8683
vn 0.2884 -0.6343 0.7173
vn 0.3039 -0.5777 0.7576
vn 0.2967 -0.5800 0.7586
vn 0.2819 -0.6345 0.7197
vn 0.2834 -0.5804 0.7634
vn 0.2691 -0.6349 0.7242
vn 0.2700 -0.5807 0.7680
vn 0.2563 -0.6351 0.7286
vn 0.2565 -0.5809 0.7725
vn 0.2435 -0.6353 0.7329
vn 0.2430 -0.5810 0.7768
vn 0.2306 -0.6354 0.7370
vn 0.2295 -0.5810 0.7809
vn 0.2177 -0.6354 0.7409
vn 0.2159 -0.5809 0.7848
vn 0.2047 -0.6353 0.7447
vn 0.2022 -0.5807 0.7886
vn 0.1917 -0.6351 0.7483
vn 0.1885 -0.5804 0.7922
vn 0.1786 -0.6349 0.7517
vn 0.3298 -0.4608 0.8239
vn 0.3223 -0.4631 0.8256
vn 0.3079 -0.4635 0.8308
vn 0.2935 -0.4639 0.8359
vn 0.2790 -0.4641 0.8407
vn 0.2644 -0.4642 0.8453
vn 0.2498 -0.4642 0.8498
vn 0.2351 -0.4641 0.8540
vn 0.2204 -0.4639 0.8581
vn 0.2056 -0.4635 0.8619
vn 0.3506 -0.3354 0.8744
vn 0.3427 -0.3373 0.8768
vn 0.3274 -0.3378 0.8824
vn 0.3120 -0.3382 0.8879
vn 0.2965 -0.3384 0.8931
vn 0.2810 -0.3385 0.8980
vn 0.2653 -0.3385 0.9028
vn 0.2496 -0.3384 0.9073
vn 0.2339 -0.3382 0.9116
vn 0.2180 -0.3378 0.9156
vn 0.3652 -0.2038 0.9084
vn 0.3571 -0.2051 0.9113
vn 0.3410 -0.2054 0.9173
vn 0.3249 -0.2057 0.9231
vn 0.3086 -0.2059 0.9286
vn 0.2923 -0.2060 0.9339
vn 0.2758 -0.2060 0.9389
vn 0.2593 -0.2059 0.9436
vn 0.2427 -0.2057 0.9480
vn 0.2261 -0.2054 0.9522
vn 0.3727 -0.0684 0.9254
vn 0.3645 -0.0688 0.9286
vn 0.3481 -0.0690 0.9349
vn 0.3315 -0.0691 0.9409
vn 0.3148 -0.0691 0.9466
vn 0.2980 -0.0692 0.9521
vn 0.2811 -0.0692 0.9572
vn 0.2642 -0.0691 0.9620
vn 0.2471 -0.0691 0.9665
vn 0.2300 -0.0690 0.9707
vn 0.3728 0.0684 0.9254
vn 0.3645 0.0688 0.9286
vn 0.3481 0.0690 0.9349
vn 0.3315 0.0691 0.9409
vn 0.3148 0.0691 0.9466
vn 0.2980 0.0692 0.9521
vn 0.2811 0.0692 0.9572
vn 0.2642 0.0691 0.9620
vn 0.2471 0.0691 0.9665
vn 0.2300 0.0690 0.9707
vn 0.3652 0.2038 0.9084
vn 0.3571 0.2051 0.9113
vn 0.3410 0.2054 0.9173
vn 0.3249 0.2057 0.9231
vn 0.3086 0.2059 0.9286
vn 0.2923 0.2060 0.9339
vn 0.2758 0.2060 0.9389
vn 0.2593 0.2059 0.9436
vn 0.2427 0.2057 0.9480
vn 0.2261 0.2054 0.9522
vn 0.3506 0.3354 0.8744
vn 0.3427 0.3373 0.8768
vn 0.3274 0.3378 0.8824
vn 0.3120 0.3382 0.8879
vn 0.2965 0.3384 0.8931
vn 0.2810 0.3385 0.8980
vn 0.2653 0.3385 0.9028
vn 0.2496 0.3384 0.9073
vn 0.2339 0.3382 0.9116
vn 0.2180 0.3378 0.9156
vn 0.3298 0.4608 0.8239
vn 0.3223 0.4631 0.8256
vn 0.3079 0.4635 0.8308
vn 0.2935 0.4639 0.8359
vn 0.2790 0.4641 0.8407
vn 0.2644 0.4642 0.8453
vn 0.2498 0.4642 0.8498
vn 0.2351 0.4641 0.8540
vn 0.2203 0.4639 0.8581
vn 0.2056 0.4635 0.8619
vn 0.3039 0.5777 0.7576
vn 0.2967 0.5800 0.7586
vn 0.2834 0.5804 0.7634
vn 0.2700 0.5807 0.7680
vn 0.2565 0.5809 0.7725
vn 0.2430 0.5810 0.7768
vn 0.2295 0.5810 0.7809
vn 0.2159 0.5809 0.7848
vn 0.2022 0.5807 0.7886
vn 0.1885 0.5804 0.7922
vn 0.2884 0.6343 0.7172
vn 0.2818 0.6345 0.7197
vn 0.2691 0.6349 0.7242
vn 0.2563 0.6351 0.7286
vn 0.2435 0.6353 0.7329
vn 0.2306 0.6354 0.7370
vn 0.2177 0.6354 0.7409
vn 0.2047 0.6353 0.7447
vn 0.1917 0.6351 0.7483
vn 0.1786 0.6349 0.7517
vn 0.3096 -0.6345 0.7082
vn 0.3266 -0.5800 0.7462
vn 0.3208 -0.5777 0.7506
vn 0.3032 -0.6343 0.7111
vn 0.3559 -0.4631 0.8117
vn 0.3494 -0.4608 0.8158
vn 0.3776 -0.3373 0.8623
vn 0.3704 -0.3354 0.8662
vn 0.3919 -0.2051 0.8969
vn 0.3841 -0.2038 0.9005
vn 0.3989 -0.0688 0.9144
vn 0.3908 -0.0684 0.9179
vn 0.3989 0.0688 0.9144
vn 0.3908 0.0684 0.9179
vn 0.3919 0.2051 0.8969
vn 0.3841 0.2038 0.9005
vn 0.3776 0.3373 0.8623
vn 0.3704 0.3354 0.8662
vn 0.3559 0.4631 0.8117
vn 0.3494 0.4608 0.8158
vn 0.4228 -0.6343 0.6472
vn 0.4459 -0.5777 0.6837
vn 0.4390 -0.5800 0.6862
vn 0.4168 -0.6345 0.6509
vn 0.4269 -0.5804 0.6935
vn 0.4052 -0.6349 0.6578
vn 0.4146 -0.5807 0.7006
vn 0.3936 -0.6351 0.6646
vn 0.4023 -0.5809 0.7076
vn 0.3818 -0.6353 0.6713
vn 0.3899 -0.5810 0.7144
vn 0.3700 -0.6354 0.6778
vn 0.3774 -0.5810 0.7211
vn 0.3580 -0.6354 0.6842
vn 0.3648 -0.5809 0.7276
vn 0.3460 -0.6353 0.6904
vn 0.3522 -0.5807 0.7340
vn 0.3340 -0.6351 0.6965
vn 0.3394 -0.5804 0.7402
vn 0.3218 -0.6349 0.7024
vn 0.4843 -0.4608 0.7437
vn 0.4772 -0.4631 0.7469
vn 0.4641 -0.4635 0.7548
vn 0.4509 -0.4639 0.7625
vn 0.4376 -0.4641 0.7701
vn 0.4243 -0.4642 0.7775
vn 0.4108 -0.4642 0.7847
vn 0.3972 -0.4641 0.7917
vn 0.3835 -0.4639 0.7986
vn 0.3698 -0.4635 0.8052
vn 0.5144 -0.3354 0.7892
vn 0.5072 -0.3373 0.7931
vn 0.4933 -0.3378 0.8016
vn 0.4792 -0.3382 0.8099
vn 0.4650 -0.3384 0.8181
vn 0.4508 -0.3385 0.8260
vn 0.4363 -0.3385 0.8337
vn 0.4218 -0.3384 0.8412
vn 0.4072 -0.3382 0.8484
vn 0.3925 -0.3378 0.8555
vn 0.5354 -0.2038 0.8197
vn 0.5280 -0.2051 0.8241
vn 0.5134 -0.2054 0.8332
vn 0.4987 -0.2057 0.8420
vn 0.4838 -0.2059 0.8506
vn 0.4688 -0.2060 0.8589
vn 0.4537 -0.2060 0.8670
vn 0.4384 -0.2059 0.8749
vn 0.4230 -0.2057 0.8825
vn 0.4075 -0.2054 0.8898
vn 0.5461 -0.0684 0.8349
vn 0.5387 -0.0688 0.8397
vn 0.5238 -0.0690 0.8491
vn 0.5087 -0.0691 0.8582
vn 0.4934 -0.0691 0.8670
vn 0.4780 -0.0692 0.8756
vn 0.4625 -0.0692 0.8839
vn 0.4468 -0.0691 0.8920
vn 0.4309 -0.0691 0.8997
vn 0.4150 -0.0690 0.9072
vn 0.5461 0.0684 0.8349
vn 0.5387 0.0688 0.8397
vn 0.5238 0.0690 0.8491
vn 0.5087 0.0691 0.8582
vn 0.4934 0.0691 0.8670
vn 0.4780 0.0692 0.8756
vn 0.4625 0.0692 0.8839
vn 0.4468 0.0691 0.8920
vn 0.4309 0.0691 0.8997
vn 0.4150 0.0690 0.9072
vn 0.5354 0.2038 0.8197
vn 0.5280 0.2051 0.8241
vn 0.5134 0.2054 0.8332
vn 0.4987 0.2057 0.8420
vn 0.4838 0.2059 0.8506
vn 0.4688 0.2060 0.8589
vn 0.4537 0.2060 0.8670
vn 0.4384 0.2059 0.8749
vn 0.4230 0.2057 0.8825
vn 0.4075 0.2054 0.8898
vn 0.5144 0.3354 0.7892
vn 0.5072 0.3373 0.7931
vn 0.4933 0.3378 0.8016
vn 0.4792 0.3382 0.8099
vn 0.4650 0.3384 0.8181
vn 0.4508 0.3385 0.8260
vn 0.4363 0.3385 0.8337
vn 0.4218 0.3384 0.8412
vn 0.4072 0.3382 0.8484
vn 0.3925 0.3378 0.8555
vn 0.4842 0.4608 0.7437
vn 0.4772 0.4631 0.7469
vn 0.4641 0.4635 0.7548
vn 0.4509 0.4639 0.7625
vn 0.4376 0.4641 0.7701
vn 0.4242 0.4642 0.7775
vn 0.4108 0.4642 0.7847
vn 0.3972 0.4641 0.7917
vn 0.3835 0.4639 0.7986
vn 0.3698 0.4635 0.8052
vn 0.4459 0.5777 0.6837
vn 0.4390 0.5800 0.6862
vn 0.4269 0.5804 0.6935
vn 0.4146 0.5807 0.7006
vn 0.4023 0.5809 0.7076
vn 0.3899 0.5810 0.7144
vn 0.3774 0.5810 0.7211
vn 0.3648 0.5809 0.7276
vn 0.3522 0.5807 0.7340
vn 0.3394 0.5804 0.7402
vn 0.4228 0.6343 0.6472
vn 0.4168 0.6345 0.6509
vn 0.4053 0.6349 0.6578
vn 0.3936 0.6351 0.6646
vn 0.3818 0.6353 0.6713
vn 0.3700 0.6354 0.6778
vn 0.3580 0.6354 0.6842
vn 0.3460 0.6353 0.6904
vn 0.3340 0.6351 0.6965
vn 0.3218 0.6349 0.7024
vn 0.4418 -0.6345 0.6342
vn 0.4659 -0.5800 0.6682
vn 0.4611 -0.5777 0.6736
vn 0.4361 -0.6343 0.6383
vn 0.5074 -0.4631 0.7267
vn 0.5018 -0.4608 0.7320
vn 0.5386 -0.3373 0.7721
vn 0.5323 -0.3354 0.7773
vn 0.5593 -0.2051 0.8032
vn 0.5524 -0.2038 0.8083
vn 0.5696 -0.0688 0.8190
vn 0.5624 -0.0684 0.8241
vn 0.5696 0.0688 0.8190
vn 0.5624 0.0684 0.8241
vn 0.5593 0.2051 0.8032
vn 0.5524 0.2038 0.8083
vn 0.5386 0.3373 0.7721
vn 0.5323 0.3354 0.7773
vn 0.5074 0.4631 0.7267
vn 0.5018 0.4608 0.7320
vn 0.5410 -0.6343 0.5523
vn 0.5707 -0.5777 0.5836
vn 0.5644 -0.5800 0.5873
vn 0.5358 -0.6345 0.5570
vn 0.5540 -0.5804 0.5969
vn 0.5258 -0.6349 0.5661
vn 0.5434 -0.5807 0.6063
vn 0.5157 -0.6351 0.5751
vn 0.5326 -0.5809 0.6155
vn 0.5054 -0.6353 0.5839
vn 0.5218 -0.5810 0.6246
vn 0.4951 -0.6354 0.5926
vn 0.5108 -0.5810 0.6336
vn 0.4846 -0.6354 0.6012
vn 0.4998 -0.5809 0.6425
vn 0.4741 -0.6353 0.6096
vn 0.4886 -0.5807 0.6512
vn 0.4634 -0.6351 0.6180
vn 0.4773 -0.5804 0.6598
vn 0.4527 -0.6349 0.6261
vn 0.6200 -0.4608 0.6350
vn 0.6137 -0.4631 0.6395
vn 0.6025 -0.4635 0.6498
vn 0.5910 -0.4639 0.6599
vn 0.5795 -0.4641 0.6699
vn 0.5678 -0.4642 0.6798
vn 0.5560 -0.4642 0.6895
vn 0.5440 -0.4641 0.6990
vn 0.5319 -0.4639 0.7084
vn 0.5197 -0.4635 0.7176
vn 0.6585 -0.3354 0.6737
vn 0.6522 -0.3373 0.6789
vn 0.6402 -0.3378 0.6900
vn 0.6280 -0.3382 0.7009
vn 0.6157 -0.3384 0.7116
vn 0.6032 -0.3385 0.7222
vn 0.5906 -0.3385 0.7325
vn 0.5778 -0.3384 0.7427
vn 0.5649 -0.3382 0.7527
vn 0.5518 -0.3378 0.7625
vn 0.6850 -0.2038 0.6995
vn 0.6786 -0.2051 0.7053
vn 0.6661 -0.2054 0.7170
vn 0.6534 -0.2057 0.7285
vn 0.6405 -0.2059 0.7399
vn 0.6274 -0.2060 0.7510
vn 0.6141 -0.2060 0.7618
vn 0.6007 -0.2059 0.7725
vn 0.5871 -0.2057 0.7830
vn 0.5733 -0.2054 0.7932
vn 0.6985 -0.0684 0.7123
vn 0.6922 -0.0688 0.7184
vn 0.6794 -0.0690 0.7306
vn 0.6663 -0.0691 0.7424
vn 0.6531 -0.0691 0.7541
vn 0.6397 -0.0692 0.7655
vn 0.6260 -0.0692 0.7767
vn 0.6122 -0.0691 0.7877
vn 0.5982 -0.0691 0.7984
vn 0.5840 -0.0690 0.8088
vn 0.6985 0.0684 0.7123
vn 0.6922 0.0688 0.7184
vn 0.6794 0.0690 0.7306
vn 0.6663 0.0691 0.7425
vn 0.6531 0.0691 0.7541
vn 0.6397 0.0692 0.7655
vn 0.6260 0.0692 0.7767
vn 0.6122 0.0691 0.7877
vn 0.5982 0.0691 0.7984
vn 0.5840 0.0690 0.8088
vn 0.6850 0.2038 0.6995
vn 0.6786 0.2051 0.7053
vn 0.6661 0.2054 0.7170
vn 0.6534 0.2057 0.7285
vn 0.6405 0.2059 0.7399
vn 0.6274 0.2060 0.7510
vn 0.6141 0.2060 0.7618
vn 0.6007 0.2059 0.7725
vn 0.5871 0.2057 0.7830
vn 0.5733 0.2054 0.7932
vn 0.6585 0.3354 0.6737
vn 0.6522 0.3373 0.6789
vn 0.6402 0.3378 0.6900
vn 0.6280 0.3382 0.7009
vn 0.6157 0.3384 0.7116
vn 0.6032 0.3385 0.7222
vn 0.5906 0.3385 0.7325
vn 0.5778 0.3384 0.7427
vn 0.5649 0.3382 0.7527
vn 0.5518 0.3378 0.7625
vn 0.6200 0.4608 0.6350
vn 0.6137 0.4631 0.6395
vn 0.6025 0.4635 0.6498
vn 0.5910 0.4639 0.6599
vn 0.5795 0.4641 0.6699
vn 0.5678 0.4642 0.6798
vn 0.5560 0.4642 0.6895
vn 0.5440 0.4641 0.6990
vn 0.5319 0.4639 0.7084
vn 0.5197 0.4635 0.7176
vn 0.5707 0.5777 0.5836
vn 0.5644 0.5800 0.5873
vn 0.5540 0.5804 0.5969
vn 0.5434 0.5807 0.6063
vn 0.5326 0.5809 0.6155
vn 0.5218 0.5810 0.6246
vn 0.5108 0.5810 0.6336
vn 0.4998 0.5809 0.6425
vn 0.4886 0.5807 0.6512
vn 0.4773 0.5804 0.6598
vn 0.5410 0.6343 0.5523
vn 0.5358 0.6345 0.5570
vn 0.5258 0.6349 0.5661
vn 0.5157 0.6351 0.5751
vn 0.5054 0.6353 0.5839
vn 0.4951 0.6354 0.5926
vn 0.4846 0.6354 0.6012
vn 0.4741 0.6353 0.6096
vn 0.4634 0.6351 0.6180
vn 0.4527 0.6349 0.6261
vn 0.5570 -0.6345 0.5358
vn 0.5873 -0.5800 0.5644
vn 0.5836 -0.5777 0.5707
vn 0.5523 -0.6343 0.5410
vn 0.6395 -0.4631 0.6137
vn 0.6350 -0.4608 0.6200
vn 0.6789 -0.3373 0.6522
vn 0.6737 -0.3354 0.6585
vn 0.7053 -0.2051 0.6786
vn 0.6995 -0.2038 0.6850
vn 0.7184 -0.0688 0.6922
vn 0.7123 -0.0684 0.6985
vn 0.7184 0.0688 0.6922
vn 0.7123 0.0684 0.6985
vn 0.7053 0.2051 0.6786
vn 0.6995 0.2038 0.6850
vn 0.6789 0.3373 0.6522
vn 0.6737 0.3354 0.6585
vn 0.6395 0.4631 0.6137
vn 0.6350 0.4608 0.6200
vn 0.6383 -0.6343 0.4361
vn 0.6736 -0.5777 0.4611
vn 0.6682 -0.5800 0.4659
vn 0.6342 -0.6345 0.4418
vn 0.6598 -0.5804 0.4773
vn 0.6261 -0.6349 0.4527
vn 0.6512 -0.5807 0.4886
vn 0.6180 -0.6351 0.4634
vn 0.6425 -0.5809 0.4998
vn 0.6096 -0.6353 0.4741
vn 0.6336 -0.5810 0.5108
vn 0.6012 -0.6354 0.4846
vn 0.6247 -0.5810 0.5218
vn 0.5926 -0.6354 0.4951
vn 0.6155 -0.5809 0.5326
vn 0.5839 -0.6353 0.5054
vn 0.6063 -0.5807 0.5434
vn 0.5751 -0.6351 0.5157
vn 0.5969 -0.5804 0.5540
vn 0.5661 -0.6349 0.5258
vn 0.7320 -0.4608 0.5018
vn 0.7267 -0.4631 0.5074
vn 0.7176 -0.4635 0.5197
vn 0.7084 -0.4639 0.5319
vn 0.6990 -0.4641 0.5440
vn 0.6895 -0.4642 0.5560
vn 0.6798 -0.4642 0.5678
vn 0.6699 -0.4641 0.5795
vn 0.6599 -0.4639 0.5910
vn 0.6498 -0.4635 0.6024
vn 0.7773 -0.3354 0.5323
vn 0.7721 -0.3373 0.5386
vn 0.7625 -0.3378 0.5518
vn 0.7527 -0.3382 0.5649
vn 0.7427 -0.3384 0.5778
vn 0.7325 -0.3385 0.5906
vn 0.7222 -0.3385 0.6032
vn 0.7116 -0.3384 0.6157
vn 0.7009 -0.3382 0.6280
vn 0.6900 -0.3378 0.6402
vn 0.8083 -0.2038 0.5524
vn 0.8032 -0.2051 0.5593
vn 0.7932 -0.2054 0.5733
vn 0.7830 -0.2057 0.5871
vn 0.7725 -0.2059 0.6007
vn 0.7618 -0.2060 0.6141
vn 0.7510 -0.2060 0.6274
vn 0.7398 -0.2059 0.6405
vn 0.7285 -0.2057 0.6534
vn 0.7170 -0.2054 0.6661
vn 0.8241 -0.0684 0.5624
vn 0.8190 -0.0688 0.5696
vn 0.8088 -0.0690 0.5840
vn 0.7984 -0.0691 0.5982
vn 0.7877 -0.0691 0.6122
vn 0.7767 -0.0692 0.6260
vn 0.7655 -0.0692 0.6397
vn 0.7541 -0.0691 0.6531
vn 0.7424 -0.0691 0.6663
vn 0.7306 -0.0690 0.6794
vn 0.8241 0.0684 0.5624
vn 0.8190 0.0688 0.5696
vn 0.8088 0.0690 0.5840
vn 0.7984 0.0691 0.5982
vn 0.7877 0.0691 0.6122
vn 0.7767 0.0692 0.6260
vn 0.7655 0.0692 0.6397
vn 0.7541 0.0691 0.6531
vn 0.7424 0.0691 0.6663
vn 0.7306 0.0690 0.6794
vn 0.8083 0.2038 0.5524
vn 0.8032 0.2051 0.5593
vn 0.7932 0.2054 0.5733
vn 0.7830 0.2057 0.5871
vn 0.7725 0.2059 0.6007
vn 0.7618 0.2060 0.6141
vn 0.7510 0.2060 0.6274
vn 0.7398 0.2059 0.6405
vn 0.7285 0.2057 0.6534
vn 0.7170 0.2054 0.6661
vn 0.7773 0.3354 0.5323
vn 0.7721 0.3373 0.5386
vn 0.7625 0.3378 0.5518
vn 0.7527 0.3382 0.5649
vn 0.7427 0.3384 0.5778
vn 0.7325 0.3385 0.5906
vn 0.7222 0.3385 0.6032
vn 0.7116 0.3384 0.6157
vn 0.7009 0.3382 0.6280
vn 0.6900 0.3378 0.6402
vn 0.7320 0.4608 0.5018
vn 0.7267 0.4631 0.5074
vn 0.7176 0.4635 0.5197
vn 0.7084 0.4639 0.5319
vn 0.6990 0.4641 0.5440
vn 0.6895 0.4642 0.5560
vn 0.6798 0.4642 0.5678
vn 0.6699 0.4641 0.5795
vn 0.6599 0.4639 0.5910
vn 0.6498 0.4635 0.6024
vn 0.6736 0.5777 0.4611
vn 0.6682 0.5800 0.4659
vn 0.6598 0.5804 0.4773
vn 0.6512 0.5807 0.4886
vn 0.6425 0.5809 0.4998
vn 0.6336 0.5810 0.5108
vn 0.6247 0.5810 0.5218
vn 0.6155 0.5809 0.5326
vn 0.6063 0.5807 0.5434
vn 0.5969 0.5804 0.5540
vn 0.6383 0.6343 0.4361
vn 0.6342 0.6345 0.4418
vn 0.6261 0.6349 0.4527
vn 0.6180 0.6351 0.4634
vn 0.6096 0.6353 0.4741
vn 0.6012 0.6354 0.4846
vn 0.5926 0.6354 0.4951
vn 0.5839 0.6353 0.5054
vn 0.5751 0.6351 0.5157
vn 0.5661 0.6349 0.5258
vn 0.6509 -0.6345 0.4168
vn 0.6862 -0.5800 0.4390
vn 0.6837 -0.5777 0.4459
vn 0.6472 -0.6343 0.4228
vn 0.7469 -0.4631 0.4772
vn 0.7437 -0.4608 0.4842
vn 0.7931 -0.3373 0.5072
vn 0.7892 -0.3354 0.5144
vn 0.8241 -0.2051 0.5280
vn 0.8197 -0.2038 0.5354
vn 0.8397 -0.0688 0.5387
vn 0.8349 -0.0684 0.5461
vn 0.8397 0.0688 0.5387
vn 0.8349 0.0684 0.5461
vn 0.8241 0.2051 0.5280
vn 0.8197 0.2038 0.5354
vn 0.7931 0.3373 0.5072
vn 0.7892 0.3354 0.5144
vn 0.7469 0.4631 0.4772
vn 0.7437 0.4608 0.4842
vn 0.7111 -0.6343 0.3032
vn 0.7506 -0.5777 0.3208
vn 0.7462 -0.5800 0.3266
vn 0.7082 -0.6345 0.3096
vn 0.7402 -0.5804 0.3394
vn 0.7024 -0.6349 0.3218
vn 0.7340 -0.5807 0.3522
vn 0.6965 -0.6351 0.3340
vn 0.7276 -0.5809 0.3648
vn 0.6904 -0.6353 0.3460
vn 0.7211 -0.5810 0.3774
vn 0.6842 -0.6354 0.3580
vn 0.7144 -0.5810 0.3899
vn 0.6778 -0.6354 0.3700
vn 0.7076 -0.5809 0.4023
vn 0.6713 -0.6353 0.3818
vn 0.7006 -0.5807 0.4146
vn 0.6646 -0.6351 0.3936
vn 0.6935 -0.5804 0.4269
vn 0.6578 -0.6349 0.4052
vn 0.8158 -0.4608 0.3494
vn 0.8117 -0.4631 0.3559
vn 0.8052 -0.4635 0.3698
vn 0.7986 -0.4639 0.3835
vn 0.7917 -0.4641 0.3972
vn 0.7847 -0.4642 0.4108
vn 0.7775 -0.4642 0.4242
vn 0.7701 -0.4641 0.4376
vn 0.7625 -0.4639 0.4509
vn 0.7548 -0.4635 0.4641
vn 0.8662 -0.3354 0.3704
vn 0.8623 -0.3373 0.3776
vn 0.8555 -0.3378 0.3925
vn 0.8484 -0.3382 0.4072
vn 0.8412 -0.3384 0.4218
vn 0.8337 -0.3385 0.4363
vn 0.8260 -0.3385 0.4508
vn 0.8181 -0.3384 0.4650
vn 0.8099 -0.3382 0.4792
vn 0.8016 -0.3378 0.4933
vn 0.9005 -0.2038 0.3841
vn 0.8969 -0.2051 0.3919
vn 0.8898 -0.2054 0.4075
vn 0.8825 -0.2057 0.4230
vn 0.8749 -0.2059 0.4384
vn 0.8670 -0.2060 0.4537
vn 0.8589 -0.2060 0.4688
vn 0.8506 -0.2059 0.4838
vn 0.8420 -0.2057 0.4987
vn 0.8332 -0.2054 0.5134
vn 0.9179 -0.0684 0.3908
vn 0.9144 -0.0688 0.3989
vn 0.9072 -0.0690 0.4150
vn 0.8997 -0.0691 0.4309
vn 0.8920 -0.0691 0.4468
vn 0.8839 -0.0692 0.4625
vn 0.8756 -0.0692 0.4780
vn 0.8670 -0.0691 0.4934
vn 0.8582 -0.0691 0.5087
vn 0.8491 -0.0690 0.5238
vn 0.9179 0.0684 0.3908
vn 0.9144 0.0688 0.3989
vn 0.9072 0.0690 0.4150
vn 0.8997 0.0691 0.4309
vn 0.8920 0.0691 0.4468
vn 0.8839 0.0692 0.4625
vn 0.8756 0.0692 0.4780
vn 0.8670 0.0691 0.4934
vn 0.8582 0.0691 0.5087
vn 0.8491 0.0690 0.5238
vn 0.9005 0.2038 0.3841
vn 0.8969 0.2051 0.3919
vn 0.8898 0.2054 0.4075
vn 0.8825 0.2057 0.4230
vn 0.8749 0.2059 0.4384
vn 0.8670 0.2060 0.4537
vn 0.8589 0.2060 0.4688
vn 0.8506 0.2059 0.4838
vn 0.8420 0.2057 0.4987
vn 0.8332 0.2054 0.5134
vn 0.8662 0.3354 0.3704
vn 0.8623 0.3373 0.3776
vn 0.8555 0.3378 0.3925
vn 0.8484 0.3382 0.4072
vn 0.8412 0.3384 0.4218
vn 0.8337 0.3385 0.4363
vn 0.8260 0.3385 0.4507
vn 0.8181 0.3384 0.4650
vn 0.8099 0.3382 0.4792
vn 0.8016 0.3378 0.4933
vn 0.8158 0.4608 0.3494
vn 0.8117 0.4631 0.3559
vn 0.8052 0.4635 0.3698
vn 0.7986 0.4639 0.3835
vn 0.7917 0.4641 0.3972
vn 0.7847 0.4642 0.4108
vn 0.7775 0.4642 0.4242
vn 0.7701 0.4641 0.4376
vn 0.7625 0.4639 0.4509
vn 0.7548 0.4635 0.4641
vn 0.7506 0.5777 0.3208
vn 0.7462 0.5800 0.3266
vn 0.7402 0.5804 0.3394
vn 0.7340 0.5807 0.3522
vn 0.7276 0.5809 0.3648
vn 0.7211 0.5810 0.3774
vn 0.7144 0.5810 0.3899
vn 0.7076 0.5809 0.4023
vn 0.7006 0.5807 0.4146
vn 0.6935 0.5804 0.4269
vn 0.7111 0.6343 0.3032
vn 0.7082 0.6345 0.3096
vn 0.7024 0.6349 0.3218
vn 0.6965 0.6351 0.3340
vn 0.6904 0.6353 0.3460
vn 0.6842 0.6354 0.3580
vn 0.6778 0.6354 0.3700
vn 0.6713 0.6353 0.3818
vn 0.6646 0.6351 0.3936
vn 0.6578 0.6349 0.4052
vn 0.7197 -0.6345 0.2818
vn 0.7586 -0.5800 0.2967
vn 0.7576 -0.5777 0.3039
vn 0.7172 -0.6343 0.2884
vn 0.8256 -0.4631 0.3223
vn 0.8239 -0.4608 0.3298
vn 0.8768 -0.3373 0.3427
vn 0.8744 -0.3354 0.3506
vn 0.9113 -0.2051 0.3571
vn 0.9084 -0.2038 0.3652
vn 0.9286 -0.0688 0.3645
vn 0.9254 -0.0684 0.3728
vn 0.9286 0.0688 0.3645
vn 0.9254 0.0684 0.3728
vn 0.9113 0.2051 0.3571
vn 0.9084 0.2038 0.3652
vn 0.8768 0.3373 0.3427
vn 0.8744 0.3354 0.3506
vn 0.8256 0.4631 0.3223
vn 0.8239 0.4608 0.3298
vn 0.7566 -0.6343 0.1587
vn 0.7988 -0.5777 0.1682
vn 0.7956 -0.5800 0.1748
vn 0.7550 -0.6345 0.1655
vn 0.7922 -0.5804 0.1885
vn 0.7517 -0.6349 0.1786
vn 0.7886 -0.5807 0.2022
vn 0.7483 -0.6351 0.1917
vn 0.7848 -0.5809 0.2159
vn 0.7447 -0.6353 0.2047
vn 0.7809 -0.5810 0.2295
vn 0.7409 -0.6354 0.2177
vn 0.7768 -0.5810 0.2430
vn 0.7370 -0.6354 0.2306
vn 0.7725 -0.5809 0.2565
vn 0.7329 -0.6353 0.2435
vn 0.7680 -0.5807 0.2700
vn 0.7286 -0.6351 0.2563
vn 0.7634 -0.5804 0.2834
vn 0.7242 -0.6349 0.2691
vn 0.8683 -0.4608 0.1835
vn 0.8656 -0.4631 0.1907
vn 0.8619 -0.4635 0.2056
vn 0.8581 -0.4639 0.2204
vn 0.8540 -0.4641 0.2351
vn 0.8498 -0.4642 0.2498
vn 0.8453 -0.4642 0.2644
vn 0.8407 -0.4641 0.2790
vn 0.8359 -0.4639 0.2935
vn 0.8308 -0.4635 0.3079
vn 0.9218 -0.3354 0.1943
vn 0.9194 -0.3373 0.2022
vn 0.9156 -0.3378 0.2180
vn 0.9116 -0.3382 0.2339
vn 0.9073 -0.3384 0.2496
vn 0.9028 -0.3385 0.2653
vn 0.8980 -0.3385 0.2809
vn 0.8931 -0.3384 0.2965
vn 0.8879 -0.3382 0.3120
vn 0.8824 -0.3378 0.3274
vn 0.9582 -0.2038 0.2010
vn 0.9561 -0.2051 0.2094
vn 0.9522 -0.2054 0.2261
vn 0.9480 -0.2057 0.2427
vn 0.9436 -0.2059 0.2593
vn 0.9389 -0.2060 0.2758
vn 0.9339 -0.2060 0.2923
vn 0.9286 -0.2059 0.3086
vn 0.9231 -0.2057 0.3249
vn 0.9173 -0.2054 0.3410
vn 0.9765 -0.0684 0.2042
vn 0.9747 -0.0688 0.2128
vn 0.9707 -0.0690 0.2300
vn 0.9665 -0.0691 0.2471
vn 0.9620 -0.0691 0.2642
vn 0.9572 -0.0692 0.2811
vn 0.9521 -0.0692 0.2980
vn 0.9466 -0.0691 0.3148
vn 0.9409 -0.0691 0.3315
vn 0.9349 -0.0690 0.3481
vn 0.9765 0.0684 0.2042
vn 0.9747 0.0688 0.2128
vn 0.9707 0.0690 0.2300
vn 0.9665 0.0691 0.2471
vn 0.9620 0.0691 0.2642
vn 0.9572 0.0692 0.2811
vn 0.9521 0.0692 0.2980
vn 0.9466 0.0691 0.3148
vn 0.9409 0.0691 0.3315
vn 0.9349 0.0690 0.3481
vn 0.9582 0.2038 0.2010
vn 0.9561 0.2051 0.2094
vn 0.9522 0.2054 0.2261
vn 0.9480 0.2057 0.2427
vn 0.9436 0.2059 0.2593
vn 0.9389 0.2060 0.2758
vn 0.9339 0.2060 0.2923
vn 0.9286 0.2059 0.3086
vn 0.9231 0.2057 0.3249
vn 0.9173 0.2054 0.3410
vn 0.9218 0.3354 0.1943
vn 0.9194 0.3373 0.2022
vn 0.9156 0.3378 0.2180
vn 0.9116 0.3382 0.2339
vn 0.9073 0.3384 0.2496
vn 0.9028 0.3385 0.2653
vn 0.8980 0.3385 0.2810
vn 0.8931 0.3384 0.2965
vn 0.8879 0.3382 0.3120
vn 0.8824 0.3378 0.3274
vn 0.8683 0.4608 0.1835
vn 0.8656 0.4631 0.1907
vn 0.8619 0.4635 0.2056
vn 0.8581 0.4639 0.2204
vn 0.8540 0.4641 0.2351
vn 0.8498 0.4642 0.2498
vn 0.8453 0.4642 0.2644
vn 0.8407 0.4641 0.2790
vn 0.8359 0.4639 0.2935
vn 0.8309 0.4635 0.3079
vn 0.7988 0.5777 0.1682
vn 0.7956 0.5800 0.1748
vn 0.7922 0.5804 0.1885
vn 0.7886 0.5807 0.2022
vn 0.7848 0.5809 0.2159
vn 0.7809 0.5810 0.2295
vn 0.7768 0.5810 0.2430
vn 0.7725 0.5809 0.2565
vn 0.7680 0.5807 0.2700
vn 0.7634 0.5804 0.2834
vn 0.7566 0.6343 0.1587
vn 0.7550 0.6345 0.1655
vn 0.7517 0.6349 0.1786
vn 0.7483 0.6351 0.1917
vn 0.7447 0.6353 0.2047
vn 0.7409 0.6354 0.2177
vn 0.7370 0.6354 0.2306
vn 0.7329 0.6353 0.2435
vn 0.7286 0.6351 0.2563
vn 0.7242 0.6349 0.2691
vn 0.7608 -0.6345 0.1360
vn 0.8019 -0.5800 0.1430
vn 0.8023 -0.5777 0.1503
vn 0.7597 -0.6343 0.1430
vn 0.8727 -0.4631 0.1550
vn 0.8724 -0.4608 0.1628
vn 0.9268 -0.3373 0.1651
vn 0.9260 -0.3354 0.1732
vn 0.9634 -0.2051 0.1724
vn 0.9621 -0.2038 0.1809
vn 0.9819 -0.0688 0.1764
vn 0.9803 -0.0684 0.1851
vn 0.9819 0.0688 0.1764
vn 0.9803 0.0684 0.1851
vn 0.9634 0.2051 0.1724
vn 0.9621 0.2038 0.1809
vn 0.9268 0.3373 0.1651
vn 0.9260 0.3354 0.1732
vn 0.8727 0.4631 0.1550
vn 0.8724 0.4608 0.1628
vn 0.7730 -0.6343 0.0080
vn 0.8162 -0.5777 0.0091
vn 0.8144 -0.5800 0.0162
vn 0.7728 -0.6345 0.0150
vn 0.8138 -0.5804 0.0303
vn 0.7721 -0.6349 0.0285
vn 0.8129 -0.5807 0.0445
vn 0.7713 -0.6351 0.0420
vn 0.8119 -0.5809 0.0586
vn 0.7703 -0.6353 0.0555
vn 0.8107 -0.5810 0.0727
vn 0.7691 -0.6354 0.0690
vn 0.8093 -0.5810 0.0868
vn 0.7678 -0.6354 0.0824
vn 0.8077 -0.5809 0.1009
vn 0.7663 -0.6353 0.0959
vn 0.8060 -0.5807 0.1150
vn 0.7647 -0.6351 0.1093
vn 0.8040 -0.5804 0.1290
vn 0.7628 -0.6349 0.1227
vn 0.8874 -0.4608 0.0106
vn 0.8861 -0.4631 0.0182
vn 0.8854 -0.4635 0.0335
vn 0.8846 -0.4639 0.0487
vn 0.8835 -0.4641 0.0640
vn 0.8822 -0.4642 0.0792
vn 0.8807 -0.4642 0.0944
vn 0.8790 -0.4641 0.1096
vn 0.8771 -0.4639 0.1248
vn 0.8750 -0.4635 0.1399
vn 0.9420 -0.3354 0.0107
vn 0.9412 -0.3373 0.0189
vn 0.9406 -0.3378 0.0352
vn 0.9397 -0.3382 0.0515
vn 0.9386 -0.3384 0.0678
vn 0.9372 -0.3385 0.0841
vn 0.9356 -0.3385 0.1004
vn 0.9338 -0.3384 0.1166
vn 0.9317 -0.3382 0.1328
vn 0.9294 -0.3378 0.1490
vn 0.9790 -0.2038 0.0102
vn 0.9786 -0.2051 0.0188
vn 0.9780 -0.2054 0.0360
vn 0.9772 -0.2057 0.0531
vn 0.9760 -0.2059 0.0703
vn 0.9746 -0.2060 0.0874
vn 0.9730 -0.2060 0.1045
vn 0.9710 -0.2059 0.1215
vn 0.9688 -0.2057 0.1385
vn 0.9662 -0.2054 0.1555
vn 0.9976 -0.0684 0.0098
vn 0.9975 -0.0688 0.0186
vn 0.9970 -0.0690 0.0362
vn 0.9962 -0.0691 0.0538
vn 0.9950 -0.0691 0.0714
vn 0.9936 -0.0692 0.0890
vn 0.9919 -0.0692 0.1066
vn 0.9899 -0.0691 0.1241
vn 0.9875 -0.0691 0.1416
vn 0.9849 -0.0690 0.1590
vn 0.9976 0.0684 0.0098
vn 0.9975 0.0688 0.0186
vn 0.9970 0.0690 0.0362
vn 0.9962 0.0691 0.0538
vn 0.9950 0.0691 0.0714
vn 0.9936 0.0692 0.0890
vn 0.9919 0.0692 0.1066
vn 0.9899 0.0691 0.1241
vn 0.9875 0.0691 0.1416
vn 0.9849 0.0690 0.1590
vn 0.9790 0.2038 0.0102
vn 0.9786 0.2051 0.0188
vn 0.9780 0.2054 0.0360
vn 0.9772 0.2057 0.0531
vn 0.9760 0.2059 0.0703
vn 0.9746 0.2060 0.0874
vn 0.9730 0.2060 0.1045
vn 0.9710 0.2059 0.1215
vn 0.9688 0.2057 0.1385
vn 0.9662 0.2054 0.1555
vn 0.9420 0.3354 0.0107
vn 0.9412 0.3373 0.0189
vn 0.9406 0.3378 0.0352
vn 0.9397 0.3382 0.0515
vn 0.9386 0.3384 0.0678
vn 0.9372 0.3385 0.0841
vn 0.9356 0.3385 0.1004
vn 0.9338 0.3384 0.1166
vn 0.9317 0.3382 0.1328
vn 0.9294 0.3378 0.1489
vn 0.8874 0.4608 0.0106
vn 0.8861 0.4631 0.0182
vn 0.8854 0.4635 0.0335
vn 0.8846 0.4639 0.0487
vn 0.8835 0.4641 0.0640
vn 0.8822 0.4642 0.0792
vn 0.8807 0.4642 0.0944
vn 0.8790 0.4641 0.1096
vn 0.8771 0.4639 0.1248
vn 0.8750 0.4635 0.1399
vn 0.8162 0.5777 0.0091
vn 0.8144 0.5800 0.0162
vn 0.8138 0.5804 0.0303
vn 0.8129 0.5807 0.0445
vn 0.8119 0.5809 0.0586
vn 0.8107 0.5810 0.0727
vn 0.8093 0.5810 0.0868
vn 0.8077 0.5809 0.1009
vn 0.8060 0.5807 0.1150
vn 0.8040 0.5804 0.1290
vn 0.7730 0.6343 0.0080
vn 0.7728 0.6345 0.0150
vn 0.7721 0.6349 0.0285
vn 0.7713 0.6351 0.0420
vn 0.7703 0.6353 0.0555
vn 0.7691 0.6354 0.0690
vn 0.7678 0.6354 0.0824
vn 0.7663 0.6353 0.0958
vn 0.7647 0.6351 0.1093
vn 0.7628 0.6349 0.1227
vn 0.7728 -0.6345 -0.0150
vn 0.8144 -0.5800 -0.0162
vn 0.8162 -0.5777 -0.0091
vn 0.7730 -0.6343 -0.0080
vn 0.8861 -0.4631 -0.0182
vn 0.8874 -0.4608 -0.0106
vn 0.9412 -0.3373 -0.0189
vn 0.9420 -0.3354 -0.0107
vn 0.9786 -0.2051 -0.0188
vn 0.9790 -0.2038 -0.0102
vn 0.9975 -0.0688 -0.0186
vn 0.9976 -0.0684 -0.0098
vn 0.9975 0.0688 -0.0186
vn 0.9976 0.0684 -0.0098
vn 0.9786 0.2051 -0.0188
vn 0.9790 0.2038 -0.0102
vn 0.9412 0.3373 -0.0189
vn 0.9420 0.3354 -0.0107
vn 0.8861 0.4631 -0.0182
vn 0.8874 0.4608 -0.0106
vn 0.7597 -0.6343 -0.1430
vn 0.8023 -0.5777 -0.1503
vn 0.8019 -0.5800 -0.1430
vn 0.7608 -0.6345 -0.1360
vn 0.8040 -0.5804 -0.1290
vn 0.7628 -0.6349 -0.1227
vn 0.8060 -0.5807 -0.1150
vn 0.7647 -0.6351 -0.1093
vn 0.8077 -0.5809 -0.1009
vn 0.7663 -0.6353 -0.0959
vn 0.8093 -0.5810 -0.0868
vn 0.7678 -0.6354 -0.0824
vn 0.8107 -0.5810 -0.0727
vn 0.7691 -0.6354 -0.0690
vn 0.8119 -0.5809 -0.0586
vn 0.7703 -0.6353 -0.0555
vn 0.8129 -0.5807 -0.0445
vn 0.7713 -0.6351 -0.0420
vn 0.8138 -0.5804 -0.0303
vn 0.7721 -0.6349 -0.0285
vn 0.8724 -0.4608 -0.1628
vn 0.8727 -0.4631 -0.1550
vn 0.8750 -0.4635 -0.1399
vn 0.8771 -0.4639 -0.1248
vn 0.8790 -0.4641 -0.1096
vn 0.8807 -0.4642 -0.0944
vn 0.8822 -0.4642 -0.0792
vn 0.8835 -0.4641 -0.0640
vn 0.8846 -0.4639 -0.0487
vn 0.8854 -0.4635 -0.0335
vn 0.9260 -0.3354 -0.1732
vn 0.9268 -0.3373 -0.1651
vn 0.9294 -0.3378 -0.1490
vn 0.9317 -0.3382 -0.1328
vn 0.9338 -0.3384 -0.1166
vn 0.9356 -0.3385 -0.1004
vn 0.9372 -0.3385 -0.0841
vn 0.9386 -0.3384 -0.0678
vn 0.9397 -0.3382 -0.0515
vn 0.9406 -0.3378 -0.0352
vn 0.9621 -0.2038 -0.1809
vn 0.9634 -0.2051 -0.1724
vn 0.9662 -0.2054 -0.1555
vn 0.9688 -0.2057 -0.1385
vn 0.9710 -0.2059 -0.1215
vn 0.9730 -0.2060 -0.1045
vn 0.9746 -0.2060 -0.0874
vn 0.9760 -0.2059 -0.0703
vn 0.9772 -0.2057 -0.0531
vn 0.9780 -0.2054 -0.0360
vn 0.9803 -0.0684 -0.1851
vn 0.9819 -0.0688 -0.1764
vn 0.9849 -0.0690 -0.1590
vn 0.9875 -0.0691 -0.1416
vn 0.9899 -0.0691 -0.1241
vn 0.9919 -0.0692 -0.1066
vn 0.9936 -0.0692 -0.0890
vn 0.9950 -0.0691 -0.0714
vn 0.9962 -0.0691 -0.0538
vn 0.9970 -0.0690 -0.0362
vn 0.9803 0.0684 -0.1851
vn 0.9819 0.0688 -0.1764
vn 0.9849 0.0690 -0.1590
vn 0.9875 0.0691 -0.1416
vn 0.9899 0.0691 -0.1241
vn 0.9919 0.0692 -0.1066
vn 0.9936 0.0692 -0.0890
vn 0.9950 0.0691 -0.0714
vn 0.9962 0.0691 -0.0538
vn 0.9970 0.0690 -0.0362
vn 0.9621 0.2038 -0.1809
vn 0.9634 0.2051 -0.1724
vn 0.9662 0.2054 -0.1555
vn 0.9688 0.2057 -0.1385
vn 0.9710 0.2059 -0.1215
vn 0.9730 0.2060 -0.1045
vn 0.9746 0.2060 -0.0874
vn 0.9760 0.2059 -0.0703
vn 0.9772 0.2057 -0.0531
vn 0.9780 0.2054 -0.0360
vn 0.9260 0.3354 -0.1732
vn 0.9268 0.3373 -0.1651
vn 0.9294 0.3378 -0.1490
vn 0.9317 0.3382 -0.1328
vn 0.9338 0.3384 -0.1166
vn 0.9356 0.3385 -0.1004
vn 0.9372 0.3385 -0.0841
vn 0.9386 0.3384 -0.0678
vn 0.9397 0.3382 -0.0515
vn 0.9406 0.3378 -0.0352
vn 0.8724 0.4608 -0.1628
vn 0.8727 0.4631 -0.1550
vn 0.8750 0.4635 -0.1399
vn 0.8771 0.4639 -0.1248
vn 0.8790 0.4641 -0.1096
vn 0.8807 0.4642 -0.0944
vn 0.8822 0.4642 -0.0792
vn 0.8835 0.4641 -0.0640
vn 0.8846 0.4639 -0.0487
vn 0.8854 0.4635 -0.0335
vn 0.8023 0.5777 -0.1503
vn 0.8019 0.5800 -0.1430
vn 0.8040 0.5804 -0.1290
vn 0.8060 0.5807 -0.1150
vn 0.8077 0.5809 -0.1009
vn 0.8093 0.5810 -0.0868
vn 0.8107 0.5810 -0.0727
vn 0.8119 0.5809 -0.0586
vn 0.8129 0.5807 -0.0445
vn 0.8138 0.5804 -0.0303
vn 0.7597 0.6343 -0.1430
vn 0.7608 0.6345 -0.1360
vn 0.7628 0.6349 -0.1227
vn 0.7647 0.6351 -0.1093
vn 0.7663 0.6353 -0.0959
vn 0.7678 0.6354 -0.0824
vn 0.7691 0.6354 -0.0690
vn 0.7703 0.6353 -0.0555
vn 0.7713 0.6351 -0.0420
vn 0.7721 0.6349 -0.0285
vn 0.7550 -0.6345 -0.1655
vn 0.7956 -0.5800 -0.1748
vn 0.7988 -0.5777 -0.1682
vn 0.7566 -0.6343 -0.1587
vn 0.8656 -0.4631 -0.1907
vn 0.8683 -0.4608 -0.1835
vn 0.9194 -0.3373 -0.2022
vn 0.9218 -0.3354 -0.1943
vn 0.9561 -0.2051 -0.2094
vn 0.9581 -0.2038 -0.2010
vn 0.9747 -0.0688 -0.2128
vn 0.9765 -0.0684 -0.2042
vn 0.9747 0.0688 -0.2128
vn 0.9765 0.0684 -0.2042
vn 0.9561 0.2051 -0.2094
vn 0.9581 0.2038 -0.2010
vn 0.9194 0.3373 -0.2022
vn 0.9218 0.3354 -0.1943
vn 0.8656 0.4631 -0.1907
vn 0.8683 0.4608 -0.1835
vn 0.7173 -0.6343 -0.2884
vn 0.7576 -0.5777 -0.3039
vn 0.7586 -0.5800 -0.2967
vn 0.7197 -0.6345 -0.2818
vn 0.7634 -0.5804 -0.2834
vn 0.7242 -0.6349 -0.2691
vn 0.7680 -0.5807 -0.2700
vn 0.7286 -0.6351 -0.2563
vn 0.7725 -0.5809 -0.2565
vn 0.7329 -0.6353 -0.2435
vn 0.7768 -0.5810 -0.2430
vn 0.7370 -0.6354 -0.2306
vn 0.7809 -0.5810 -0.2295
vn 0.7409 -0.6354 -0.2177
vn 0.7848 -0.5809 -0.2159
vn 0.7447 -0.6353 -0.2047
vn 0.7886 -0.5807 -0.2022
vn 0.7483 -0.6351 -0.1917
vn 0.7922 -0.5804 -0.1885
vn 0.7517 -0.6349 -0.1786
vn 0.8239 -0.4608 -0.3298
vn 0.8256 -0.4631 -0.3223
vn 0.8309 -0.4635 -0.3079
vn 0.8359 -0.4639 -0.2935
vn 0.8407 -0.4641 -0.2790
vn 0.8453 -0.4642 -0.2644
vn 0.8498 -0.4642 -0.2498
vn 0.8540 -0.4641 -0.2351
vn 0.8581 -0.4639 -0.2204
vn 0.8619 -0.4635 -0.2056
vn 0.8744 -0.3354 -0.3506
vn 0.8768 -0.3373 -0.3427
vn 0.8824 -0.3378 -0.3274
vn 0.8879 -0.3382 -0.3120
vn 0.8931 -0.3384 -0.2965
vn 0.8980 -0.3385 -0.2810
vn 0.9028 -0.3385 -0.2653
vn 0.9073 -0.3384 -0.2496
vn 0.9116 -0.3382 -0.2339
vn 0.9156 -0.3378 -0.2180
vn 0.9084 -0.2038 -0.3652
vn 0.9113 -0.2051 -0.3571
vn 0.9173 -0.2054 -0.3410
vn 0.9231 -0.2057 -0.3249
vn 0.9286 -0.2059 -0.3086
vn 0.9339 -0.2060 -0.2923
vn 0.9389 -0.2060 -0.2758
vn 0.9436 -0.2059 -0.2593
vn 0.9480 -0.2057 -0.2427
vn 0.9522 -0.2054 -0.2261
vn 0.9254 -0.0684 -0.3728
vn 0.9286 -0.0688 -0.3645
vn 0.9349 -0.0690 -0.3481
vn 0.9409 -0.0691 -0.3315
vn 0.9466 -0.0691 -0.3148
vn 0.9521 -0.0692 -0.2980
vn 0.9572 -0.0692 -0.2811
vn 0.9620 -0.0691 -0.2642
vn 0.9665 -0.0691 -0.2471
vn 0.9707 -0.0690 -0.2300
vn 0.9254 0.0684 -0.3728
vn 0.9286 0.0688 -0.3645
vn 0.9349 0.0690 -0.3481
vn 0.9409 0.0691 -0.3315
vn 0.9466 0.0691 -0.3148
vn 0.9521 0.0692 -0.2980
vn 0.9572 0.0692 -0.2811
vn 0.9620 0.0691 -0.2642
vn 0.9665 0.0691 -0.2471
vn 0.9707 0.0690 -0.2300
vn 0.9084 0.2038 -0.3652
vn 0.9113 0.2051 -0.3571
vn 0.9173 0.2054 -0.3410
vn 0.9231 0.2057 -0.3249
vn 0.9286 0.2059 -0.3086
vn 0.9339 0.2060 -0.2923
vn 0.9389 0.2060 -0.2758
vn 0.9436 0.2059 -0.2593
vn 0.9480 0.2057 -0.2427
vn 0.9522 0.2054 -0.2261
vn 0.8744 0.3354 -0.3506
vn 0.8768 0.3373 -0.3427
vn 0.8824 0.3378 -0.3274
vn 0.8879 0.3382 -0.3120
vn 0.8931 0.3384 -0.2965
vn 0.8980 0.3385 -0.2810
vn 0.9028 0.3385 -0.2653
vn 0.9073 0.3384 -0.2496
vn 0.9116 0.3382 -0.2339
vn 0.9156 0.3378 -0.2180
vn 0.8239 0.4608 -0.3299
vn 0.8256 0.4631 -0.3223
vn 0.8309 0.4635 -0.3079
vn 0.8359 0.4639 -0.2935
vn 0.8407 0.4641 -0.2790
vn 0.8453 0.4642 -0.2644
vn 0.8498 0.4642 -0.2498
vn 0.8540 0.4641 -0.2351
vn 0.8581 0.4639 -0.2203
vn 0.8619 0.4635 -0.2056
vn 0.7576 0.5777 -0.3039
vn 0.7586 0.5800 -0.2967
vn 0.7634 0.5804 -0.2834
vn 0.7680 0.5807 -0.2700
vn 0.7725 0.5809 -0.2565
vn 0.7768 0.5810 -0.2430
vn 0.7809 0.5810 -0.2295
vn 0.7848 0.5809 -0.2159
vn 0.7886 0.5807 -0.2022
vn 0.7922 0.5804 -0.1885
vn 0.7172 0.6343 -0.2884
vn 0.7197 0.6345 -0.2818
vn 0.7242 0.6349 -0.2691
vn 0.7286 0.6351 -0.2563
vn 0.7329 0.6353 -0.2435
vn 0.7370 0.6354 -0.2306
vn 0.7409 0.6354 -0.2177
vn 0.7447 0.6353 -0.2047
vn 0.7483 0.6351 -0.1917
vn 0.7517 0.6349 -0.1786
vn 0.7082 -0.6345 -0.3096
vn 0.7462 -0.5800 -0.3266
vn 0.7506 -0.5777 -0.3208
vn 0.7111 -0.6343 -0.3032
vn 0.8117 -0.4631 -0.3559
vn 0.8158 -0.4608 -0.3494
vn 0.8623 -0.3373 -0.3776
vn 0.8662 -0.3354 -0.3704
vn 0.8969 -0.2051 -0.3919
vn 0.9005 -0.2038 -0.3841
vn 0.9144 -0.0688 -0.3989
vn 0.9179 -0.0684 -0.3908
vn 0.9144 0.0688 -0.3989
vn 0.9179 0.0684 -0.3908
vn 0.8969 0.2051 -0.3919
vn 0.9005 0.2038 -0.3841
vn 0.8623 0.3373 -0.3776
vn 0.8662 0.3354 -0.3704
vn 0.8117 0.4631 -0.3559
vn 0.8158 0.4608 -0.3493
vn 0.6472 -0.6343 -0.4228
vn 0.6837 -0.5777 -0.4459
vn 0.6862 -0.5800 -0.4390
vn 0.6509 -0.6345 -0.4168
vn 0.6935 -0.5804 -0.4269
vn 0.6578 -0.6349 -0.4052
vn 0.7006 -0.5807 -0.4146
vn 0.6646 -0.6351 -0.3936
vn 0.7076 -0.5809 -0.4023
vn 0.6713 -0.6353 -0.3818
vn 0.7144 -0.5810 -0.3899
vn 0.6778 -0.6354 -0.3700
vn 0.7211 -0.5810 -0.3774
vn 0.6842 -0.6354 -0.3580
vn 0.7276 -0.5809 -0.3648
vn 0.6904 -0.6353 -0.3460
vn 0.7340 -0.5807 -0.3522
vn 0.6965 -0.6351 -0.3340
vn 0.7402 -0.5804 -0.3394
vn 0.7024 -0.6349 -0.3218
vn 0.7437 -0.4608 -0.4842
vn 0.7469 -0.4631 -0.4772
vn 0.7548 -0.4635 -0.4641
vn 0.7625 -0.4639 -0.4509
vn 0.7701 -0.4641 -0.4376
vn 0.7775 -0.4642 -0.4242
vn 0.7847 -0.4642 -0.4108
vn 0.7917 -0.4641 -0.3972
vn 0.7986 -0.4639 -0.3835
vn 0.8052 -0.4635 -0.3698
vn 0.7892 -0.3354 -0.5144
vn 0.7931 -0.3373 -0.5072
vn 0.8016 -0.3378 -0.4933
vn 0.8099 -0.3382 -0.4792
vn 0.8181 -0.3384 -0.4650
vn 0.8260 -0.3385 -0.4508
vn 0.8337 -0.3385 -0.4363
vn 0.8412 -0.3384 -0.4218
vn 0.8484 -0.3382 -0.4072
vn 0.8555 -0.3378 -0.3925
vn 0.8197 -0.2038 -0.5354
vn 0.8241 -0.2051 -0.5280
vn 0.8332 -0.2054 -0.5134
vn 0.8420 -0.2057 -0.4987
vn 0.8506 -0.2059 -0.4838
vn 0.8589 -0.2060 -0.4688
vn 0.8670 -0.2060 -0.4537
vn 0.8749 -0.2059 -0.4384
vn 0.8825 -0.2057 -0.4230
vn 0.8898 -0.2054 -0.4075
vn 0.8349 -0.0684 -0.5461
vn 0.8397 -0.0688 -0.5387
vn 0.8491 -0.0690 -0.5238
vn 0.8582 -0.0691 -0.5087
vn 0.8670 -0.0691 -0.4934
vn 0.8756 -0.0692 -0.4780
vn 0.8839 -0.0692 -0.4625
vn 0.8920 -0.0691 -0.4468
vn 0.8997 -0.0691 -0.4309
vn 0.9072 -0.0690 -0.4150
vn 0.8349 0.0684 -0.5461
vn 0.8397 0.0688 -0.5387
vn 0.8491 0.0690 -0.5238
vn 0.8582 0.0691 -0.5087
vn 0.8670 0.0691 -0.4934
vn 0.8756 0.0692 -0.4780
vn 0.8839 0.0692 -0.4625
vn 0.8920 0.0691 -0.4468
vn 0.8997 0.0691 -0.4309
vn 0.9072 0.0690 -0.4150
vn 0.8197 0.2038 -0.5354
vn 0.8241 0.2051 -0.5280
vn 0.8332 0.2054 -0.5134
vn 0.8420 0.2057 -0.4987
vn 0.8506 0.2059 -0.4838
vn 0.8589 0.2060 -0.4688
vn 0.8670 0.2060 -0.4537
vn 0.8749 0.2059 -0.4384
vn 0.8825 0.2057 -0.4230
vn 0.8898 0.2054 -0.4075
vn 0.7892 0.3354 -0.5144
vn 0.7931 0.3373 -0.5072
vn 0.8016 0.3378 -0.4933
vn 0.8099 0.3382 -0.4792
vn 0.8181 0.3384 -0.4650
vn 0.8260 0.3385 -0.4508
vn 0.8337 0.3385 -0.4363
vn 0.8412 0.3384 -0.4218
vn 0.8484 0.3382 -0.4072
vn 0.8555 0.3378 -0.3925
vn 0.7437 0.4608 -0.4842
vn 0.7469 0.4631 -0.4772
vn 0.7548 0.4635 -0.4641
vn 0.7626 0.4639 -0.4509
vn 0.7701 0.4641 -0.4376
vn 0.7775 0.4642 -0.4243
vn 0.7847 0.4642 -0.4108
vn 0.7917 0.4641 -0.3972
vn 0.7986 0.4639 -0.3835
vn 0.8052 0.4635 -0.3698
vn 0.6837 0.5777 -0.4459
vn 0.6862 0.5800 -0.4390
vn 0.6935 0.5804 -0.4269
vn 0.7006 0.5807 -0.4146
vn 0.7076 0.5809 -0.4023
vn 0.7144 0.5810 -0.3899
vn 0.7211 0.5810 -0.3774
vn 0.7276 0.5809 -0.3648
vn 0.7340 0.5807 -0.3522
vn 0.7402 0.5804 -0.3394
vn 0.6472 0.6343 -0.4228
vn 0.6509 0.6345 -0.4168
vn 0.6578 0.6349 -0.4052
vn 0.6646 0.6351 -0.3936
vn 0.6713 0.6353 -0.3818
vn 0.6778 0.6354 -0.3700
vn 0.6842 0.6354 -0.3580
vn 0.6904 0.6353 -0.3460
vn 0.6965 0.6351 -0.3340
vn 0.7024 0.6349 -0.3218
vn 0.6342 -0.6345 -0.4418
vn 0.6682 -0.5800 -0.4659
vn 0.6736 -0.5777 -0.4611
vn 0.6383 -0.6343 -0.4361
vn 0.7267 -0.4631 -0.5074
vn 0.7320 -0.4608 -0.5018
vn 0.7721 -0.3373 -0.5386
vn 0.7773 -0.3354 -0.5323
vn 0.8032 -0.2051 -0.5593
vn 0.8083 -0.2038 -0.5524
vn 0.8190 -0.0688 -0.5696
vn 0.8241 -0.0684 -0.5624
vn 0.8190 0.0688 -0.5696
vn 0.8241 0.0684 -0.5624
vn 0.8032 0.2051 -0.5593
vn 0.8083 0.2038 -0.5524
vn 0.7721 0.3373 -0.5386
vn 0.7773 0.3354 -0.5323
vn 0.7267 0.4631 -0.5074
vn 0.7320 0.4608 -0.5018
vn 0.5523 -0.6343 -0.5410
vn 0.5836 -0.5777 -0.5707
vn 0.5873 -0.5800 -0.5644
vn 0.5570 -0.6345 -0.5358
vn 0.5969 -0.5804 -0.5540
vn 0.5661 -0.6349 -0.5258
vn 0.6063 -0.5807 -0.5434
vn 0.5751 -0.6351 -0.5157
vn 0.6155 -0.5809 -0.5326
vn 0.5839 -0.6353 -0.5054
vn 0.6246 -0.5810 -0.5218
vn 0.5926 -0.6354 -0.4951
vn 0.6336 -0.5810 -0.5108
vn 0.6012 -0.6354 -0.4846
vn 0.6425 -0.5809 -0.4998
vn 0.6096 -0.6353 -0.4741
vn 0.6512 -0.5807 -0.4886
vn 0.6180 -0.6351 -0.4634
vn 0.6598 -0.5804 -0.4773
vn 0.6261 -0.6349 -0.4527
vn 0.6350 -0.4608 -0.6200
vn 0.6395 -0.4631 -0.6137
vn 0.6498 -0.4635 -0.6024
vn 0.6599 -0.4639 -0.5910
vn 0.6699 -0.4641 -0.5795
vn 0.6798 -0.4642 -0.5678
vn 0.6895 -0.4642 -0.5560
vn 0.6990 -0.4641 -0.5440
vn 0.7084 -0.4639 -0.5319
vn 0.7176 -0.4635 -0.5197
vn 0.6737 -0.3354 -0.6585
vn 0.6789 -0.3373 -0.6522
vn 0.6900 -0.3378 -0.6402
vn 0.7009 -0.3382 -0.6280
vn 0.7116 -0.3384 -0.6157
vn 0.7222 -0.3385 -0.6032
vn 0.7325 -0.3385 -0.5906
vn 0.7427 -0.3384 -0.5778
vn 0.7527 -0.3382 -0.5649
vn 0.7625 -0.3378 -0.5518
vn 0.6995 -0.2038 -0.6850
vn 0.7053 -0.2051 -0.6786
vn 0.7170 -0.2054 -0.6661
vn 0.7285 -0.2057 -0.6534
vn 0.7399 -0.2059 -0.6405
vn 0.7510 -0.2060 -0.6274
vn 0.7618 -0.2060 -0.6141
vn 0.7725 -0.2059 -0.6007
vn 0.7830 -0.2057 -0.5871
vn 0.7932 -0.2054 -0.5733
vn 0.7123 -0.0684 -0.6985
vn 0.7184 -0.0688 -0.6922
vn 0.7306 -0.0690 -0.6794
vn 0.7424 -0.0691 -0.6663
vn 0.7541 -0.0691 -0.6531
vn 0.7655 -0.0692 -0.6397
vn 0.7767 -0.0692 -0.6260
vn 0.7877 -0.0691 -0.6122
vn 0.7984 -0.0691 -0.5982
vn 0.8088 -0.0690 -0.5840
vn 0.7123 0.0684 -0.6985
vn 0.7184 0.0688 -0.6922
vn 0.7306 0.0690 -0.6794
vn 0.7425 0.0691 -0.6663
vn 0.7541 0.0691 -0.6531
vn 0.7655 0.0692 -0.6397
vn 0.7767 0.0692 -0.6260
vn 0.7877 0.0691 -0.6122
vn 0.7984 0.0691 -0.5982
vn 0.8088 0.0690 -0.5840
vn 0.6995 0.2038 -0.6850
vn 0.7053 0.2051 -0.6786
vn 0.7170 0.2054 -0.6661
vn 0.7285 0.2057 -0.6534
vn 0.7399 0.2059 -0.6405
vn 0.7510 0.2060 -0.6274
vn 0.7618 0.2060 -0.6141
vn 0.7725 0.2059 -0.6007
vn 0.7830 0.2057 -0.5871
vn 0.7932 0.2054 -0.5733
vn 0.6737 0.3354 -0.6585
vn 0.6789 0.3373 -0.6522
vn 0.6900 0.3378 -0.6402
vn 0.7009 0.3382 -0.6280
vn 0.7116 0.3384 -0.6157
vn 0.7222 0.3385 -0.6032
vn 0.7325 0.3385 -0.5906
vn 0.7427 0.3384 -0.5778
vn 0.7527 0.3382 -0.5649
vn 0.7625 0.3378 -0.5518
vn 0.6350 0.4608 -0.6200
vn 0.6395 0.4631 -0.6137
vn 0.6498 0.4635 -0.6025
vn 0.6599 0.4639 -0.5910
vn 0.6699 0.4641 -0.5795
vn 0.6798 0.4642 -0.5678
vn 0.6895 0.4642 -0.5560
vn 0.6990 0.4641 -0.5440
vn 0.7084 0.4639 -0.5319
vn 0.7176 0.4635 -0.5197
vn 0.5836 0.5777 -0.5707
vn 0.5873 0.5800 -0.5644
vn 0.5969 0.5804 -0.5540
vn 0.6063 0.5807 -0.5434
vn 0.6155 0.5809 -0.5326
vn 0.6246 0.5810 -0.5218
vn 0.6336 0.5810 -0.5108
vn 0.6425 0.5809 -0.4998
vn 0.6512 0.5807 -0.4886
vn 0.6598 0.5804 -0.4773
vn 0.5523 0.6343 -0.5409
vn 0.5570 0.6345 -0.5358
vn 0.5661 0.6349 -0.5258
vn 0.5751 0.6351 -0.5157
vn 0.5839 0.6353 -0.5054
vn 0.5926 0.6354 -0.4951
vn 0.6012 0.6354 -0.4846
vn 0.6096 0.6353 -0.4741
vn 0.6180 0.6351 -0.4634
vn 0.6261 0.6349 -0.4527
vn 0.5358 -0.6345 -0.5570
vn 0.5644 -0.5800 -0.5873
vn 0.5707 -0.5777 -0.5836
vn 0.5409 -0.6343 -0.5523
vn 0.6137 -0.4631 -0.6395
vn 0.6200 -0.4608 -0.6350
vn 0.6522 -0.3373 -0.6789
vn 0.6585 -0.3354 -0.6737
vn 0.6786 -0.2051 -0.7053
vn 0.6850 -0.2038 -0.6995
vn 0.6922 -0.0688 -0.7184
vn 0.6985 -0.0684 -0.7123
vn 0.6922 0.0688 -0.7184
vn 0.6985 0.0684 -0.7123
vn 0.6786 0.2051 -0.7053
vn 0.6850 0.2038 -0.6995
vn 0.6522 0.3373 -0.6789
vn 0.6585 0.3354 -0.6737
vn 0.6137 0.4631 -0.6395
vn 0.6200 0.4608 -0.6350
vn 0.4361 -0.6343 -0.6383
vn 0.4611 -0.5777 -0.6736
vn 0.4659 -0.5800 -0.6682
vn 0.4418 -0.6345 -0.6342
vn 0.4773 -0.5804 -0.6598
vn 0.4527 -0.6349 -0.6261
vn 0.4886 -0.5807 -0.6512
vn 0.4634 -0.6351 -0.6180
vn 0.4998 -0.5809 -0.6425
vn 0.4741 -0.6353 -0.6096
vn 0.5108 -0.5810 -0.6336
vn 0.4846 -0.6354 -0.6012
vn 0.5218 -0.5810 -0.6246
vn 0.4951 -0.6354 -0.5926
vn 0.5326 -0.5809 -0.6155
vn 0.5054 -0.6353 -0.5839
vn 0.5434 -0.5807 -0.6063
vn 0.5157 -0.6351 -0.5751
vn 0.5540 -0.5804 -0.5969
vn 0.5258 -0.6349 -0.5661
vn 0.5018 -0.4608 -0.7320
vn 0.5074 -0.4631 -0.7267
vn 0.5197 -0.4635 -0.7176
vn 0.5319 -0.4639 -0.7084
vn 0.5440 -0.4641 -0.6990
vn 0.5560 -0.4642 -0.6895
vn 0.5678 -0.4642 -0.6798
vn 0.5795 -0.4641 -0.6699
vn 0.5910 -0.4639 -0.6599
vn 0.6024 -0.4635 -0.6498
vn 0.5323 -0.3354 -0.7773
vn 0.5386 -0.3373 -0.7721
vn 0.5518 -0.3378 -0.7625
vn 0.5649 -0.3382 -0.7527
vn 0.5778 -0.3384 -0.7427
vn 0.5906 -0.3385 -0.7325
vn 0.6032 -0.3385 -0.7222
vn 0.6157 -0.3384 -0.7116
vn 0.6280 -0.3382 -0.7009
vn 0.6402 -0.3378 -0.6900
vn 0.5524 -0.2038 -0.8083
vn 0.5593 -0.2051 -0.8032
vn 0.5733 -0.2054 -0.7932
vn 0.5871 -0.2057 -0.7830
vn 0.6007 -0.2059 -0.7725
vn 0.6141 -0.2060 -0.7618
vn 0.6274 -0.2060 -0.7510
vn 0.6405 -0.2059 -0.7398
vn 0.6534 -0.2057 -0.7285
vn 0.6661 -0.2054 -0.7170
vn 0.5624 -0.0684 -0.8241
vn 0.5696 -0.0688 -0.8190
vn 0.5840 -0.0690 -0.8088
vn 0.5982 -0.0691 -0.7984
vn 0.6122 -0.0691 -0.7877
vn 0.6260 -0.0692 -0.7767
vn 0.6397 -0.0692 -0.7655
vn 0.6531 -0.0691 -0.7541
vn 0.6663 -0.0691 -0.7424
vn 0.6794 -0.0690 -0.7306
vn 0.5624 0.0684 -0.8241
vn 0.5696 0.0688 -0.8190
vn 0.5840 0.0690 -0.8088
vn 0.5982 0.0691 -0.7984
vn 0.6122 0.0691 -0.7877
vn 0.6260 0.0692 -0.7767
vn 0.6397 0.0692 -0.7655
vn 0.6531 0.0691 -0.7541
vn 0.6663 0.0691 -0.7424
vn 0.6794 0.0690 -0.7306
vn 0.5524 0.2038 -0.8083
vn 0.5593 0.2051 -0.8032
vn 0.5733 0.2054 -0.7932
vn 0.5871 0.2057 -0.7830
vn 0.6007 0.2059 -0.7725
vn 0.6141 0.2060 -0.7618
vn 0.6274 0.2060 -0.7510
vn 0.6405 0.2059 -0.7398
vn 0.6534 0.2057 -0.7285
vn 0.6661 0.2054 -0.7170
vn 0.5323 0.3354 -0.7773
vn 0.5386 0.3373 -0.7721
vn 0.5518 0.3378 -0.7625
vn 0.5649 0.3382 -0.7527
vn 0.5778 0.3384 -0.7427
vn 0.5906 0.3385 -0.7325
vn 0.6032 0.3385 -0.7222
vn 0.6157 0.3384 -0.7116
vn 0.6280 0.3382 -0.7009
vn 0.6402 0.3378 -0.6900
vn 0.5018 0.4608 -0.7320
vn 0.5074 0.4631 -0.7267
vn 0.5197 0.4635 -0.7176
vn 0.5319 0.4639 -0.7084
vn 0.5440 0.4641 -0.6990
vn 0.5560 0.4642 -0.6895
vn 0.5678 0.4642 -0.6798
vn 0.5795 0.4641 -0.6699
vn 0.5910 0.4639 -0.6599
vn 0.6024 0.4635 -0.6498
vn 0.4611 0.5777 -0.6736
vn 0.4659 0.5800 -0.6682
vn 0.4773 0.5804 -0.6598
vn 0.4886 0.5807 -0.6512
vn 0.4998 0.5809 -0.6425
vn 0.5108 0.5810 -0.6336
vn 0.5218 0.5810 -0.6246
vn 0.5326 0.5809 -0.6155
vn 0.5434 0.5807 -0.6063
vn 0.5540 0.5804 -0.5969
vn 0.4361 0.6343 -0.6383
vn 0.4418 0.6345 -0.6342
vn 0.4527 0.6349 -0.6261
vn 0.4634 0.6351 -0.6180
vn 0.4741 0.6353 -0.6096
vn 0.4846 0.6354 -0.6012
vn 0.4951 0.6354 -0.5926
vn 0.5054 0.6353 -0.5839
vn 0.5157 0.6351 -0.5751
vn 0.5258 0.6349 -0.5661
vn 0.4168 -0.6345 -0.6509
vn 0.4390 -0.5800 -0.6862
vn 0.4459 -0.5777 -0.6837
vn 0.4228 -0.6343 -0.6472
vn 0.4772 -0.4631 -0.7469
vn 0.4843 -0.4608 -0.7437
vn 0.5072 -0.3373 -0.7931
vn 0.5144 -0.3354 -0.7892
vn 0.5280 -0.2051 -0.8241
vn 0.5354 -0.2038 -0.8197
vn 0.5387 -0.0688 -0.8397
vn 0.5461 -0.0684 -0.8349
vn 0.5387 0.0688 -0.8397
vn 0.5461 0.0684 -0.8349
vn 0.5280 0.2051 -0.8241
vn 0.5354 0.2038 -0.8197
vn 0.5072 0.3373 -0.7931
vn 0.5144 0.3354 -0.7892
vn 0.4772 0.4631 -0.7469
vn 0.4842 0.4608 -0.7437
vn 0.3032 -0.6343 -0.7111
vn 0.3208 -0.5777 -0.7506
vn 0.3266 -0.5800 -0.7462
vn 0.3096 -0.6345 -0.7082
vn 0.3394 -0.5804 -0.7402
vn 0.3218 -0.6349 -0.7024
vn 0.3522 -0.5807 -0.7340
vn 0.3340 -0.6351 -0.6965
vn 0.3648 -0.5809 -0.7276
vn 0.3460 -0.6353 -0.6904
vn 0.3774 -0.5810 -0.7211
vn 0.3580 -0.6354 -0.6842
vn 0.3899 -0.5810 -0.7144
vn 0.3700 -0.6354 -0.6778
vn 0.4023 -0.5809 -0.7076
vn 0.3818 -0.6353 -0.6713
vn 0.4146 -0.5807 -0.7006
vn 0.3936 -0.6351 -0.6646
vn 0.4269 -0.5804 -0.6935
vn 0.4052 -0.6349 -0.6578
vn 0.3494 -0.4608 -0.8158
vn 0.3559 -0.4631 -0.8117
vn 0.3698 -0.4635 -0.8052
vn 0.3835 -0.4639 -0.7986
vn 0.3972 -0.4641 -0.7917
vn 0.4108 -0.4642 -0.7847
vn 0.4243 -0.4642 -0.7775
vn 0.4376 -0.4641 -0.7701
vn 0.4509 -0.4639 -0.7625
vn 0.4641 -0.4635 -0.7548
vn 0.3704 -0.3354 -0.8662
vn 0.3776 -0.3373 -0.8623
vn 0.3925 -0.3378 -0.8555
vn 0.4072 -0.3382 -0.8484
vn 0.4218 -0.3384 -0.8412
vn 0.4363 -0.3385 -0.8337
vn 0.4508 -0.3385 -0.8260
vn 0.4650 -0.3384 -0.8181
vn 0.4792 -0.3382 -0.8099
vn 0.4933 -0.3378 -0.8016
vn 0.3841 -0.2038 -0.9005
vn 0.3919 -0.2051 -0.8969
vn 0.4075 -0.2054 -0.8898
vn 0.4230 -0.2057 -0.8825
vn 0.4384 -0.2059 -0.8749
vn 0.4537 -0.2060 -0.8670
vn 0.4688 -0.2060 -0.8589
vn 0.4838 -0.2059 -0.8506
vn 0.4987 -0.2057 -0.8420
vn 0.5134 -0.2054 -0.8332
vn 0.3908 -0.0684 -0.9179
vn 0.3989 -0.0688 -0.9144
vn 0.4150 -0.0690 -0.9072
vn 0.4309 -0.0691 -0.8997
vn 0.4468 -0.0691 -0.8920
vn 0.4625 -0.0692 -0.8839
vn 0.4780 -0.0692 -0.8756
vn 0.4934 -0.0691 -0.8670
vn 0.5087 -0.0691 -0.8582
vn 0.5238 -0.0690 -0.8491
vn 0.3908 0.0684 -0.9179
vn 0.3989 0.0688 -0.9144
vn 0.4150 0.0690 -0.9072
vn 0.4309 0.0691 -0.8997
vn 0.4468 0.0691 -0.8920
vn 0.4625 0.0692 -0.8839
vn 0.4780 0.0692 -0.8756
vn 0.4934 0.0691 -0.8670
vn 0.5087 0.0691 -0.8582
vn 0.5238 0.0690 -0.8491
vn 0.3841 0.2038 -0.9005
vn 0.3919 0.2051 -0.8969
vn 0.4075 0.2054 -0.8898
vn 0.4230 0.2057 -0.8825
vn 0.4384 0.2059 -0.8749
vn 0.4537 0.2060 -0.8670
vn 0.4688 0.2060 -0.8589
vn 0.4838 0.2059 -0.8506
vn 0.4987 0.2057 -0.8420
vn 0.5134 0.2054 -0.8332
vn 0.3704 0.3354 -0.8662
vn 0.3776 0.3373 -0.8623
vn 0.3925 0.3378 -0.8555
vn 0.4072 0.3382 -0.8484
vn 0.4218 0.3384 -0.8412
vn 0.4363 0.3385 -0.8337
vn 0.4508 0.3385 -0.8260
vn 0.4650 0.3384 -0.8181
vn 0.4792 0.3382 -0.8099
vn 0.4933 0.3378 -0.8016
vn 0.3494 0.4608 -0.8158
vn 0.3559 0.4631 -0.8117
vn 0.3698 0.4635 -0.8052
vn 0.3835 0.4639 -0.7986
vn 0.3972 0.4641 -0.7917
vn 0.4108 0.4642 -0.7847
vn 0.4243 0.4642 -0.7775
vn 0.4376 0.4641 -0.7701
vn 0.4509 0.4639 -0.7625
vn 0.4641 0.4635 -0.7548
vn 0.3208 0.5777 -0.7506
vn 0.3266 0.5800 -0.7462
vn 0.3394 0.5804 -0.7402
vn 0.3522 0.5807 -0.7340
vn 0.3648 0.5809 -0.7276
vn 0.3774 0.5810 -0.7211
vn 0.3899 0.5810 -0.7144
vn 0.4023 0.5809 -0.7076
vn 0.4146 0.5807 -0.7006
vn 0.4269 0.5804 -0.6935
vn 0.3032 0.6343 -0.7111
vn 0.3096 0.6345 -0.7082
vn 0.3218 0.6349 -0.7024
vn 0.3340 0.6351 -0.6965
vn 0.3461 0.6353 -0.6904
vn 0.3581 0.6354 -0.6842
vn 0.3700 0.6354 -0.6778
vn 0.3818 0.6353 -0.6713
vn 0.3936 0.6351 -0.6646
vn 0.4053 0.6349 -0.6578
vn 0.2818 -0.6345 -0.7197
vn 0.2967 -0.5800 -0.7586
vn 0.3039 -0.5777 -0.7576
vn 0.2884 -0.6343 -0.7172
vn 0.3223 -0.4631 -0.8256
vn 0.3299 -0.4608 -0.8239
vn 0.3427 -0.3373 -0.8768
vn 0.3506 -0.3354 -0.8744
vn 0.3571 -0.2051 -0.9113
vn 0.3652 -0.2038 -0.9084
vn 0.3645 -0.0688 -0.9286
vn 0.3728 -0.0684 -0.9254
vn 0.3645 0.0688 -0.9286
vn 0.3727 0.0684 -0.9254
vn 0.3571 0.2051 -0.9113
vn 0.3652 0.2038 -0.9084
vn 0.3427 0.3373 -0.8768
vn 0.3506 0.3354 -0.8744
vn 0.3223 0.4631 -0.8256
vn 0.3299 0.4608 -0.8239
vn 0.1587 -0.6343 -0.7566
vn 0.1682 -0.5777 -0.7988
vn 0.1748 -0.5800 -0.7956
vn 0.1655 -0.6345 -0.7550
vn 0.1885 -0.5804 -0.7922
vn 0.1786 -0.6349 -0.7517
vn 0.2022 -0.5807 -0.7886
vn 0.1917 -0.6351 -0.7483
vn 0.2159 -0.5809 -0.7848
vn 0.2047 -0.6353 -0.7447
vn 0.2295 -0.5810 -0.7809
vn 0.2177 -0.6354 -0.7409
vn 0.2430 -0.5810 -0.7768
vn 0.2306 -0.6354 -0.7370
vn 0.2565 -0.5809 -0.7725
vn 0.2435 -0.6353 -0.7329
vn 0.2700 -0.5807 -0.7680
vn 0.2563 -0.6351 -0.7286
vn 0.2834 -0.5804 -0.7634
vn 0.2691 -0.6349 -0.7242
vn 0.1835 -0.4608 -0.8683
vn 0.1907 -0.4631 -0.8656
vn 0.2055 -0.4635 -0.8619
vn 0.2204 -0.4639 -0.8581
vn 0.2351 -0.4641 -0.8540
vn 0.2498 -0.4642 -0.8498
vn 0.2644 -0.4642 -0.8453
vn 0.2790 -0.4641 -0.8407
vn 0.2935 -0.4639 -0.8359
vn 0.3079 -0.4635 -0.8309
vn 0.1943 -0.3354 -0.9218
vn 0.2022 -0.3373 -0.9194
vn 0.2180 -0.3378 -0.9156
vn 0.2339 -0.3382 -0.9116
vn 0.2496 -0.3384 -0.9073
vn 0.2653 -0.3385 -0.9028
vn 0.2809 -0.3385 -0.8980
vn 0.2965 -0.3384 -0.8931
vn 0.3120 -0.3382 -0.8879
vn 0.3274 -0.3378 -0.8824
vn 0.2010 -0.2038 -0.9581
vn 0.2094 -0.2051 -0.9561
vn 0.2261 -0.2054 -0.9522
vn 0.2427 -0.2057 -0.9480
vn 0.2593 -0.2059 -0.9436
vn 0.2758 -0.2060 -0.9389
vn 0.2923 -0.2060 -0.9339
vn 0.3086 -0.2059 -0.9286
vn 0.3249 -0.2057 -0.9231
vn 0.3410 -0.2054 -0.9173
vn 0.2042 -0.0684 -0.9765
vn 0.2128 -0.0688 -0.9747
vn 0.2300 -0.0690 -0.9707
vn 0.2471 -0.0691 -0.9665
vn 0.2642 -0.0691 -0.9620
vn 0.2811 -0.0692 -0.9572
vn 0.2980 -0.0692 -0.9521
vn 0.3148 -0.0691 -0.9466
vn 0.3315 -0.0691 -0.9409
vn 0.3481 -0.0690 -0.9349
vn 0.2042 0.0684 -0.9765
vn 0.2128 0.0688 -0.9747
vn 0.2300 0.0690 -0.9707
vn 0.2471 0.0691 -0.9665
vn 0.2642 0.0691 -0.9620
vn 0.2811 0.0692 -0.9572
vn 0.2980 0.0692 -0.9521
vn 0.3148 0.0691 -0.9466
vn 0.3315 0.0691 -0.9409
vn 0.3481 0.0690 -0.9349
vn 0.2010 0.2038 -0.9582
vn 0.2094 0.2051 -0.9561
vn 0.2261 0.2054 -0.9522
vn 0.2427 0.2057 -0.9480
vn 0.2593 0.2059 -0.9436
vn 0.2758 0.2060 -0.9389
vn 0.2923 0.2060 -0.9339
vn 0.3086 0.2059 -0.9286
vn 0.3249 0.2057 -0.9231
vn 0.3410 0.2054 -0.9173
vn 0.1943 0.3354 -0.9218
vn 0.2022 0.3373 -0.9194
vn 0.2180 0.3378 -0.9156
vn 0.2339 0.3382 -0.9116
vn 0.2496 0.3384 -0.9073
vn 0.2653 0.3385 -0.9028
vn 0.2810 0.3385 -0.8980
vn 0.2965 0.3384 -0.8931
vn 0.3120 0.3382 -0.8879
vn 0.3274 0.3378 -0.8824
vn 0.1835 0.4608 -0.8683
vn 0.1907 0.4631 -0.8656
vn 0.2056 0.4635 -0.8619
vn 0.2204 0.4639 -0.8581
vn 0.2351 0.4641 -0.8540
vn 0.2498 0.4642 -0.8498
vn 0.2644 0.4642 -0.8453
vn 0.2790 0.4641 -0.8407
vn 0.2935 0.4639 -0.8359
vn 0.3079 0.4635 -0.8309
vn 0.1682 0.5777 -0.7988
vn 0.1748 0.5800 -0.7956
vn 0.1885 0.5804 -0.7922
vn 0.2022 0.5807 -0.7886
vn 0.2159 0.5809 -0.7848
vn 0.2295 0.5810 -0.7809
vn 0.2430 0.5810 -0.7768
vn 0.2565 0.5809 -0.7725
vn 0.2700 0.5807 -0.7680
vn 0.2834 0.5804 -0.7634
vn 0.1587 0.6343 -0.7566
vn 0.1655 0.6345 -0.7550
vn 0.1786 0.6349 -0.7517
vn 0.1917 0.6351 -0.7483
vn 0.2047 0.6353 -0.7447
vn 0.2177 0.6354 -0.7409
vn 0.2306 0.6354 -0.7370
vn 0.2435 0.6353 -0.7329
vn 0.2563 0.6351 -0.7286
vn 0.2691 0.6349 -0.7242
vn 0.1360 -0.6345 -0.7608
vn 0.1430 -0.5800 -0.8019
vn 0.1503 -0.5777 -0.8023
vn 0.1430 -0.6343 -0.7597
vn 0.1550 -0.4631 -0.8727
vn 0.1628 -0.4608 -0.8724
vn 0.1651 -0.3373 -0.9268
vn 0.1733 -0.3354 -0.9260
vn 0.1724 -0.2051 -0.9634
vn 0.1809 -0.2038 -0.9621
vn 0.1764 -0.0688 -0.9819
vn 0.1851 -0.0684 -0.9803
vn 0.1764 0.0688 -0.9819
vn 0.1851 0.0684 -0.9803
vn 0.1724 0.2051 -0.9634
vn 0.1809 0.2038 -0.9621
vn 0.1651 0.3373 -0.9268
vn 0.1732 0.3354 -0.9260
vn 0.1550 0.4631 -0.8727
vn 0.1628 0.4608 -0.8724
vn 0.0080 -0.6343 -0.7730
vn 0.0092 -0.5777 -0.8162
vn 0.0162 -0.5800 -0.8144
vn 0.0150 -0.6345 -0.7728
vn 0.0303 -0.5804 -0.8138
vn 0.0285 -0.6349 -0.7721
vn 0.0445 -0.5807 -0.8129
vn 0.0420 -0.6351 -0.7713
vn 0.0586 -0.5809 -0.8119
vn 0.0555 -0.6353 -0.7703
vn 0.0727 -0.5810 -0.8107
vn 0.0690 -0.6354 -0.7691
vn 0.0868 -0.5810 -0.8093
vn 0.0824 -0.6354 -0.7678
vn 0.1009 -0.5809 -0.8077
vn 0.0959 -0.6353 -0.7663
vn 0.1150 -0.5807 -0.8060
vn 0.1093 -0.6351 -0.7647
vn 0.1290 -0.5804 -0.8040
vn 0.1227 -0.6349 -0.7628
vn 0.0106 -0.4608 -0.8874
vn 0.0182 -0.4631 -0.8861
vn 0.0334 -0.4635 -0.8854
vn 0.0487 -0.4639 -0.8846
vn 0.0640 -0.4641 -0.8835
vn 0.0792 -0.4642 -0.8822
vn 0.0944 -0.4642 -0.8807
vn 0.1096 -0.4641 -0.8790
vn 0.1248 -0.4639 -0.8771
vn 0.1399 -0.4635 -0.8750
vn 0.0107 -0.3354 -0.9420
vn 0.0189 -0.3373 -0.9412
vn 0.0352 -0.3378 -0.9406
vn 0.0515 -0.3382 -0.9397
vn 0.0678 -0.3384 -0.9386
vn 0.0841 -0.3385 -0.9372
vn 0.1004 -0.3385 -0.9356
vn 0.1166 -0.3384 -0.9338
vn 0.1328 -0.3382 -0.9317
vn 0.1489 -0.3378 -0.9294
vn 0.0103 -0.2038 -0.9790
vn 0.0188 -0.2051 -0.9786
vn 0.0360 -0.2054 -0.9780
vn 0.0531 -0.2057 -0.9772
vn 0.0703 -0.2059 -0.9760
vn 0.0874 -0.2060 -0.9746
vn 0.1044 -0.2060 -0.9730
vn 0.1215 -0.2059 -0.9710
vn 0.1385 -0.2057 -0.9688
vn 0.1555 -0.2054 -0.9662
vn 0.0098 -0.0684 -0.9976
vn 0.0186 -0.0688 -0.9975
vn 0.0362 -0.0690 -0.9970
vn 0.0538 -0.0691 -0.9962
vn 0.0714 -0.0691 -0.9950
vn 0.0890 -0.0692 -0.9936
vn 0.1065 -0.0692 -0.9919
vn 0.1241 -0.0691 -0.9899
vn 0.1416 -0.0691 -0.9875
vn 0.1590 -0.0690 -0.9849
vn 0.0098 0.0684 -0.9976
vn 0.0186 0.0688 -0.9975
vn 0.0362 0.0690 -0.9970
vn 0.0538 0.0691 -0.9962
vn 0.0714 0.0691 -0.9950
vn 0.0890 0.0692 -0.9936
vn 0.1065 0.0692 -0.9919
vn 0.1241 0.0691 -0.9899
vn 0.1416 0.0691 -0.9875
vn 0.1590 0.0690 -0.9849
vn 0.0102 0.2038 -0.9790
vn 0.0188 0.2051 -0.9786
vn 0.0360 0.2054 -0.9780
vn 0.0531 0.2057 -0.9772
vn 0.0703 0.2059 -0.9760
vn 0.0874 0.2060 -0.9746
vn 0.1044 0.2060 -0.9730
vn 0.1215 0.2059 -0.9710
vn 0.1385 0.2057 -0.9688
vn 0.1555 0.2054 -0.9662
vn 0.0107 0.3354 -0.9420
vn 0.0189 0.3373 -0.9412
vn 0.0352 0.3378 -0.9406
vn 0.0515 0.3382 -0.9397
vn 0.0678 0.3384 -0.9386
vn 0.0841 0.3385 -0.9372
vn 0.1004 0.3385 -0.9356
vn 0.1166 0.3384 -0.9338
vn 0.1328 0.3382 -0.9317
vn 0.1490 0.3378 -0.9294
vn 0.0106 0.4608 -0.8874
vn 0.0182 0.4631 -0.8861
vn 0.0334 0.4635 -0.8854
vn 0.0487 0.4639 -0.8846
vn 0.0640 0.4641 -0.8835
vn 0.0792 0.4642 -0.8822
vn 0.0944 0.4642 -0.8807
vn 0.1096 0.4641 -0.8790
vn 0.1248 0.4639 -0.8771
vn 0.1399 0.4635 -0.8750
vn 0.0091 0.5777 -0.8162
vn 0.0162 0.5800 -0.8144
vn 0.0303 0.5804 -0.8138
vn 0.0445 0.5807 -0.8129
vn 0.0586 0.5809 -0.8119
vn 0.0727 0.5810 -0.8107
vn 0.0868 0.5810 -0.8093
vn 0.1009 0.5809 -0.8077
vn 0.1150 0.5807 -0.8060
vn 0.1290 0.5804 -0.8040
vn 0.0080 0.6343 -0.7730
vn 0.0150 0.6345 -0.7728
vn 0.0285 0.6349 -0.7721
vn 0.0420 0.6351 -0.7713
vn 0.0555 0.6353 -0.7703
vn 0.0690 0.6354 -0.7691
vn 0.0824 0.6354 -0.7678
vn 0.0959 0.6353 -0.7663
vn 0.1093 0.6351 -0.7647
vn 0.1227 0.6349 -0.7628
vt 0.971591 0.954545
vt 0.971591 1.000000
vt 0.968750 1.000000
vt 0.968750 0.954545
vt 0.940341 0.954545
vt 0.940341 1.000000
vt 0.937500 1.000000
vt 0.937500 0.954545
vt 0.909091 0.954545
vt 0.909091 1.000000
vt 0.906250 1.000000
vt 0.906250 0.954545
vt 0.877841 0.954545
vt 0.877841 1.000000
vt 0.875000 1.000000
vt 0.875000 0.954545
vt 0.846591 0.954545
vt 0.846591 1.000000
vt 0.843750 1.000000
vt 0.843750 0.954545
vt 0.815341 0.954545
vt 0.815341 1.000000
vt 0.812500 1.000000
vt 0.812500 0.954545
vt 0.784091 0.954545
vt 0.784091 1.000000
vt 0.781250 1.000000
vt 0.781250 0.954545
vt 0.752841 0.954545
vt 0.752841 1.000000
vt 0.750000 1.000000
vt 0.750000 0.954545
vt 0.721591 0.954545
vt 0.721591 1.000000
vt 0.718750 1.000000
vt 0.718750 0.954545
vt 0.690341 0.954545
vt 0.690341 1.000000
vt 0.687500 1.000000
vt 0.687500 0.954545
vt 0.659091 0.954545
vt 0.659091 1.000000
vt 0.656250 1.000000
vt 0.656250 0.954545
vt 0.627841 0.954545
vt 0.627841 1.000000
vt 0.625000 1.000000
vt 0.625000 0.954545
vt 0.596591 0.954545
vt 0.596591 1.000000
vt 0.593750 1.000000
vt 0.593750 0.954545
vt 0.565341 0.954545
vt 0.565341 1.000000
vt 0.562500 1.000000
vt 0.562500 0.954545
vt 0.534091 0.954545
vt 0.534091 1.000000
vt 0.531250 1.000000
vt 0.531250 0.954545
vt 0.502841 0.954545
vt 0.502841 1.000000
vt 0.500000 1.000000
vt 0.500000 0.954545
vt 0.471591 0.954545
vt 0.471591 1.000000
vt 0.468750 1.000000
vt 0.468750 0.954545
vt 0.440341 0.954545
vt 0.440341 1.000000
vt 0.437500 1.000000
vt 0.437500 0.954545
vt 0.409091 0.954545
vt 0.409091 1.000000
vt 0.406250 1.000000
vt 0.406250 0.954545
vt 0.377841 0.954545
vt 0.377841 1.000000
vt 0.375000 1.000000
vt 0.375000 0.954545
vt 0.346591 0.954545
vt 0.346591 1.000000
vt 0.343750 1.000000
vt 0.343750 0.954545
vt 0.315341 0.954545
vt 0.315341 1.000000
vt 0.312500 1.000000
vt 0.312500 0.954545
vt 0.284091 0.954545
vt 0.284091 1.000000
vt 0.281250 1.000000
vt 0.281250 0.954545
vt 0.252841 0.954545
vt 0.252841 1.000000
vt 0.250000 1.000000
vt 0.250000 0.954545
vt 0.221591 0.954545
vt 0.221591 1.000000
vt 0.218750 1.000000
vt 0.218750 0.954545
vt 0.190341 0.954545
vt 0.190341 1.000000
vt 0.187500 1.000000
vt 0.187500 0.954545
vt 0.159091 0.954545
vt 0.159091 1.000000
vt 0.156250 1.000000
vt 0.156250 0.954545
vt 0.127841 0.954545
vt 0.127841 1.000000
vt 0.125000 1.000000
vt 0.125000 0.954545
vt 0.096591 0.954545
vt 0.096591 1.000000
vt 0.093750 1.000000
vt 0.093750 0.954545
vt 0.065341 0.954545
vt 0.065341 1.000000
vt 0.062500 1.000000
vt 0.062500 0.954545
vt 0.296822 0.485388
vt 0.292565 0.485807
vt 0.288309 0.486227
vt 0.284052 0.486646
vt 0.279796 0.487065
vt 0.275539 0.487484
vt 0.271283 0.487904
vt 0.267026 0.488323
vt 0.262770 0.488742
vt 0.258513 0.489161
vt 0.254257 0.489581
vt 0.250000 0.490000
vt 0.245743 0.489581
vt 0.241487 0.489161
vt 0.237230 0.488742
vt 0.232974 0.488323
vt 0.228717 0.487904
vt 0.224461 0.487484
vt 0.220204 0.487065
vt 0.215948 0.486646
vt 0.211691 0.486227
vt 0.207435 0.485807
vt 0.203178 0.485388
vt 0.199085 0.484146
vt 0.194992 0.482905
vt 0.190899 0.481663
vt 0.186806 0.480422
vt 0.182713 0.479180
vt 0.178621 0.477939
vt 0.174528 0.476697
vt 0.170435 0.475456
vt 0.166342 0.474214
vt 0.162249 0.472973
vt 0.158156 0.471731
vt 0.154384 0.469715
vt 0.150612 0.467699
vt 0.146840 0.465682
vt 0.143068 0.463666
vt 0.139296 0.461650
vt 0.135523 0.459634
vt 0.131751 0.457618
vt 0.127979 0.455602
vt 0.124207 0.453585
vt 0.120435 0.451569
vt 0.116663 0.449553
vt 0.113357 0.446840
vt 0.110050 0.444126
vt 0.106744 0.441413
vt 0.103438 0.438700
vt 0.100132 0.435986
vt 0.096825 0.433273
vt 0.093519 0.430559
vt 0.090213 0.427846
vt 0.086907 0.425133
vt 0.083600 0.422419
vt 0.080294 0.419706
vt 0.077581 0.416400
vt 0.074867 0.413093
vt 0.072154 0.409787
vt 0.069441 0.406481
vt 0.066727 0.403175
vt 0.064014 0.399868
vt 0.061300 0.396562
vt 0.058587 0.393256
vt 0.055874 0.389950
vt 0.053160 0.386643
vt 0.050447 0.383337
vt 0.048431 0.379565
vt 0.046415 0.375793
vt 0.044398 0.372021
vt 0.042382 0.368249
vt 0.040366 0.364477
vt 0.038350 0.360704
vt 0.036334 0.356932
vt 0.034318 0.353160
vt 0.032301 0.349388
vt 0.030285 0.345616
vt 0.028269 0.341844
vt 0.027027 0.337751
vt 0.025786 0.333658
vt 0.024544 0.329565
vt 0.023303 0.325472
vt 0.022061 0.321379
vt 0.020820 0.317287
vt 0.019578 0.313194
vt 0.018337 0.309101
vt 0.017095 0.305008
vt 0.015854 0.300915
vt 0.014612 0.296822
vt 0.014193 0.292565
vt 0.013773 0.288309
vt 0.013354 0.284052
vt 0.012935 0.279796
vt 0.012516 0.275539
vt 0.012096 0.271283
vt 0.011677 0.267026
vt 0.011258 0.262770
vt 0.010839 0.258513
vt 0.010419 0.254257
vt 0.010000 0.250000
vt 0.010419 0.245743
vt 0.010839 0.241487
vt 0.011258 0.237230
vt 0.011677 0.232974
vt 0.012096 0.228717
vt 0.012516 0.224461
vt 0.012935 0.220204
vt 0.013354 0.215948
vt 0.013773 0.211691
vt 0.014193 0.207435
vt 0.014612 0.203178
vt 0.015854 0.199085
vt 0.017095 0.194992
vt 0.018337 0.190899
vt 0.019578 0.186806
vt 0.020820 0.182713
vt 0.022061 0.178621
vt 0.023303 0.174528
vt 0.024544 0.170435
vt 0.025786 0.166342
vt 0.027027 0.162249
vt 0.028269 0.158156
vt 0.030285 0.154384
vt 0.032301 0.150612
vt 0.034318 0.146840
vt 0.036334 0.143068
vt 0.038350 0.139296
vt 0.040366 0.135523
vt 0.042382 0.131751
vt 0.044398 0.127979
vt 0.046415 0.124207
vt 0.048431 0.120435
vt 0.050447 0.116663
vt 0.053160 0.113357
vt 0.055874 0.110050
vt 0.058587 0.106744
vt 0.061300 0.103438
vt 0.064014 0.100132
vt 0.066727 0.096825
vt 0.069441 0.093519
vt 0.072154 0.090213
vt 0.074867 0.086907
vt 0.077581 0.083600
vt 0.080294 0.080294
vt 0.083600 0.077581
vt 0.086907 0.074867
vt 0.090213 0.072154
vt 0.093519 0.069441
vt 0.096825 0.066727
vt 0.100132 0.064014
vt 0.103438 0.061300
vt 0.106744 0.058587
vt 0.110050 0.055874
vt 0.113357 0.053160
vt 0.116663 0.050447
vt 0.120435 0.048431
vt 0.124207 0.046415
vt 0.127979 0.044398
vt 0.131751 0.042382
vt 0.135523 0.040366
vt 0.139296 0.038350
vt 0.143068 0.036334
vt 0.146840 0.034318
vt 0.150612 0.032301
vt 0.154384 0.030285
vt 0.158156 0.028269
vt 0.162249 0.027027
vt 0.166342 0.025786
vt 0.170435 0.024544
vt 0.174528 0.023303
vt 0.178621 0.022061
vt 0.182713 0.020820
vt 0.186806 0.019578
vt 0.190899 0.018337
vt 0.194992 0.017095
vt 0.199085 0.015854
vt 0.203178 0.014612
vt 0.207435 0.014193
vt 0.211691 0.013773
vt 0.215948 0.013354
vt 0.220204 0.012935
vt 0.224461 0.012516
vt 0.228717 0.012096
vt 0.232974 0.011677
vt 0.237230 0.011258
vt 0.241487 0.010839
vt 0.245743 0.010419
vt 0.250000 0.010000
vt 0.254257 0.010419
vt 0.258513 0.010839
vt 0.262770 0.011258
vt 0.267026 0.011677
vt 0.271283 0.012096
vt 0.275539 0.012516
vt 0.279796 0.012935
vt 0.284052 0.013354
vt 0.288309 0.013773
vt 0.292565 0.014193
vt 0.296822 0.014612
vt 0.300915 0.015854
vt 0.305008 0.017095
vt 0.309101 0.018337
vt 0.313194 0.019578
vt 0.317287 0.020820
vt 0.321379 0.022061
vt 0.325472 0.023303
vt 0.329565 0.024544
vt 0.333658 0.025786
vt 0.337751 0.027027
vt 0.341844 0.028269
vt 0.345616 0.030285
vt 0.349388 0.032301
vt 0.353160 0.034318
vt 0.356932 0.036334
vt 0.360704 0.038350
vt 0.364477 0.040366
vt 0.368249 0.042382
vt 0.372021 0.044398
vt 0.375793 0.046415
vt 0.379565 0.048431
vt 0.383337 0.050447
vt 0.386643 0.053160
vt 0.389950 0.055874
vt 0.393256 0.058587
vt 0.396562 0.061300
vt 0.399868 0.064014
vt 0.403175 0.066727
vt 0.406481 0.069441
vt 0.409787 0.072154
vt 0.413093 0.074867
vt 0.416400 0.077581
vt 0.419706 0.080294
vt 0.422419 0.083600
vt 0.425133 0.086907
vt 0.427846 0.090213
vt 0.430559 0.093519
vt 0.433273 0.096825
vt 0.435986 0.100132
vt 0.438700 0.103438
vt 0.441413 0.106744
vt 0.444126 0.110050
vt 0.446840 0.113357
vt 0.449553 0.116663
vt 0.451569 0.120435
vt 0.453585 0.124207
vt 0.455602 0.127979
vt 0.457618 0.131751
vt 0.459634 0.135523
vt 0.461650 0.139296
vt 0.463666 0.143068
vt 0.465682 0.146840
vt 0.467699 0.150612
vt 0.469715 0.154384
vt 0.471731 0.158156
vt 0.472973 0.162249
vt 0.474214 0.166342
vt 0.475456 0.170435
vt 0.476697 0.174528
vt 0.477939 0.178621
vt 0.479180 0.182713
vt 0.480422 0.186806
vt 0.481663 0.190899
vt 0.482905 0.194992
vt 0.484146 0.199085
vt 0.485388 0.203178
vt 0.485807 0.207435
vt 0.486227 0.211691
vt 0.486646 0.215948
vt 0.487065 0.220204
vt 0.487484 0.224461
vt 0.487904 0.228717
vt 0.488323 0.232974
vt 0.488742 0.237230
vt 0.489161 0.241487
vt 0.489581 0.245743
vt 0.490000 0.250000
vt 0.489581 0.254257
vt 0.489161 0.258513
vt 0.488742 0.262770
vt 0.488323 0.267026
vt 0.487904 0.271283
vt 0.487484 0.275539
vt 0.487065 0.279796
vt 0.486646 0.284052
vt 0.486226 0.288309
vt 0.485807 0.292565
vt 0.485388 0.296822
vt 0.484146 0.300915
vt 0.482905 0.305008
vt 0.481663 0.309101
vt 0.480422 0.313194
vt 0.479180 0.317287
vt 0.477939 0.321379
vt 0.476697 0.325472
vt 0.475456 0.329565
vt 0.474214 0.333658
vt 0.472973 0.337751
vt 0.471731 0.341844
vt 0.469715 0.345616
vt 0.467699 0.349388
vt 0.465682 0.353160
vt 0.463666 0.356932
vt 0.461650 0.360704
vt 0.459634 0.364477
vt 0.457618 0.368249
vt 0.455602 0.372021
vt 0.453585 0.375793
vt 0.451569 0.379565
vt 0.449553 0.383337
vt 0.446840 0.386643
vt 0.444126 0.389950
vt 0.441413 0.393256
vt 0.438700 0.396562
vt 0.435986 0.399868
vt 0.433273 0.403175
vt 0.430559 0.406481
vt 0.427846 0.409787
vt 0.425133 0.413093
vt 0.422419 0.416400
vt 0.419706 0.419706
vt 0.416400 0.422419
vt 0.413093 0.425133
vt 0.409787 0.427846
vt 0.406481 0.430559
vt 0.403175 0.433273
vt 0.399868 0.435986
vt 0.396562 0.438700
vt 0.393256 0.441413
vt 0.389950 0.444126
vt 0.386643 0.446840
vt 0.383337 0.449553
vt 0.379565 0.451569
vt 0.375793 0.453585
vt 0.372021 0.455602
vt 0.368249 0.457618
vt 0.364477 0.459634
vt 0.360704 0.461650
vt 0.356932 0.463666
vt 0.353160 0.465682
vt 0.349388 0.467699
vt 0.345616 0.469715
vt 0.341844 0.471731
vt 0.337751 0.472973
vt 0.333658 0.474214
vt 0.329565 0.475456
vt 0.325472 0.476697
vt 0.321379 0.477939
vt 0.317287 0.479180
vt 0.313194 0.480422
vt 0.309101 0.481663
vt 0.305008 0.482905
vt 0.300915 0.484146
vt 0.034091 0.954545
vt 0.034091 1.000000
vt 0.031250 1.000000
vt 0.031250 0.954545
vt 0.002841 0.954545
vt 0.002841 1.000000
vt 0.000000 1.000000
vt 0.000000 0.954545
vt 0.750000 0.490000
vt 0.754256 0.489581
vt 0.758513 0.489161
vt 0.762770 0.488742
vt 0.767026 0.488323
vt 0.771283 0.487904
vt 0.775539 0.487484
vt 0.779796 0.487065
vt 0.784052 0.486646
vt 0.788309 0.486227
vt 0.792565 0.485807
vt 0.796822 0.485388
vt 0.800915 0.484146
vt 0.805008 0.482905
vt 0.809101 0.481663
vt 0.813194 0.480422
vt 0.817287 0.479180
vt 0.821379 0.477939
vt 0.825472 0.476697
vt 0.829565 0.475456
vt 0.833658 0.474214
vt 0.837751 0.472973
vt 0.841844 0.471731
vt 0.845616 0.469715
vt 0.849388 0.467699
vt 0.853160 0.465682
vt 0.856932 0.463666
vt 0.860705 0.461650
vt 0.864477 0.459634
vt 0.868249 0.457618
vt 0.872021 0.455602
vt 0.875793 0.453585
vt 0.879565 0.451569
vt 0.883337 0.449553
vt 0.886643 0.446840
vt 0.889950 0.444126
vt 0.893256 0.441413
vt 0.896562 0.438700
vt 0.899868 0.435986
vt 0.903175 0.433273
vt 0.906481 0.430559
vt 0.909787 0.427846
vt 0.913093 0.425133
vt 0.916400 0.422419
vt 0.919706 0.419706
vt 0.922419 0.416400
vt 0.925133 0.413093
vt 0.927846 0.409787
vt 0.930560 0.406481
vt 0.933273 0.403175
vt 0.935986 0.399868
vt 0.938700 0.396562
vt 0.941413 0.393256
vt 0.944126 0.389950
vt 0.946840 0.386643
vt 0.949553 0.383337
vt 0.951569 0.379565
vt 0.953585 0.375793
vt 0.955602 0.372021
vt 0.957618 0.368249
vt 0.959634 0.364477
vt 0.961650 0.360704
vt 0.963666 0.356932
vt 0.965682 0.353160
vt 0.967699 0.349388
vt 0.969715 0.345616
vt 0.971731 0.341844
vt 0.972973 0.337751
vt 0.974214 0.333658
vt 0.975456 0.329565
vt 0.976697 0.325472
vt 0.977939 0.321379
vt 0.979180 0.317287
vt 0.980422 0.313194
vt 0.981663 0.309101
vt 0.982905 0.305008
vt 0.984146 0.300915
vt 0.985388 0.296822
vt 0.985807 0.292565
vt 0.986226 0.288309
vt 0.986646 0.284052
vt 0.987065 0.279796
vt 0.987484 0.275539
vt 0.987904 0.271283
vt 0.988323 0.267026
vt 0.988742 0.262770
vt 0.989161 0.258513
vt 0.989581 0.254257
vt 0.990000 0.250000
vt 0.989581 0.245743
vt 0.989161 0.241487
vt 0.988742 0.237230
vt 0.988323 0.232974
vt 0.987904 0.228717
vt 0.987484 0.224461
vt 0.987065 0.220204
vt 0.986646 0.215948
vt 0.986226 0.211691
vt 0.985807 0.207435
vt 0.985388 0.203178
vt 0.984146 0.199085
vt 0.982905 0.194992
vt 0.981663 0.190899
vt 0.980422 0.186806
vt 0.979180 0.182713
vt 0.977939 0.178621
vt 0.976697 0.174528
vt 0.975456 0.170435
vt 0.974214 0.166342
vt 0.972973 0.162249
vt 0.971731 0.158156
vt 0.969715 0.154384
vt 0.967699 0.150612
vt 0.965682 0.146840
vt 0.963666 0.143068
vt 0.961650 0.139296
vt 0.959634 0.135523
vt 0.957618 0.131751
vt 0.955602 0.127979
vt 0.953585 0.124207
vt 0.951569 0.120435
vt 0.949553 0.116663
vt 0.946840 0.113357
vt 0.944126 0.110050
vt 0.941413 0.106744
vt 0.938699 0.103438
vt 0.935986 0.100132
vt 0.933273 0.096825
vt 0.930559 0.093519
vt 0.927846 0.090213
vt 0.925133 0.086907
vt 0.922419 0.083600
vt 0.919706 0.080294
vt 0.916400 0.077581
vt 0.913093 0.074867
vt 0.909787 0.072154
vt 0.906481 0.069441
vt 0.903175 0.066727
vt 0.899868 0.064014
vt 0.896562 0.061300
vt 0.893256 0.058587
vt 0.889950 0.055874
vt 0.886643 0.053160
vt 0.883337 0.050447
vt 0.879565 0.048431
vt 0.875793 0.046415
vt 0.872021 0.044398
vt 0.868249 0.042382
vt 0.864477 0.040366
vt 0.860705 0.038350
vt 0.856932 0.036334
vt 0.853160 0.034318
vt 0.849388 0.032301
vt 0.845616 0.030285
vt 0.841844 0.028269
vt 0.837751 0.027027
vt 0.833658 0.025786
vt 0.829565 0.024544
vt 0.825472 0.023303
vt 0.821379 0.022061
vt 0.817287 0.020820
vt 0.813194 0.019578
vt 0.809101 0.018337
vt 0.805008 0.017095
vt 0.800915 0.015854
vt 0.796822 0.014612
vt 0.792565 0.014193
vt 0.788309 0.013773
vt 0.784052 0.013354
vt 0.779796 0.012935
vt 0.775539 0.012516
vt 0.771283 0.012096
vt 0.767026 0.011677
vt 0.762770 0.011258
vt 0.758513 0.010839
vt 0.754256 0.010419
vt 0.750000 0.010000
vt 0.745743 0.010419
vt 0.741487 0.010839
vt 0.737230 0.011258
vt 0.732974 0.011677
vt 0.728717 0.012096
vt 0.724461 0.012516
vt 0.720204 0.012935
vt 0.715948 0.013354
vt 0.711691 0.013773
vt 0.707435 0.014193
vt 0.703178 0.014612
vt 0.699085 0.015854
vt 0.694992 0.017095
vt 0.690899 0.018337
vt 0.686806 0.019578
vt 0.682713 0.020820
vt 0.678621 0.022061
vt 0.674528 0.023303
vt 0.670435 0.024544
vt 0.666342 0.025786
vt 0.662249 0.027027
vt 0.658156 0.028269
vt 0.654384 0.030285
vt 0.650612 0.032301
vt 0.646840 0.034318
vt 0.643068 0.036334
vt 0.639296 0.038350
vt 0.635523 0.040366
vt 0.631751 0.042382
vt 0.627979 0.044398
vt 0.624207 0.046415
vt 0.620435 0.048431
vt 0.616663 0.050447
vt 0.613357 0.053160
vt 0.610050 0.055874
vt 0.606744 0.058587
vt 0.603438 0.061300
vt 0.600132 0.064014
vt 0.596825 0.066727
vt 0.593519 0.069441
vt 0.590213 0.072154
vt 0.586907 0.074867
vt 0.583600 0.077581
vt 0.580294 0.080294
vt 0.577581 0.083600
vt 0.574867 0.086907
vt 0.572154 0.090213
vt 0.569441 0.093519
vt 0.566727 0.096825
vt 0.564014 0.100132
vt 0.561300 0.103438
vt 0.558587 0.106744
vt 0.555874 0.110050
vt 0.553160 0.113357
vt 0.550447 0.116663
vt 0.548431 0.120435
vt 0.546415 0.124207
vt 0.544398 0.127979
vt 0.542382 0.131751
vt 0.540366 0.135523
vt 0.538350 0.139296
vt 0.536334 0.143068
vt 0.534317 0.146840
vt 0.532301 0.150612
vt 0.530285 0.154384
vt 0.528269 0.158156
vt 0.527027 0.162249
vt 0.525786 0.166342
vt 0.524544 0.170435
vt 0.523303 0.174528
vt 0.522061 0.178621
vt 0.520820 0.182713
vt 0.519578 0.186806
vt 0.518337 0.190899
vt 0.517095 0.194992
vt 0.515854 0.199085
vt 0.514612 0.203178
vt 0.514193 0.207435
vt 0.513773 0.211691
vt 0.513354 0.215948
vt 0.512935 0.220204
vt 0.512516 0.224461
vt 0.512096 0.228717
vt 0.511677 0.232974
vt 0.511258 0.237230
vt 0.510839 0.241487
vt 0.510419 0.245743
vt 0.510000 0.250000
vt 0.510419 0.254257
vt 0.510839 0.258513
vt 0.511258 0.262770
vt 0.511677 0.267026
vt 0.512096 0.271283
vt 0.512516 0.275539
vt 0.512935 0.279796
vt 0.513354 0.284052
vt 0.513773 0.288309
vt 0.514193 0.292565
vt 0.514612 0.296822
vt 0.515854 0.300915
vt 0.517095 0.305008
vt 0.518337 0.309101
vt 0.519578 0.313194
vt 0.520820 0.317287
vt 0.522061 0.321379
vt 0.523303 0.325472
vt 0.524544 0.329565
vt 0.525786 0.333658
vt 0.527027 0.337751
vt 0.528269 0.341844
vt 0.530285 0.345616
vt 0.532301 0.349388
vt 0.534318 0.353160
vt 0.536334 0.356932
vt 0.538350 0.360704
vt 0.540366 0.364477
vt 0.542382 0.368249
vt 0.544398 0.372021
vt 0.546415 0.375793
vt 0.548431 0.379565
vt 0.550447 0.383337
vt 0.553160 0.386643
vt 0.555874 0.389950
vt 0.558587 0.393256
vt 0.561300 0.396562
vt 0.564014 0.399868
vt 0.566727 0.403175
vt 0.569441 0.406481
vt 0.572154 0.409787
vt 0.574867 0.413093
vt 0.577581 0.416400
vt 0.580294 0.419706
vt 0.583600 0.422419
vt 0.586906 0.425133
vt 0.590213 0.427846
vt 0.593519 0.430559
vt 0.596825 0.433273
vt 0.600132 0.435986
vt 0.603438 0.438700
vt 0.606744 0.441413
vt 0.610050 0.444126
vt 0.613357 0.446840
vt 0.616663 0.449553
vt 0.620435 0.451569
vt 0.624207 0.453585
vt 0.627979 0.455602
vt 0.631751 0.457618
vt 0.635523 0.459634
vt 0.639295 0.461650
vt 0.643068 0.463666
vt 0.646840 0.465682
vt 0.650612 0.467699
vt 0.654384 0.469715
vt 0.658156 0.471731
vt 0.662249 0.472973
vt 0.666342 0.474214
vt 0.670435 0.475456
vt 0.674528 0.476697
vt 0.678620 0.477939
vt 0.682713 0.479180
vt 0.686806 0.480422
vt 0.690899 0.481663
vt 0.694992 0.482905
vt 0.699085 0.484146
vt 0.703178 0.485388
vt 0.707435 0.485807
vt 0.711691 0.486227
vt 0.715948 0.486646
vt 0.720204 0.487065
vt 0.724461 0.487484
vt 0.728717 0.487904
vt 0.732974 0.488323
vt 0.737230 0.488742
vt 0.741487 0.489161
vt 0.745743 0.489581
vt 0.002841 0.500000
vt 0.002841 0.545455
vt 0.000000 0.545455
vt 0.000000 0.500000
vt 0.002841 0.590909
vt 0.000000 0.590909
vt 0.002841 0.636364
vt 0.000000 0.636364
vt 0.002841 0.681818
vt 0.000000 0.681818
vt 0.002841 0.727273
vt 0.000000 0.727273
vt 0.002841 0.772727
vt 0.000000 0.772727
vt 0.002841 0.818182
vt 0.000000 0.818182
vt 0.002841 0.863636
vt 0.000000 0.863636
vt 0.002841 0.909091
vt 0.000000 0.909091
vt 0.031250 0.500000
vt 0.031250 0.545455
vt 0.028409 0.545455
vt 0.028409 0.500000
vt 0.025568 0.545455
vt 0.025568 0.500000
vt 0.022727 0.545455
vt 0.022727 0.500000
vt 0.019886 0.545455
vt 0.019886 0.500000
vt 0.017045 0.545455
vt 0.017045 0.500000
vt 0.014205 0.545455
vt 0.014205 0.500000
vt 0.011364 0.545455
vt 0.011364 0.500000
vt 0.008523 0.545455
vt 0.008523 0.500000
vt 0.005682 0.545455
vt 0.005682 0.500000
vt 0.031250 0.590909
vt 0.028409 0.590909
vt 0.025568 0.590909
vt 0.022727 0.590909
vt 0.019886 0.590909
vt 0.017045 0.590909
vt 0.014205 0.590909
vt 0.011364 0.590909
vt 0.008523 0.590909
vt 0.005682 0.590909
vt 0.031250 0.636364
vt 0.028409 0.636364
vt 0.025568 0.636364
vt 0.022727 0.636364
vt 0.019886 0.636364
vt 0.017045 0.636364
vt 0.014205 0.636364
vt 0.011364 0.636364
vt 0.008523 0.636364
vt 0.005682 0.636364
vt 0.031250 0.681818
vt 0.028409 0.681818
vt 0.025568 0.681818
vt 0.022727 0.681818
vt 0.019886 0.681818
vt 0.017045 0.681818
vt 0.014205 0.681818
vt 0.011364 0.681818
vt 0.008523 0.681818
vt 0.005682 0.681818
vt 0.031250 0.727273
vt 0.028409 0.727273
vt 0.025568 0.727273
vt 0.022727 0.727273
vt 0.019886 0.727273
vt 0.017045 0.727273
vt 0.014205 0.727273
vt 0.011364 0.727273
vt 0.008523 0.727273
vt 0.005682 0.727273
vt 0.031250 0.772727
vt 0.028409 0.772727
vt 0.025568 0.772727
vt 0.022727 0.772727
vt 0.019886 0.772727
vt 0.017045 0.772727
vt 0.014205 0.772727
vt 0.011364 0.772727
vt 0.008523 0.772727
vt 0.005682 0.772727
vt 0.031250 0.818182
vt 0.028409 0.818182
vt 0.025568 0.818182
vt 0.022727 0.818182
vt 0.019886 0.818182
vt 0.017045 0.818182
vt 0.014205 0.818182
vt 0.011364 0.818182
vt 0.008523 0.818182
vt 0.005682 0.818182
vt 0.031250 0.863636
vt 0.028409 0.863636
vt 0.025568 0.863636
vt 0.022727 0.863636
vt 0.019886 0.863636
vt 0.017045 0.863636
vt 0.014205 0.863636
vt 0.011364 0.863636
vt 0.008523 0.863636
vt 0.005682 0.863636
vt 0.031250 0.909091
vt 0.028409 0.909091
vt 0.025568 0.909091
vt 0.022727 0.909091
vt 0.019886 0.909091
vt 0.017045 0.909091
vt 0.014205 0.909091
vt 0.011364 0.909091
vt 0.008523 0.909091
vt 0.005682 0.909091
vt 0.028409 0.954545
vt 0.025568 0.954545
vt 0.022727 0.954545
vt 0.019886 0.954545
vt 0.017045 0.954545
vt 0.014205 0.954545
vt 0.011364 0.954545
vt 0.008523 0.954545
vt 0.005682 0.954545
vt 0.028409 1.000000
vt 0.025568 1.000000
vt 0.022727 1.000000
vt 0.019886 1.000000
vt 0.017045 1.000000
vt 0.014205 1.000000
vt 0.011364 1.000000
vt 0.008523 1.000000
vt 0.005682 1.000000
vt 0.034091 0.500000
vt 0.034091 0.545455
vt 0.034091 0.590909
vt 0.034091 0.636364
vt 0.034091 0.681818
vt 0.034091 0.727273
vt 0.034091 0.772727
vt 0.034091 0.818182
vt 0.034091 0.863636
vt 0.034091 0.909091
vt 0.062500 0.500000
vt 0.062500 0.545455
vt 0.059659 0.545455
vt 0.059659 0.500000
vt 0.056818 0.545455
vt 0.056818 0.500000
vt 0.053977 0.545455
vt 0.053977 0.500000
vt 0.051136 0.545455
vt 0.051136 0.500000
vt 0.048295 0.545455
vt 0.048295 0.500000
vt 0.045455 0.545455
vt 0.045455 0.500000
vt 0.042614 0.545455
vt 0.042614 0.500000
vt 0.039773 0.545455
vt 0.039773 0.500000
vt 0.036932 0.545455
vt 0.036932 0.500000
vt 0.062500 0.590909
vt 0.059659 0.590909
vt 0.056818 0.590909
vt 0.053977 0.590909
vt 0.051136 0.590909
vt 0.048295 0.590909
vt 0.045455 0.590909
vt 0.042614 0.590909
vt 0.039773 0.590909
vt 0.036932 0.590909
vt 0.062500 0.636364
vt 0.059659 0.636364
vt 0.056818 0.636364
vt 0.053977 0.636364
vt 0.051136 0.636364
vt 0.048295 0.636364
vt 0.045455 0.636364
vt 0.042614 0.636364
vt 0.039773 0.636364
vt 0.036932 0.636364
vt 0.062500 0.681818
vt 0.059659 0.681818
vt 0.056818 0.681818
vt 0.053977 0.681818
vt 0.051136 0.681818
vt 0.048295 0.681818
vt 0.045455 0.681818
vt 0.042614 0.681818
vt 0.039773 0.681818
vt 0.036932 0.681818
vt 0.062500 0.727273
vt 0.059659 0.727273
vt 0.056818 0.727273
vt 0.053977 0.727273
vt 0.051136 0.727273
vt 0.048295 0.727273
vt 0.045455 0.727273
vt 0.042614 0.727273
vt 0.039773 0.727273
vt 0.036932 0.727273
vt 0.062500 0.772727
vt 0.059659 0.772727
vt 0.056818 0.772727
vt 0.053977 0.772727
vt 0.051136 0.772727
vt 0.048295 0.772727
vt 0.045455 0.772727
vt 0.042614 0.772727
vt 0.039773 0.772727
vt 0.036932 0.772727
vt 0.062500 0.818182
vt 0.059659 0.818182
vt 0.056818 0.818182
vt 0.053977 0.818182
vt 0.051136 0.818182
vt 0.048295 0.818182
vt 0.045455 0.818182
vt 0.042614 0.818182
vt 0.039773 0.818182
vt 0.036932 0.818182
vt 0.062500 0.863636
vt 0.059659 0.863636
vt 0.056818 0.863636
vt 0.053977 0.863636
vt 0.051136 0.863636
vt 0.048295 0.863636
vt 0.045455 0.863636
vt 0.042614 0.863636
vt 0.039773 0.863636
vt 0.036932 0.863636
vt 0.062500 0.909091
vt 0.059659 0.909091
vt 0.056818 0.909091
vt 0.053977 0.909091
vt 0.051136 0.909091
vt 0.048295 0.909091
vt 0.045455 0.909091
vt 0.042614 0.909091
vt 0.039773 0.909091
vt 0.036932 0.909091
vt 0.059659 0.954545
vt 0.056818 0.954545
vt 0.053977 0.954545
vt 0.051136 0.954545
vt 0.048295 0.954545
vt 0.045455 0.954545
vt 0.042614 0.954545
vt 0.039773 0.954545
vt 0.036932 0.954545
vt 0.059659 1.000000
vt 0.056818 1.000000
vt 0.053977 1.000000
vt 0.051136 1.000000
vt 0.048295 1.000000
vt 0.045455 1.000000
vt 0.042614 1.000000
vt 0.039773 1.000000
vt 0.036932 1.000000
vt 0.065341 0.500000
vt 0.065341 0.545455
vt 0.065341 0.590909
vt 0.065341 0.636364
vt 0.065341 0.681818
vt 0.065341 0.727273
vt 0.065341 0.772727
vt 0.065341 0.818182
vt 0.065341 0.863636
vt 0.065341 0.909091
vt 0.093750 0.500000
vt 0.093750 0.545455
vt 0.090909 0.545455
vt 0.090909 0.500000
vt 0.088068 0.545455
vt 0.088068 0.500000
vt 0.085227 0.545455
vt 0.085227 0.500000
vt 0.082386 0.545455
vt 0.082386 0.500000
vt 0.079545 0.545455
vt 0.079545 0.500000
vt 0.076705 0.545455
vt 0.076705 0.500000
vt 0.073864 0.545455
vt 0.073864 0.500000
vt 0.071023 0.545455
vt 0.071023 0.500000
vt 0.068182 0.545455
vt 0.068182 0.500000
vt 0.093750 0.590909
vt 0.090909 0.590909
vt 0.088068 0.590909
vt 0.085227 0.590909
vt 0.082386 0.590909
vt 0.079545 0.590909
vt 0.076705 0.590909
vt 0.073864 0.590909
vt 0.071023 0.590909
vt 0.068182 0.590909
vt 0.093750 0.636364
vt 0.090909 0.636364
vt 0.088068 0.636364
vt 0.085227 0.636364
vt 0.082386 0.636364
vt 0.079545 0.636364
vt 0.076705 0.636364
vt 0.073864 0.636364
vt 0.071023 0.636364
vt 0.068182 0.636364
vt 0.093750 0.681818
vt 0.090909 0.681818
vt 0.088068 0.681818
vt 0.085227 0.681818
vt 0.082386 0.681818
vt 0.079545 0.681818
vt 0.076705 0.681818
vt 0.073864 0.681818
vt 0.071023 0.681818
vt 0.068182 0.681818
vt 0.093750 0.727273
vt 0.090909 0.727273
vt 0.088068 0.727273
vt 0.085227 0.727273
vt 0.082386 0.727273
vt 0.079545 0.727273
vt 0.076705 0.727273
vt 0.073864 0.727273
vt 0.071023 0.727273
vt 0.068182 0.727273
vt 0.093750 0.772727
vt 0.090909 0.772727
vt 0.088068 0.772727
vt 0.085227 0.772727
vt 0.082386 0.772727
vt 0.079545 0.772727
vt 0.076705 0.772727
vt 0.073864 0.772727
vt 0.071023 0.772727
vt 0.068182 0.772727
vt 0.093750 0.818182
vt 0.090909 0.818182
vt 0.088068 0.818182
vt 0.085227 0.818182
vt 0.082386 0.818182
vt 0.079545 0.818182
vt 0.076705 0.818182
vt 0.073864 0.818182
vt 0.071023 0.818182
vt 0.068182 0.818182
vt 0.093750 0.863636
vt 0.090909 0.863636
vt 0.088068 0.863636
vt 0.085227 0.863636
vt 0.082386 0.863636
vt 0.079545 0.863636
vt 0.076705 0.863636
vt 0.073864 0.863636
vt 0.071023 0.863636
vt 0.068182 0.863636
vt 0.093750 0.909091
vt 0.090909 0.909091
vt 0.088068 0.909091
vt 0.085227 0.909091
vt 0.082386 0.909091
vt 0.079545 0.909091
vt 0.076705 0.909091
vt 0.073864 0.909091
vt 0.071023 0.909091
vt 0.068182 0.909091
vt 0.090909 0.954545
vt 0.088068 0.954545
vt 0.085227 0.954545
vt 0.082386 0.954545
vt 0.079545 0.954545
vt 0.076705 0.954545
vt 0.073864 0.954545
vt 0.071023 0.954545
vt 0.068182 0.954545
vt 0.090909 1.000000
vt 0.088068 1.000000
vt 0.085227 1.000000
vt 0.082386 1.000000
vt 0.079545 1.000000
vt 0.076705 1.000000
vt 0.073864 1.000000
vt 0.071023 1.000000
vt 0.068182 1.000000
vt 0.096591 0.500000
vt 0.096591 0.545455
vt 0.096591 0.590909
vt 0.096591 0.636364
vt 0.096591 0.681818
vt 0.096591 0.727273
vt 0.096591 0.772727
vt 0.096591 0.818182
vt 0.096591 0.863636
vt 0.096591 0.909091
vt 0.125000 0.500000
vt 0.125000 0.545455
vt 0.122159 0.545455
vt 0.122159 0.500000
vt 0.119318 0.545455
vt 0.119318 0.500000
vt 0.116477 0.545455
vt 0.116477 0.500000
vt 0.113636 0.545455
vt 0.113636 0.500000
vt 0.110795 0.545455
vt 0.110795 0.500000
vt 0.107955 0.545455
vt 0.107955 0.500000
vt 0.105114 0.545455
vt 0.105114 0.500000
vt 0.102273 0.545455
vt 0.102273 0.500000
vt 0.099432 0.545455
vt 0.099432 0.500000
vt 0.125000 0.590909
vt 0.122159 0.590909
vt 0.119318 0.590909
vt 0.116477 0.590909
vt 0.113636 0.590909
vt 0.110795 0.590909
vt 0.107955 0.590909
vt 0.105114 0.590909
vt 0.102273 0.590909
vt 0.099432 0.590909
vt 0.125000 0.636364
vt 0.122159 0.636364
vt 0.119318 0.636364
vt 0.116477 0.636364
vt 0.113636 0.636364
vt 0.110795 0.636364
vt 0.107955 0.636364
vt 0.105114 0.636364
vt 0.102273 0.636364
vt 0.099432 0.636364
vt 0.125000 0.681818
vt 0.122159 0.681818
vt 0.119318 0.681818
vt 0.116477 0.681818
vt 0.113636 0.681818
vt 0.110795 0.681818
vt 0.107955 0.681818
vt 0.105114 0.681818
vt 0.102273 0.681818
vt 0.099432 0.681818
vt 0.125000 0.727273
vt 0.122159 0.727273
vt 0.119318 0.727273
vt 0.116477 0.727273
vt 0.113636 0.727273
vt 0.110795 0.727273
vt 0.107955 0.727273
vt 0.105114 0.727273
vt 0.102273 0.727273
vt 0.099432 0.727273
vt 0.125000 0.772727
vt 0.122159 0.772727
vt 0.119318 0.772727
vt 0.116477 0.772727
vt 0.113636 0.772727
vt 0.110795 0.772727
vt 0.107955 0.772727
vt 0.105114 0.772727
vt 0.102273 0.772727
vt 0.099432 0.772727
vt 0.125000 0.818182
vt 0.122159 0.818182
vt 0.119318 0.818182
vt 0.116477 0.818182
vt 0.113636 0.818182
vt 0.110795 0.818182
vt 0.107955 0.818182
vt 0.105114 0.818182
vt 0.102273 0.818182
vt 0.099432 0.818182
vt 0.125000 0.863636
vt 0.122159 0.863636
vt 0.119318 0.863636
vt 0.116477 0.863636
vt 0.113636 0.863636
vt 0.110795 0.863636
vt 0.107955 0.863636
vt 0.105114 0.863636
vt 0.102273 0.863636
vt 0.099432 0.863636
vt 0.125000 0.909091
vt 0.122159 0.909091
vt 0.119318 0.909091
vt 0.116477 0.909091
vt 0.113636 0.909091
vt 0.110795 0.909091
vt 0.107955 0.909091
vt 0.105114 0.909091
vt 0.102273 0.909091
vt 0.099432 0.909091
vt 0.122159 0.954545
vt 0.119318 0.954545
vt 0.116477 0.954545
vt 0.113636 0.954545
vt 0.110795 0.954545
vt 0.107955 0.954545
vt 0.105114 0.954545
vt 0.102273 0.954545
vt 0.099432 0.954545
vt 0.122159 1.000000
vt 0.119318 1.000000
vt 0.116477 1.000000
vt 0.113636 1.000000
vt 0.110795 1.000000
vt 0.107955 1.000000
vt 0.105114 1.000000
vt 0.102273 1.000000
vt 0.099432 1.000000
vt 0.127841 0.500000
vt 0.127841 0.545455
vt 0.127841 0.590909
vt 0.127841 0.636364
vt 0.127841 0.681818
vt 0.127841 0.727273
vt 0.127841 0.772727
vt 0.127841 0.818182
vt 0.127841 0.863636
vt 0.127841 0.909091
vt 0.156250 0.500000
vt 0.156250 0.545455
vt 0.153409 0.545455
vt 0.153409 0.500000
vt 0.150568 0.545455
vt 0.150568 0.500000
vt 0.147727 0.545455
vt 0.147727 0.500000
vt 0.144886 0.545455
vt 0.144886 0.500000
vt 0.142045 0.545455
vt 0.142045 0.500000
vt 0.139205 0.545455
vt 0.139205 0.500000
vt 0.136364 0.545455
vt 0.136364 0.500000
vt 0.133523 0.545455
vt 0.133523 0.500000
vt 0.130682 0.545455
vt 0.130682 0.500000
vt 0.156250 0.590909
vt 0.153409 0.590909
vt 0.150568 0.590909
vt 0.147727 0.590909
vt 0.144886 0.590909
vt 0.142045 0.590909
vt 0.139205 0.590909
vt 0.136364 0.590909
vt 0.133523 0.590909
vt 0.130682 0.590909
vt 0.156250 0.636364
vt 0.153409 0.636364
vt 0.150568 0.636364
vt 0.147727 0.636364
vt 0.144886 0.636364
vt 0.142045 0.636364
vt 0.139205 0.636364
vt 0.136364 0.636364
vt 0.133523 0.636364
vt 0.130682 0.636364
vt 0.156250 0.681818
vt 0.153409 0.681818
vt 0.150568 0.681818
vt 0.147727 0.681818
vt 0.144886 0.681818
vt 0.142045 0.681818
vt 0.139205 0.681818
vt 0.136364 0.681818
vt 0.133523 0.681818
vt 0.130682 0.681818
vt 0.156250 0.727273
vt 0.153409 0.727273
vt 0.150568 0.727273
vt 0.147727 0.727273
vt 0.144886 0.727273
vt 0.142045 0.727273
vt 0.139205 0.727273
vt 0.136364 0.727273
vt 0.133523 0.727273
vt 0.130682 0.727273
vt 0.156250 0.772727
vt 0.153409 0.772727
vt 0.150568 0.772727
vt 0.147727 0.772727
vt 0.144886 0.772727
vt 0.142045 0.772727
vt 0.139205 0.772727
vt 0.136364 0.772727
vt 0.133523 0.772727
vt 0.130682 0.772727
vt 0.156250 0.818182
vt 0.153409 0.818182
vt 0.150568 0.818182
vt 0.147727 0.818182
vt 0.144886 0.818182
vt 0.142045 0.818182
vt 0.139205 0.818182
vt 0.136364 0.818182
vt 0.133523 0.818182
vt 0.130682 0.818182
vt 0.156250 0.863636
vt 0.153409 0.863636
vt 0.150568 0.863636
vt 0.147727 0.863636
vt 0.144886 0.863636
vt 0.142045 0.863636
vt 0.139205 0.863636
vt 0.136364 0.863636
vt 0.133523 0.863636
vt 0.130682 0.863636
vt 0.156250 0.909091
vt 0.153409 0.909091
vt 0.150568 0.909091
vt 0.147727 0.909091
vt 0.144886 0.909091
vt 0.142045 0.909091
vt 0.139205 0.909091
vt 0.136364 0.909091
vt 0.133523 0.909091
vt 0.130682 0.909091
vt 0.153409 0.954545
vt 0.150568 0.954545
vt 0.147727 0.954545
vt 0.144886 0.954545
vt 0.142045 0.954545
vt 0.139205 0.954545
vt 0.136364 0.954545
vt 0.133523 0.954545
vt 0.130682 0.954545
vt 0.153409 1.000000
vt 0.150568 1.000000
vt 0.147727 1.000000
vt 0.144886 1.000000
vt 0.142045 1.000000
vt 0.139205 1.000000
vt 0.136364 1.000000
vt 0.133523 1.000000
vt 0.130682 1.000000
vt 0.159091 0.500000
vt 0.159091 0.545455
vt 0.159091 0.590909
vt 0.159091 0.636364
vt 0.159091 0.681818
vt 0.159091 0.727273
vt 0.159091 0.772727
vt 0.159091 0.818182
vt 0.159091 0.863636
vt 0.159091 0.909091
vt 0.187500 0.500000
vt 0.187500 0.545455
vt 0.184659 0.545455
vt 0.184659 0.500000
vt 0.181818 0.545455
vt 0.181818 0.500000
vt 0.178977 0.545455
vt 0.178977 0.500000
vt 0.176136 0.545455
vt 0.176136 0.500000
vt 0.173295 0.545455
vt 0.173295 0.500000
vt 0.170455 0.545455
vt 0.170455 0.500000
vt 0.167614 0.545455
vt 0.167614 0.500000
vt 0.164773 0.545455
vt 0.164773 0.500000
vt 0.161932 0.545455
vt 0.161932 0.500000
vt 0.187500 0.590909
vt 0.184659 0.590909
vt 0.181818 0.590909
vt 0.178977 0.590909
vt 0.176136 0.590909
vt 0.173295 0.590909
vt 0.170455 0.590909
vt 0.167614 0.590909
vt 0.164773 0.590909
vt 0.161932 0.590909
vt 0.187500 0.636364
vt 0.184659 0.636364
vt 0.181818 0.636364
vt 0.178977 0.636364
vt 0.176136 0.636364
vt 0.173295 0.636364
vt 0.170455 0.636364
vt 0.167614 0.636364
vt 0.164773 0.636364
vt 0.161932 0.636364
vt 0.187500 0.681818
vt 0.184659 0.681818
vt 0.181818 0.681818
vt 0.178977 0.681818
vt 0.176136 0.681818
vt 0.173295 0.681818
vt 0.170455 0.681818
vt 0.167614 0.681818
vt 0.164773 0.681818
vt 0.161932 0.681818
vt 0.187500 0.727273
vt 0.184659 0.727273
vt 0.181818 0.727273
vt 0.178977 0.727273
vt 0.176136 0.727273
vt 0.173295 0.727273
vt 0.170455 0.727273
vt 0.167614 0.727273
vt 0.164773 0.727273
vt 0.161932 0.727273
vt 0.187500 0.772727
vt 0.184659 0.772727
vt 0.181818 0.772727
vt 0.178977 0.772727
vt 0.176136 0.772727
vt 0.173295 0.772727
vt 0.170455 0.772727
vt 0.167614 0.772727
vt 0.164773 0.772727
vt 0.161932 0.772727
vt 0.187500 0.818182
vt 0.184659 0.818182
vt 0.181818 0.818182
vt 0.178977 0.818182
vt 0.176136 0.818182
vt 0.173295 0.818182
vt 0.170455 0.818182
vt 0.167614 0.818182
vt 0.164773 0.818182
vt 0.161932 0.818182
vt 0.187500 0.863636
vt 0.184659 0.863636
vt 0.181818 0.863636
vt 0.178977 0.863636
vt 0.176136 0.863636
vt 0.173295 0.863636
vt 0.170455 0.863636
vt 0.167614 0.863636
vt 0.164773 0.863636
vt 0.161932 0.863636
vt 0.187500 0.909091
vt 0.184659 0.909091
vt 0.181818 0.909091
vt 0.178977 0.909091
vt 0.176136 0.909091
vt 0.173295 0.909091
vt 0.170455 0.909091
vt 0.167614 0.909091
vt 0.164773 0.909091
vt 0.161932 0.909091
vt 0.184659 0.954545
vt 0.181818 0.954545
vt 0.178977 0.954545
vt 0.176136 0.954545
vt 0.173295 0.954545
vt 0.170455 0.954545
vt 0.167614 0.954545
vt 0.164773 0.954545
vt 0.161932 0.954545
vt 0.184659 1.000000
vt 0.181818 1.000000
vt 0.178977 1.000000
vt 0.176136 1.000000
vt 0.173295 1.000000
vt 0.170455 1.000000
vt 0.167614 1.000000
vt 0.164773 1.000000
vt 0.161932 1.000000
vt 0.190341 0.500000
vt 0.190341 0.545455
vt 0.190341 0.590909
vt 0.190341 0.636364
vt 0.190341 0.681818
vt 0.190341 0.727273
vt 0.190341 0.772727
vt 0.190341 0.818182
vt 0.190341 0.863636
vt 0.190341 0.909091
vt 0.218750 0.500000
vt 0.218750 0.545455
vt 0.215909 0.545455
vt 0.215909 0.500000
vt 0.213068 0.545455
vt 0.213068 0.500000
vt 0.210227 0.545455
vt 0.210227 0.500000
vt 0.207386 0.545455
vt 0.207386 0.500000
vt 0.204545 0.545455
vt 0.204545 0.500000
vt 0.201705 0.545455
vt 0.201705 0.500000
vt 0.198864 0.545455
vt 0.198864 0.500000
vt 0.196023 0.545455
vt 0.196023 0.500000
vt 0.193182 0.545455
vt 0.193182 0.500000
vt 0.218750 0.590909
vt 0.215909 0.590909
vt 0.213068 0.590909
vt 0.210227 0.590909
vt 0.207386 0.590909
vt 0.204545 0.590909
vt 0.201705 0.590909
vt 0.198864 0.590909
vt 0.196023 0.590909
vt 0.193182 0.590909
vt 0.218750 0.636364
vt 0.215909 0.636364
vt 0.213068 0.636364
vt 0.210227 0.636364
vt 0.207386 0.636364
vt 0.204545 0.636364
vt 0.201705 0.636364
vt 0.198864 0.636364
vt 0.196023 0.636364
vt 0.193182 0.636364
vt 0.218750 0.681818
vt 0.215909 0.681818
vt 0.213068 0.681818
vt 0.210227 0.681818
vt 0.207386 0.681818
vt 0.204545 0.681818
vt 0.201705 0.681818
vt 0.198864 0.681818
vt 0.196023 0.681818
vt 0.193182 0.681818
vt 0.218750 0.727273
vt 0.215909 0.727273
vt 0.213068 0.727273
vt 0.210227 0.727273
vt 0.207386 0.727273
vt 0.204545 0.727273
vt 0.201705 0.727273
vt 0.198864 0.727273
vt 0.196023 0.727273
vt 0.193182 0.727273
vt 0.218750 0.772727
vt 0.215909 0.772727
vt 0.213068 0.772727
vt 0.210227 0.772727
vt 0.207386 0.772727
vt 0.204545 0.772727
vt 0.201705 0.772727
vt 0.198864 0.772727
vt 0.196023 0.772727
vt 0.193182 0.772727
vt 0.218750 0.818182
vt 0.215909 0.818182
vt 0.213068 0.818182
vt 0.210227 0.818182
vt 0.207386 0.818182
vt 0.204545 0.818182
vt 0.201705 0.818182
vt 0.198864 0.818182
vt 0.196023 0.818182
vt 0.193182 0.818182
vt 0.218750 0.863636
vt 0.215909 0.863636
vt 0.213068 0.863636
vt 0.210227 0.863636
vt 0.207386 0.863636
vt 0.204545 0.863636
vt 0.201705 0.863636
vt 0.198864 0.863636
vt 0.196023 0.863636
vt 0.193182 0.863636
vt 0.218750 0.909091
vt 0.215909 0.909091
vt 0.213068 0.909091
vt 0.210227 0.909091
vt 0.207386 0.909091
vt 0.204545 0.909091
vt 0.201705 0.909091
vt 0.198864 0.909091
vt 0.196023 0.909091
vt 0.193182 0.909091
vt 0.215909 0.954545
vt 0.213068 0.954545
vt 0.210227 0.954545
vt 0.207386 0.954545
vt 0.204545 0.954545
vt 0.201705 0.954545
vt 0.198864 0.954545
vt 0.196023 0.954545
vt 0.193182 0.954545
vt 0.215909 1.000000
vt 0.213068 1.000000
vt 0.210227 1.000000
vt 0.207386 1.000000
vt 0.204545 1.000000
vt 0.201705 1.000000
vt 0.198864 1.000000
vt 0.196023 1.000000
vt 0.193182 1.000000
vt 0.221591 0.500000
vt 0.221591 0.545455
vt 0.221591 0.590909
vt 0.221591 0.636364
vt 0.221591 0.681818
vt 0.221591 0.727273
vt 0.221591 0.772727
vt 0.221591 0.818182
vt 0.221591 0.863636
vt 0.221591 0.909091
vt 0.250000 0.500000
vt 0.250000 0.545455
vt 0.247159 0.545455
vt 0.247159 0.500000
vt 0.244318 0.545455
vt 0.244318 0.500000
vt 0.241477 0.545455
vt 0.241477 0.500000
vt 0.238636 0.545455
vt 0.238636 0.500000
vt 0.235795 0.545455
vt 0.235795 0.500000
vt 0.232955 0.545455
vt 0.232955 0.500000
vt 0.230114 0.545455
vt 0.230114 0.500000
vt 0.227273 0.545455
vt 0.227273 0.500000
vt 0.224432 0.545455
vt 0.224432 0.500000
vt 0.250000 0.590909
vt 0.247159 0.590909
vt 0.244318 0.590909
vt 0.241477 0.590909
vt 0.238636 0.590909
vt 0.235795 0.590909
vt 0.232955 0.590909
vt 0.230114 0.590909
vt 0.227273 0.590909
vt 0.224432 0.590909
vt 0.250000 0.636364
vt 0.247159 0.636364
vt 0.244318 0.636364
vt 0.241477 0.636364
vt 0.238636 0.636364
vt 0.235795 0.636364
vt 0.232955 0.636364
vt 0.230114 0.636364
vt 0.227273 0.636364
vt 0.224432 0.636364
vt 0.250000 0.681818
vt 0.247159 0.681818
vt 0.244318 0.681818
vt 0.241477 0.681818
vt 0.238636 0.681818
vt 0.235795 0.681818
vt 0.232955 0.681818
vt 0.230114 0.681818
vt 0.227273 0.681818
vt 0.224432 0.681818
vt 0.250000 0.727273
vt 0.247159 0.727273
vt 0.244318 0.727273
vt 0.241477 0.727273
vt 0.238636 0.727273
vt 0.235795 0.727273
vt 0.232955 0.727273
vt 0.230114 0.727273
vt 0.227273 0.727273
vt 0.224432 0.727273
vt 0.250000 0.772727
vt 0.247159 0.772727
vt 0.244318 0.772727
vt 0.241477 0.772727
vt 0.238636 0.772727
vt 0.235795 0.772727
vt 0.232955 0.772727
vt 0.230114 0.772727
vt 0.227273 0.772727
vt 0.224432 0.772727
vt 0.250000 0.818182
vt 0.247159 0.818182
vt 0.244318 0.818182
vt 0.241477 0.818182
vt 0.238636 0.818182
vt 0.235795 0.818182
vt 0.232955 0.818182
vt 0.230114 0.818182
vt 0.227273 0.818182
vt 0.224432 0.818182
vt 0.250000 0.863636
vt 0.247159 0.863636
vt 0.244318 0.863636
vt 0.241477 0.863636
vt 0.238636 0.863636
vt 0.235795 0.863636
vt 0.232955 0.863636
vt 0.230114 0.863636
vt 0.227273 0.863636
vt 0.224432 0.863636
vt 0.250000 0.909091
vt 0.247159 0.909091
vt 0.244318 0.909091
vt 0.241477 0.909091
vt 0.238636 0.909091
vt 0.235795 0.909091
vt 0.232955 0.909091
vt 0.230114 0.909091
vt 0.227273 0.909091
vt 0.224432 0.909091
vt 0.247159 0.954545
vt 0.244318 0.954545
vt 0.241477 0.954545
vt 0.238636 0.954545
vt 0.235795 0.954545
vt 0.232955 0.954545
vt 0.230114 0.954545
vt 0.227273 0.954545
vt 0.224432 0.954545
vt 0.247159 1.000000
vt 0.244318 1.000000
vt 0.241477 1.000000
vt 0.238636 1.000000
vt 0.235795 1.000000
vt 0.232955 1.000000
vt 0.230114 1.000000
vt 0.227273 1.000000
vt 0.224432 1.000000
vt 0.252841 0.500000
vt 0.252841 0.545455
vt 0.252841 0.590909
vt 0.252841 0.636364
vt 0.252841 0.681818
vt 0.252841 0.727273
vt 0.252841 0.772727
vt 0.252841 0.818182
vt 0.252841 0.863636
vt 0.252841 0.909091
vt 0.281250 0.500000
vt 0.281250 0.545455
vt 0.278409 0.545455
vt 0.278409 0.500000
vt 0.275568 0.545455
vt 0.275568 0.500000
vt 0.272727 0.545455
vt 0.272727 0.500000
vt 0.269886 0.545455
vt 0.269886 0.500000
vt 0.267045 0.545455
vt 0.267045 0.500000
vt 0.264205 0.545455
vt 0.264205 0.500000
vt 0.261364 0.545455
vt 0.261364 0.500000
vt 0.258523 0.545455
vt 0.258523 0.500000
vt 0.255682 0.545455
vt 0.255682 0.500000
vt 0.281250 0.590909
vt 0.278409 0.590909
vt 0.275568 0.590909
vt 0.272727 0.590909
vt 0.269886 0.590909
vt 0.267045 0.590909
vt 0.264205 0.590909
vt 0.261364 0.590909
vt 0.258523 0.590909
vt 0.255682 0.590909
vt 0.281250 0.636364
vt 0.278409 0.636364
vt 0.275568 0.636364
vt 0.272727 0.636364
vt 0.269886 0.636364
vt 0.267045 0.636364
vt 0.264205 0.636364
vt 0.261364 0.636364
vt 0.258523 0.636364
vt 0.255682 0.636364
vt 0.281250 0.681818
vt 0.278409 0.681818
vt 0.275568 0.681818
vt 0.272727 0.681818
vt 0.269886 0.681818
vt 0.267045 0.681818
vt 0.264205 0.681818
vt 0.261364 0.681818
vt 0.258523 0.681818
vt 0.255682 0.681818
vt 0.281250 0.727273
vt 0.278409 0.727273
vt 0.275568 0.727273
vt 0.272727 0.727273
vt 0.269886 0.727273
vt 0.267045 0.727273
vt 0.264205 0.727273
vt 0.261364 0.727273
vt 0.258523 0.727273
vt 0.255682 0.727273
vt 0.281250 0.772727
vt 0.278409 0.772727
vt 0.275568 0.772727
vt 0.272727 0.772727
vt 0.269886 0.772727
vt 0.267045 0.772727
vt 0.264205 0.772727
vt 0.261364 0.772727
vt 0.258523 0.772727
vt 0.255682 0.772727
vt 0.281250 0.818182
vt 0.278409 0.818182
vt 0.275568 0.818182
vt 0.272727 0.818182
vt 0.269886 0.818182
vt 0.267045 0.818182
vt 0.264205 0.818182
vt 0.261364 0.818182
vt 0.258523 0.818182
vt 0.255682 0.818182
vt 0.281250 0.863636
vt 0.278409 0.863636
vt 0.275568 0.863636
vt 0.272727 0.863636
vt 0.269886 0.863636
vt 0.267045 0.863636
vt 0.264205 0.863636
vt 0.261364 0.863636
vt 0.258523 0.863636
vt 0.255682 0.863636
vt 0.281250 0.909091
vt 0.278409 0.909091
vt 0.275568 0.909091
vt 0.272727 0.909091
vt 0.269886 0.909091
vt 0.267045 0.909091
vt 0.264205 0.909091
vt 0.261364 0.909091
vt 0.258523 0.909091
vt 0.255682 0.909091
vt 0.278409 0.954545
vt 0.275568 0.954545
vt 0.272727 0.954545
vt 0.269886 0.954545
vt 0.267045 0.954545
vt 0.264205 0.954545
vt 0.261364 0.954545
vt 0.258523 0.954545
vt 0.255682 0.954545
vt 0.278409 1.000000
vt 0.275568 1.000000
vt 0.272727 1.000000
vt 0.269886 1.000000
vt 0.267045 1.000000
vt 0.264205 1.000000
vt 0.261364 1.000000
vt 0.258523 1.000000
vt 0.255682 1.000000
vt 0.284091 0.500000
vt 0.284091 0.545455
vt 0.284091 0.590909
vt 0.284091 0.636364
vt 0.284091 0.681818
vt 0.284091 0.727273
vt 0.284091 0.772727
vt 0.284091 0.818182
vt 0.284091 0.863636
vt 0.284091 0.909091
vt 0.312500 0.500000
vt 0.312500 0.545455
vt 0.309659 0.545455
vt 0.309659 0.500000
vt 0.306818 0.545455
vt 0.306818 0.500000
vt 0.303977 0.545455
vt 0.303977 0.500000
vt 0.301136 0.545455
vt 0.301136 0.500000
vt 0.298295 0.545455
vt 0.298295 0.500000
vt 0.295455 0.545455
vt 0.295455 0.500000
vt 0.292614 0.545455
vt 0.292614 0.500000
vt 0.289773 0.545455
vt 0.289773 0.500000
vt 0.286932 0.545455
vt 0.286932 0.500000
vt 0.312500 0.590909
vt 0.309659 0.590909
vt 0.306818 0.590909
vt 0.303977 0.590909
vt 0.301136 0.590909
vt 0.298295 0.590909
vt 0.295455 0.590909
vt 0.292614 0.590909
vt 0.289773 0.590909
vt 0.286932 0.590909
vt 0.312500 0.636364
vt 0.309659 0.636364
vt 0.306818 0.636364
vt 0.303977 0.636364
vt 0.301136 0.636364
vt 0.298295 0.636364
vt 0.295455 0.636364
vt 0.292614 0.636364
vt 0.289773 0.636364
vt 0.286932 0.636364
vt 0.312500 0.681818
vt 0.309659 0.681818
vt 0.306818 0.681818
vt 0.303977 0.681818
vt 0.301136 0.681818
vt 0.298295 0.681818
vt 0.295455 0.681818
vt 0.292614 0.681818
vt 0.289773 0.681818
vt 0.286932 0.681818
vt 0.312500 0.727273
vt 0.309659 0.727273
vt 0.306818 0.727273
vt 0.303977 0.727273
vt 0.301136 0.727273
vt 0.298295 0.727273
vt 0.295455 0.727273
vt 0.292614 0.727273
vt 0.289773 0.727273
vt 0.286932 0.727273
vt 0.312500 0.772727
vt 0.309659 0.772727
vt 0.306818 0.772727
vt 0.303977 0.772727
vt 0.301136 0.772727
vt 0.298295 0.772727
vt 0.295455 0.772727
vt 0.292614 0.772727
vt 0.289773 0.772727
vt 0.286932 0.772727
vt 0.312500 0.818182
vt 0.309659 0.818182
vt 0.306818 0.818182
vt 0.303977 0.818182
vt 0.301136 0.818182
vt 0.298295 0.818182
vt 0.295455 0.818182
vt 0.292614 0.818182
vt 0.289773 0.818182
vt 0.286932 0.818182
vt 0.312500 0.863636
vt 0.309659 0.863636
vt 0.306818 0.863636
vt 0.303977 0.863636
vt 0.301136 0.863636
vt 0.298295 0.863636
vt 0.295455 0.863636
vt 0.292614 0.863636
vt 0.289773 0.863636
vt 0.286932 0.863636
vt 0.312500 0.909091
vt 0.309659 0.909091
vt 0.306818 0.909091
vt 0.303977 0.909091
vt 0.301136 0.909091
vt 0.298295 0.909091
vt 0.295455 0.909091
vt 0.292614 0.909091
vt 0.289773 0.909091
vt 0.286932 0.909091
vt 0.309659 0.954545
vt 0.306818 0.954545
vt 0.303977 0.954545
vt 0.301136 0.954545
vt 0.298295 0.954545
vt 0.295455 0.954545
vt 0.292614 0.954545
vt 0.289773 0.954545
vt 0.286932 0.954545
vt 0.309659 1.000000
vt 0.306818 1.000000
vt 0.303977 1.000000
vt 0.301136 1.000000
vt 0.298295 1.000000
vt 0.295455 1.000000
vt 0.292614 1.000000
vt 0.289773 1.000000
vt 0.286932 1.000000
vt 0.315341 0.500000
vt 0.315341 0.545455
vt 0.315341 0.590909
vt 0.315341 0.636364
vt 0.315341 0.681818
vt 0.315341 0.727273
vt 0.315341 0.772727
vt 0.315341 0.818182
vt 0.315341 0.863636
vt 0.315341 0.909091
vt 0.343750 0.500000
vt 0.343750 0.545455
vt 0.340909 0.545455
vt 0.340909 0.500000
vt 0.338068 0.545455
vt 0.338068 0.500000
vt 0.335227 0.545455
vt 0.335227 0.500000
vt 0.332386 0.545455
vt 0.332386 0.500000
vt 0.329545 0.545455
vt 0.329545 0.500000
vt 0.326705 0.545455
vt 0.326705 0.500000
vt 0.323864 0.545455
vt 0.323864 0.500000
vt 0.321023 0.545455
vt 0.321023 0.500000
vt 0.318182 0.545455
vt 0.318182 0.500000
vt 0.343750 0.590909
vt 0.340909 0.590909
vt 0.338068 0.590909
vt 0.335227 0.590909
vt 0.332386 0.590909
vt 0.329545 0.590909
vt 0.326705 0.590909
vt 0.323864 0.590909
vt 0.321023 0.590909
vt 0.318182 0.590909
vt 0.343750 0.636364
vt 0.340909 0.636364
vt 0.338068 0.636364
vt 0.335227 0.636364
vt 0.332386 0.636364
vt 0.329545 0.636364
vt 0.326705 0.636364
vt 0.323864 0.636364
vt 0.321023 0.636364
vt 0.318182 0.636364
vt 0.343750 0.681818
vt 0.340909 0.681818
vt 0.338068 0.681818
vt 0.335227 0.681818
vt 0.332386 0.681818
vt 0.329545 0.681818
vt 0.326705 0.681818
vt 0.323864 0.681818
vt 0.321023 0.681818
vt 0.318182 0.681818
vt 0.343750 0.727273
vt 0.340909 0.727273
vt 0.338068 0.727273
vt 0.335227 0.727273
vt 0.332386 0.727273
vt 0.329545 0.727273
vt 0.326705 0.727273
vt 0.323864 0.727273
vt 0.321023 0.727273
vt 0.318182 0.727273
vt 0.343750 0.772727
vt 0.340909 0.772727
vt 0.338068 0.772727
vt 0.335227 0.772727
vt 0.332386 0.772727
vt 0.329545 0.772727
vt 0.326705 0.772727
vt 0.323864 0.772727
vt 0.321023 0.772727
vt 0.318182 0.772727
vt 0.343750 0.818182
vt 0.340909 0.818182
vt 0.338068 0.818182
vt 0.335227 0.818182
vt 0.332386 0.818182
vt 0.329545 0.818182
vt 0.326705 0.818182
vt 0.323864 0.818182
vt 0.321023 0.818182
vt 0.318182 0.818182
vt 0.343750 0.863636
vt 0.340909 0.863636
vt 0.338068 0.863636
vt 0.335227 0.863636
vt 0.332386 0.863636
vt 0.329545 0.863636
vt 0.326705 0.863636
vt 0.323864 0.863636
vt 0.321023 0.863636
vt 0.318182 0.863636
vt 0.343750 0.909091
vt 0.340909 0.909091
vt 0.338068 0.909091
vt 0.335227 0.909091
vt 0.332386 0.909091
vt 0.329545 0.909091
vt 0.326705 0.909091
vt 0.323864 0.909091
vt 0.321023 0.909091
vt 0.318182 0.909091
vt 0.340909 0.954545
vt 0.338068 0.954545
vt 0.335227 0.954545
vt 0.332386 0.954545
vt 0.329545 0.954545
vt 0.326705 0.954545
vt 0.323864 0.954545
vt 0.321023 0.954545
vt 0.318182 0.954545
vt 0.340909 1.000000
vt 0.338068 1.000000
vt 0.335227 1.000000
vt 0.332386 1.000000
vt 0.329545 1.000000
vt 0.326705 1.000000
vt 0.323864 1.000000
vt 0.321023 1.000000
vt 0.318182 1.000000
vt 0.346591 0.500000
vt 0.346591 0.545455
vt 0.346591 0.590909
vt 0.346591 0.636364
vt 0.346591 0.681818
vt 0.346591 0.727273
vt 0.346591 0.772727
vt 0.346591 0.818182
vt 0.346591 0.863636
vt 0.346591 0.909091
vt 0.375000 0.500000
vt 0.375000 0.545455
vt 0.372159 0.545455
vt 0.372159 0.500000
vt 0.369318 0.545455
vt 0.369318 0.500000
vt 0.366477 0.545455
vt 0.366477 0.500000
vt 0.363636 0.545455
vt 0.363636 0.500000
vt 0.360795 0.545455
vt 0.360795 0.500000
vt 0.357955 0.545455
vt 0.357955 0.500000
vt 0.355114 0.545455
vt 0.355114 0.500000
vt 0.352273 0.545455
vt 0.352273 0.500000
vt 0.349432 0.545455
vt 0.349432 0.500000
vt 0.375000 0.590909
vt 0.372159 0.590909
vt 0.369318 0.590909
vt 0.366477 0.590909
vt 0.363636 0.590909
vt 0.360795 0.590909
vt 0.357955 0.590909
vt 0.355114 0.590909
vt 0.352273 0.590909
vt 0.349432 0.590909
vt 0.375000 0.636364
vt 0.372159 0.636364
vt 0.369318 0.636364
vt 0.366477 0.636364
vt 0.363636 0.636364
vt 0.360795 0.636364
vt 0.357955 0.636364
vt 0.355114 0.636364
vt 0.352273 0.636364
vt 0.349432 0.636364
vt 0.375000 0.681818
vt 0.372159 0.681818
vt 0.369318 0.681818
vt 0.366477 0.681818
vt 0.363636 0.681818
vt 0.360795 0.681818
vt 0.357955 0.681818
vt 0.355114 0.681818
vt 0.352273 0.681818
vt 0.349432 0.681818
vt 0.375000 0.727273
vt 0.372159 0.727273
vt 0.369318 0.727273
vt 0.366477 0.727273
vt 0.363636 0.727273
vt 0.360795 0.727273
vt 0.357955 0.727273
vt 0.355114 0.727273
vt 0.352273 0.727273
vt 0.349432 0.727273
vt 0.375000 0.772727
vt 0.372159 0.772727
vt 0.369318 0.772727
vt 0.366477 0.772727
vt 0.363636 0.772727
vt 0.360795 0.772727
vt 0.357955 0.772727
vt 0.355114 0.772727
vt 0.352273 0.772727
vt 0.349432 0.772727
vt 0.375000 0.818182
vt 0.372159 0.818182
vt 0.369318 0.818182
vt 0.366477 0.818182
vt 0.363636 0.818182
vt 0.360795 0.818182
vt 0.357955 0.818182
vt 0.355114 0.818182
vt 0.352273 0.818182
vt 0.349432 0.818182
vt 0.375000 0.863636
vt 0.372159 0.863636
vt 0.369318 0.863636
vt 0.366477 0.863636
vt 0.363636 0.863636
vt 0.360795 0.863636
vt 0.357955 0.863636
vt 0.355114 0.863636
vt 0.352273 0.863636
vt 0.349432 0.863636
vt 0.375000 0.909091
vt 0.372159 0.909091
vt 0.369318 0.909091
vt 0.366477 0.909091
vt 0.363636 0.909091
vt 0.360795 0.909091
vt 0.357955 0.909091
vt 0.355114 0.909091
vt 0.352273 0.909091
vt 0.349432 0.909091
vt 0.372159 0.954545
vt 0.369318 0.954545
vt 0.366477 0.954545
vt 0.363636 0.954545
vt 0.360795 0.954545
vt 0.357955 0.954545
vt 0.355114 0.954545
vt 0.352273 0.954545
vt 0.349432 0.954545
vt 0.372159 1.000000
vt 0.369318 1.000000
vt 0.366477 1.000000
vt 0.363636 1.000000
vt 0.360795 1.000000
vt 0.357955 1.000000
vt 0.355114 1.000000
vt 0.352273 1.000000
vt 0.349432 1.000000
vt 0.377841 0.500000
vt 0.377841 0.545455
vt 0.377841 0.590909
vt 0.377841 0.636364
vt 0.377841 0.681818
vt 0.377841 0.727273
vt 0.377841 0.772727
vt 0.377841 0.818182
vt 0.377841 0.863636
vt 0.377841 0.909091
vt 0.406250 0.500000
vt 0.406250 0.545455
vt 0.403409 0.545455
vt 0.403409 0.500000
vt 0.400568 0.545455
vt 0.400568 0.500000
vt 0.397727 0.545455
vt 0.397727 0.500000
vt 0.394886 0.545455
vt 0.394886 0.500000
vt 0.392045 0.545455
vt 0.392045 0.500000
vt 0.389205 0.545455
vt 0.389205 0.500000
vt 0.386364 0.545455
vt 0.386364 0.500000
vt 0.383523 0.545455
vt 0.383523 0.500000
vt 0.380682 0.545455
vt 0.380682 0.500000
vt 0.406250 0.590909
vt 0.403409 0.590909
vt 0.400568 0.590909
vt 0.397727 0.590909
vt 0.394886 0.590909
vt 0.392045 0.590909
vt 0.389205 0.590909
vt 0.386364 0.590909
vt 0.383523 0.590909
vt 0.380682 0.590909
vt 0.406250 0.636364
vt 0.403409 0.636364
vt 0.400568 0.636364
vt 0.397727 0.636364
vt 0.394886 0.636364
vt 0.392045 0.636364
vt 0.389205 0.636364
vt 0.386364 0.636364
vt 0.383523 0.636364
vt 0.380682 0.636364
vt 0.406250 0.681818
vt 0.403409 0.681818
vt 0.400568 0.681818
vt 0.397727 0.681818
vt 0.394886 0.681818
vt 0.392045 0.681818
vt 0.389205 0.681818
vt 0.386364 0.681818
vt 0.383523 0.681818
vt 0.380682 0.681818
vt 0.406250 0.727273
vt 0.403409 0.727273
vt 0.400568 0.727273
vt 0.397727 0.727273
vt 0.394886 0.727273
vt 0.392045 0.727273
vt 0.389205 0.727273
vt 0.386364 0.727273
vt 0.383523 0.727273
vt 0.380682 0.727273
vt 0.406250 0.772727
vt 0.403409 0.772727
vt 0.400568 0.772727
vt 0.397727 0.772727
vt 0.394886 0.772727
vt 0.392045 0.772727
vt 0.389205 0.772727
vt 0.386364 0.772727
vt 0.383523 0.772727
vt 0.380682 0.772727
vt 0.406250 0.818182
vt 0.403409 0.818182
vt 0.400568 0.818182
vt 0.397727 0.818182
vt 0.394886 0.818182
vt 0.392045 0.818182
vt 0.389205 0.818182
vt 0.386364 0.818182
vt 0.383523 0.818182
vt 0.380682 0.818182
vt 0.406250 0.863636
vt 0.403409 0.863636
vt 0.400568 0.863636
vt 0.397727 0.863636
vt 0.394886 0.863636
vt 0.392045 0.863636
vt 0.389205 0.863636
vt 0.386364 0.863636
vt 0.383523 0.863636
vt 0.380682 0.863636
vt 0.406250 0.909091
vt 0.403409 0.909091
vt 0.400568 0.909091
vt 0.397727 0.909091
vt 0.394886 0.909091
vt 0.392045 0.909091
vt 0.389205 0.909091
vt 0.386364 0.909091
vt 0.383523 0.909091
vt 0.380682 0.909091
vt 0.403409 0.954545
vt 0.400568 0.954545
vt 0.397727 0.954545
vt 0.394886 0.954545
vt 0.392045 0.954545
vt 0.389205 0.954545
vt 0.386364 0.954545
vt 0.383523 0.954545
vt 0.380682 0.954545
vt 0.403409 1.000000
vt 0.400568 1.000000
vt 0.397727 1.000000
vt 0.394886 1.000000
vt 0.392045 1.000000
vt 0.389205 1.000000
vt 0.386364 1.000000
vt 0.383523 1.000000
vt 0.380682 1.000000
vt 0.409091 0.500000
vt 0.409091 0.545455
vt 0.409091 0.590909
vt 0.409091 0.636364
vt 0.409091 0.681818
vt 0.409091 0.727273
vt 0.409091 0.772727
vt 0.409091 0.818182
vt 0.409091 0.863636
vt 0.409091 0.909091
vt 0.437500 0.500000
vt 0.437500 0.545455
vt 0.434659 0.545455
vt 0.434659 0.500000
vt 0.431818 0.545455
vt 0.431818 0.500000
vt 0.428977 0.545455
vt 0.428977 0.500000
vt 0.426136 0.545455
vt 0.426136 0.500000
vt 0.423295 0.545455
vt 0.423295 0.500000
vt 0.420455 0.545455
vt 0.420455 0.500000
vt 0.417614 0.545455
vt 0.417614 0.500000
vt 0.414773 0.545455
vt 0.414773 0.500000
vt 0.411932 0.545455
vt 0.411932 0.500000
vt 0.437500 0.590909
vt 0.434659 0.590909
vt 0.431818 0.590909
vt 0.428977 0.590909
vt 0.426136 0.590909
vt 0.423295 0.590909
vt 0.420455 0.590909
vt 0.417614 0.590909
vt 0.414773 0.590909
vt 0.411932 0.590909
vt 0.437500 0.636364
vt 0.434659 0.636364
vt 0.431818 0.636364
vt 0.428977 0.636364
vt 0.426136 0.636364
vt 0.423295 0.636364
vt 0.420455 0.636364
vt 0.417614 0.636364
vt 0.414773 0.636364
vt 0.411932 0.636364
vt 0.437500 0.681818
vt 0.434659 0.681818
vt 0.431818 0.681818
vt 0.428977 0.681818
vt 0.426136 0.681818
vt 0.423295 0.681818
vt 0.420455 0.681818
vt 0.417614 0.681818
vt 0.414773 0.681818
vt 0.411932 0.681818
vt 0.437500 0.727273
vt 0.434659 0.727273
vt 0.431818 0.727273
vt 0.428977 0.727273
vt 0.426136 0.727273
vt 0.423295 0.727273
vt 0.420455 0.727273
vt 0.417614 0.727273
vt 0.414773 0.727273
vt 0.411932 0.727273
vt 0.437500 0.772727
vt 0.434659 0.772727
vt 0.431818 0.772727
vt 0.428977 0.772727
vt 0.426136 0.772727
vt 0.423295 0.772727
vt 0.420455 0.772727
vt 0.417614 0.772727
vt 0.414773 0.772727
vt 0.411932 0.772727
vt 0.437500 0.818182
vt 0.434659 0.818182
vt 0.431818 0.818182
vt 0.428977 0.818182
vt 0.426136 0.818182
vt 0.423295 0.818182
vt 0.420455 0.818182
vt 0.417614 0.818182
vt 0.414773 0.818182
vt 0.411932 0.818182
vt 0.437500 0.863636
vt 0.434659 0.863636
vt 0.431818 0.863636
vt 0.428977 0.863636
vt 0.426136 0.863636
vt 0.423295 0.863636
vt 0.420455 0.863636
vt 0.417614 0.863636
vt 0.414773 0.863636
vt 0.411932 0.863636
vt 0.437500 0.909091
vt 0.434659 0.909091
vt 0.431818 0.909091
vt 0.428977 0.909091
vt 0.426136 0.909091
vt 0.423295 0.909091
vt 0.420455 0.909091
vt 0.417614 0.909091
vt 0.414773 0.909091
vt 0.411932 0.909091
vt 0.434659 0.954545
vt 0.431818 0.954545
vt 0.428977 0.954545
vt 0.426136 0.954545
vt 0.423295 0.954545
vt 0.420455 0.954545
vt 0.417614 0.954545
vt 0.414773 0.954545
vt 0.411932 0.954545
vt 0.434659 1.000000
vt 0.431818 1.000000
vt 0.428977 1.000000
vt 0.426136 1.000000
vt 0.423295 1.000000
vt 0.420455 1.000000
vt 0.417614 1.000000
vt 0.414773 1.000000
vt 0.411932 1.000000
vt 0.440341 0.500000
vt 0.440341 0.545455
vt 0.440341 0.590909
vt 0.440341 0.636364
vt 0.440341 0.681818
vt 0.440341 0.727273
vt 0.440341 0.772727
vt 0.440341 0.818182
vt 0.440341 0.863636
vt 0.440341 0.909091
vt 0.468750 0.500000
vt 0.468750 0.545455
vt 0.465909 0.545455
vt 0.465909 0.500000
vt 0.463068 0.545455
vt 0.463068 0.500000
vt 0.460227 0.545455
vt 0.460227 0.500000
vt 0.457386 0.545455
vt 0.457386 0.500000
vt 0.454545 0.545455
vt 0.454545 0.500000
vt 0.451704 0.545455
vt 0.451705 0.500000
vt 0.448864 0.545455
vt 0.448864 0.500000
vt 0.446023 0.545455
vt 0.446023 0.500000
vt 0.443182 0.545455
vt 0.443182 0.500000
vt 0.468750 0.590909
vt 0.465909 0.590909
vt 0.463068 0.590909
vt 0.460227 0.590909
vt 0.457386 0.590909
vt 0.454545 0.590909
vt 0.451704 0.590909
vt 0.448864 0.590909
vt 0.446023 0.590909
vt 0.443182 0.590909
vt 0.468750 0.636364
vt 0.465909 0.636364
vt 0.463068 0.636364
vt 0.460227 0.636364
vt 0.457386 0.636364
vt 0.454545 0.636364
vt 0.451705 0.636364
vt 0.448864 0.636364
vt 0.446023 0.636364
vt 0.443182 0.636364
vt 0.468750 0.681818
vt 0.465909 0.681818
vt 0.463068 0.681818
vt 0.460227 0.681818
vt 0.457386 0.681818
vt 0.454545 0.681818
vt 0.451705 0.681818
vt 0.448864 0.681818
vt 0.446023 0.681818
vt 0.443182 0.681818
vt 0.468750 0.727273
vt 0.465909 0.727273
vt 0.463068 0.727273
vt 0.460227 0.727273
vt 0.457386 0.727273
vt 0.454545 0.727273
vt 0.451705 0.727273
vt 0.448864 0.727273
vt 0.446023 0.727273
vt 0.443182 0.727273
vt 0.468750 0.772727
vt 0.465909 0.772727
vt 0.463068 0.772727
vt 0.460227 0.772727
vt 0.457386 0.772727
vt 0.454545 0.772727
vt 0.451705 0.772727
vt 0.448864 0.772727
vt 0.446023 0.772727
vt 0.443182 0.772727
vt 0.468750 0.818182
vt 0.465909 0.818182
vt 0.463068 0.818182
vt 0.460227 0.818182
vt 0.457386 0.818182
vt 0.454545 0.818182
vt 0.451705 0.818182
vt 0.448864 0.818182
vt 0.446023 0.818182
vt 0.443182 0.818182
vt 0.468750 0.863636
vt 0.465909 0.863636
vt 0.463068 0.863636
vt 0.460227 0.863636
vt 0.457386 0.863636
vt 0.454545 0.863636
vt 0.451705 0.863636
vt 0.448864 0.863636
vt 0.446023 0.863636
vt 0.443182 0.863636
vt 0.468750 0.909091
vt 0.465909 0.909091
vt 0.463068 0.909091
vt 0.460227 0.909091
vt 0.457386 0.909091
vt 0.454545 0.909091
vt 0.451705 0.909091
vt 0.448864 0.909091
vt 0.446023 0.909091
vt 0.443182 0.909091
vt 0.465909 0.954545
vt 0.463068 0.954545
vt 0.460227 0.954545
vt 0.457386 0.954545
vt 0.454545 0.954545
vt 0.451705 0.954545
vt 0.448864 0.954545
vt 0.446023 0.954545
vt 0.443182 0.954545
vt 0.465909 1.000000
vt 0.463068 1.000000
vt 0.460227 1.000000
vt 0.457386 1.000000
vt 0.454545 1.000000
vt 0.451705 1.000000
vt 0.448864 1.000000
vt 0.446023 1.000000
vt 0.443182 1.000000
vt 0.471591 0.500000
vt 0.471591 0.545455
vt 0.471591 0.590909
vt 0.471591 0.636364
vt 0.471591 0.681818
vt 0.471591 0.727273
vt 0.471591 0.772727
vt 0.471591 0.818182
vt 0.471591 0.863636
vt 0.471591 0.909091
vt 0.500000 0.500000
vt 0.500000 0.545455
vt 0.497159 0.545455
vt 0.497159 0.500000
vt 0.494318 0.545455
vt 0.494318 0.500000
vt 0.491477 0.545455
vt 0.491477 0.500000
vt 0.488636 0.545455
vt 0.488636 0.500000
vt 0.485795 0.545455
vt 0.485795 0.500000
vt 0.482955 0.545455
vt 0.482955 0.500000
vt 0.480114 0.545455
vt 0.480114 0.500000
vt 0.477273 0.545455
vt 0.477273 0.500000
vt 0.474432 0.545455
vt 0.474432 0.500000
vt 0.500000 0.590909
vt 0.497159 0.590909
vt 0.494318 0.590909
vt 0.491477 0.590909
vt 0.488636 0.590909
vt 0.485795 0.590909
vt 0.482955 0.590909
vt 0.480114 0.590909
vt 0.477273 0.590909
vt 0.474432 0.590909
vt 0.500000 0.636364
vt 0.497159 0.636364
vt 0.494318 0.636364
vt 0.491477 0.636364
vt 0.488636 0.636364
vt 0.485795 0.636364
vt 0.482955 0.636364
vt 0.480114 0.636364
vt 0.477273 0.636364
vt 0.474432 0.636364
vt 0.500000 0.681818
vt 0.497159 0.681818
vt 0.494318 0.681818
vt 0.491477 0.681818
vt 0.488636 0.681818
vt 0.485795 0.681818
vt 0.482955 0.681818
vt 0.480114 0.681818
vt 0.477273 0.681818
vt 0.474432 0.681818
vt 0.500000 0.727273
vt 0.497159 0.727273
vt 0.494318 0.727273
vt 0.491477 0.727273
vt 0.488636 0.727273
vt 0.485795 0.727273
vt 0.482955 0.727273
vt 0.480114 0.727273
vt 0.477273 0.727273
vt 0.474432 0.727273
vt 0.500000 0.772727
vt 0.497159 0.772727
vt 0.494318 0.772727
vt 0.491477 0.772727
vt 0.488636 0.772727
vt 0.485795 0.772727
vt 0.482955 0.772727
vt 0.480114 0.772727
vt 0.477273 0.772727
vt 0.474432 0.772727
vt 0.500000 0.818182
vt 0.497159 0.818182
vt 0.494318 0.818182
vt 0.491477 0.818182
vt 0.488636 0.818182
vt 0.485795 0.818182
vt 0.482955 0.818182
vt 0.480114 0.818182
vt 0.477273 0.818182
vt 0.474432 0.818182
vt 0.500000 0.863636
vt 0.497159 0.863636
vt 0.494318 0.863636
vt 0.491477 0.863636
vt 0.488636 0.863636
vt 0.485795 0.863636
vt 0.482955 0.863636
vt 0.480114 0.863636
vt 0.477273 0.863636
vt 0.474432 0.863636
vt 0.500000 0.909091
vt 0.497159 0.909091
vt 0.494318 0.909091
vt 0.491477 0.909091
vt 0.488636 0.909091
vt 0.485795 0.909091
vt 0.482955 0.909091
vt 0.480114 0.909091
vt 0.477273 0.909091
vt 0.474432 0.909091
vt 0.497159 0.954545
vt 0.494318 0.954545
vt 0.491477 0.954545
vt 0.488636 0.954545
vt 0.485795 0.954545
vt 0.482955 0.954545
vt 0.480114 0.954545
vt 0.477273 0.954545
vt 0.474432 0.954545
vt 0.497159 1.000000
vt 0.494318 1.000000
vt 0.491477 1.000000
vt 0.488636 1.000000
vt 0.485795 1.000000
vt 0.482955 1.000000
vt 0.480114 1.000000
vt 0.477273 1.000000
vt 0.474432 1.000000
vt 0.502841 0.500000
vt 0.502841 0.545455
vt 0.502841 0.590909
vt 0.502841 0.636364
vt 0.502841 0.681818
vt 0.502841 0.727273
vt 0.502841 0.772727
vt 0.502841 0.818182
vt 0.502841 0.863636
vt 0.502841 0.909091
vt 0.531250 0.500000
vt 0.531250 0.545455
vt 0.528409 0.545455
vt 0.528409 0.500000
vt 0.525568 0.545455
vt 0.525568 0.500000
vt 0.522727 0.545455
vt 0.522727 0.500000
vt 0.519886 0.545455
vt 0.519886 0.500000
vt 0.517045 0.545455
vt 0.517045 0.500000
vt 0.514205 0.545455
vt 0.514205 0.500000
vt 0.511364 0.545455
vt 0.511364 0.500000
vt 0.508523 0.545455
vt 0.508523 0.500000
vt 0.505682 0.545455
vt 0.505682 0.500000
vt 0.531250 0.590909
vt 0.528409 0.590909
vt 0.525568 0.590909
vt 0.522727 0.590909
vt 0.519886 0.590909
vt 0.517045 0.590909
vt 0.514205 0.590909
vt 0.511364 0.590909
vt 0.508523 0.590909
vt 0.505682 0.590909
vt 0.531250 0.636364
vt 0.528409 0.636364
vt 0.525568 0.636364
vt 0.522727 0.636364
vt 0.519886 0.636364
vt 0.517045 0.636364
vt 0.514205 0.636364
vt 0.511364 0.636364
vt 0.508523 0.636364
vt 0.505682 0.636364
vt 0.531250 0.681818
vt 0.528409 0.681818
vt 0.525568 0.681818
vt 0.522727 0.681818
vt 0.519886 0.681818
vt 0.517045 0.681818
vt 0.514205 0.681818
vt 0.511364 0.681818
vt 0.508523 0.681818
vt 0.505682 0.681818
vt 0.531250 0.727273
vt 0.528409 0.727273
vt 0.525568 0.727273
vt 0.522727 0.727273
vt 0.519886 0.727273
vt 0.517045 0.727273
vt 0.514205 0.727273
vt 0.511364 0.727273
vt 0.508523 0.727273
vt 0.505682 0.727273
vt 0.531250 0.772727
vt 0.528409 0.772727
vt 0.525568 0.772727
vt 0.522727 0.772727
vt 0.519886 0.772727
vt 0.517045 0.772727
vt 0.514205 0.772727
vt 0.511364 0.772727
vt 0.508523 0.772727
vt 0.505682 0.772727
vt 0.531250 0.818182
vt 0.528409 0.818182
vt 0.525568 0.818182
vt 0.522727 0.818182
vt 0.519886 0.818182
vt 0.517045 0.818182
vt 0.514205 0.818182
vt 0.511364 0.818182
vt 0.508523 0.818182
vt 0.505682 0.818182
vt 0.531250 0.863636
vt 0.528409 0.863636
vt 0.525568 0.863636
vt 0.522727 0.863636
vt 0.519886 0.863636
vt 0.517045 0.863636
vt 0.514205 0.863636
vt 0.511364 0.863636
vt 0.508523 0.863636
vt 0.505682 0.863636
vt 0.531250 0.909091
vt 0.528409 0.909091
vt 0.525568 0.909091
vt 0.522727 0.909091
vt 0.519886 0.909091
vt 0.517045 0.909091
vt 0.514205 0.909091
vt 0.511364 0.909091
vt 0.508523 0.909091
vt 0.505682 0.909091
vt 0.528409 0.954545
vt 0.525568 0.954545
vt 0.522727 0.954545
vt 0.519886 0.954545
vt 0.517045 0.954545
vt 0.514205 0.954545
vt 0.511364 0.954545
vt 0.508523 0.954545
vt 0.505682 0.954545
vt 0.528409 1.000000
vt 0.525568 1.000000
vt 0.522727 1.000000
vt 0.519886 1.000000
vt 0.517045 1.000000
vt 0.514205 1.000000
vt 0.511364 1.000000
vt 0.508523 1.000000
vt 0.505682 1.000000
vt 0.534091 0.500000
vt 0.534091 0.545455
vt 0.534091 0.590909
vt 0.534091 0.636364
vt 0.534091 0.681818
vt 0.534091 0.727273
vt 0.534091 0.772727
vt 0.534091 0.818182
vt 0.534091 0.863636
vt 0.534091 0.909091
vt 0.562500 0.500000
vt 0.562500 0.545455
vt 0.559659 0.545455
vt 0.559659 0.500000
vt 0.556818 0.545455
vt 0.556818 0.500000
vt 0.553977 0.545455
vt 0.553977 0.500000
vt 0.551136 0.545455
vt 0.551136 0.500000
vt 0.548295 0.545455
vt 0.548295 0.500000
vt 0.545455 0.545455
vt 0.545455 0.500000
vt 0.542614 0.545455
vt 0.542614 0.500000
vt 0.539773 0.545455
vt 0.539773 0.500000
vt 0.536932 0.545455
vt 0.536932 0.500000
vt 0.562500 0.590909
vt 0.559659 0.590909
vt 0.556818 0.590909
vt 0.553977 0.590909
vt 0.551136 0.590909
vt 0.548295 0.590909
vt 0.545455 0.590909
vt 0.542614 0.590909
vt 0.539773 0.590909
vt 0.536932 0.590909
vt 0.562500 0.636364
vt 0.559659 0.636364
vt 0.556818 0.636364
vt 0.553977 0.636364
vt 0.551136 0.636364
vt 0.548295 0.636364
vt 0.545455 0.636364
vt 0.542614 0.636364
vt 0.539773 0.636364
vt 0.536932 0.636364
vt 0.562500 0.681818
vt 0.559659 0.681818
vt 0.556818 0.681818
vt 0.553977 0.681818
vt 0.551136 0.681818
vt 0.548295 0.681818
vt 0.545455 0.681818
vt 0.542614 0.681818
vt 0.539773 0.681818
vt 0.536932 0.681818
vt 0.562500 0.727273
vt 0.559659 0.727273
vt 0.556818 0.727273
vt 0.553977 0.727273
vt 0.551136 0.727273
vt 0.548295 0.727273
vt 0.545455 0.727273
vt 0.542614 0.727273
vt 0.539773 0.727273
vt 0.536932 0.727273
vt 0.562500 0.772727
vt 0.559659 0.772727
vt 0.556818 0.772727
vt 0.553977 0.772727
vt 0.551136 0.772727
vt 0.548295 0.772727
vt 0.545455 0.772727
vt 0.542614 0.772727
vt 0.539773 0.772727
vt 0.536932 0.772727
vt 0.562500 0.818182
vt 0.559659 0.818182
vt 0.556818 0.818182
vt 0.553977 0.818182
vt 0.551136 0.818182
vt 0.548295 0.818182
vt 0.545455 0.818182
vt 0.542614 0.818182
vt 0.539773 0.818182
vt 0.536932 0.818182
vt 0.562500 0.863636
vt 0.559659 0.863636
vt 0.556818 0.863636
vt 0.553977 0.863636
vt 0.551136 0.863636
vt 0.548295 0.863636
vt 0.545455 0.863636
vt 0.542614 0.863636
vt 0.539773 0.863636
vt 0.536932 0.863636
vt 0.562500 0.909091
vt 0.559659 0.909091
vt 0.556818 0.909091
vt 0.553977 0.909091
vt 0.551136 0.909091
vt 0.548295 0.909091
vt 0.545455 0.909091
vt 0.542614 0.909091
vt 0.539773 0.909091
vt 0.536932 0.909091
vt 0.559659 0.954545
vt 0.556818 0.954545
vt 0.553977 0.954545
vt 0.551136 0.954545
vt 0.548295 0.954545
vt 0.545455 0.954545
vt 0.542614 0.954545
vt 0.539773 0.954545
vt 0.536932 0.954545
vt 0.559659 1.000000
vt 0.556818 1.000000
vt 0.553977 1.000000
vt 0.551136 1.000000
vt 0.548295 1.000000
vt 0.545455 1.000000
vt 0.542614 1.000000
vt 0.539773 1.000000
vt 0.536932 1.000000
vt 0.565341 0.500000
vt 0.565341 0.545455
vt 0.565341 0.590909
vt 0.565341 0.636364
vt 0.565341 0.681818
vt 0.565341 0.727273
vt 0.565341 0.772727
vt 0.565341 0.818182
vt 0.565341 0.863636
vt 0.565341 0.909091
vt 0.593750 0.500000
vt 0.593750 0.545455
vt 0.590909 0.545455
vt 0.590909 0.500000
vt 0.588068 0.545455
vt 0.588068 0.500000
vt 0.585227 0.545455
vt 0.585227 0.500000
vt 0.582386 0.545455
vt 0.582386 0.500000
vt 0.579545 0.545455
vt 0.579545 0.500000
vt 0.576705 0.545455
vt 0.576705 0.500000
vt 0.573864 0.545455
vt 0.573864 0.500000
vt 0.571023 0.545455
vt 0.571023 0.500000
vt 0.568182 0.545455
vt 0.568182 0.500000
vt 0.593750 0.590909
vt 0.590909 0.590909
vt 0.588068 0.590909
vt 0.585227 0.590909
vt 0.582386 0.590909
vt 0.579545 0.590909
vt 0.576704 0.590909
vt 0.573864 0.590909
vt 0.571023 0.590909
vt 0.568182 0.590909
vt 0.593750 0.636364
vt 0.590909 0.636364
vt 0.588068 0.636364
vt 0.585227 0.636364
vt 0.582386 0.636364
vt 0.579545 0.636364
vt 0.576704 0.636364
vt 0.573864 0.636364
vt 0.571023 0.636364
vt 0.568182 0.636364
vt 0.593750 0.681818
vt 0.590909 0.681818
vt 0.588068 0.681818
vt 0.585227 0.681818
vt 0.582386 0.681818
vt 0.579545 0.681818
vt 0.576704 0.681818
vt 0.573864 0.681818
vt 0.571023 0.681818
vt 0.568182 0.681818
vt 0.593750 0.727273
vt 0.590909 0.727273
vt 0.588068 0.727273
vt 0.585227 0.727273
vt 0.582386 0.727273
vt 0.579545 0.727273
vt 0.576705 0.727273
vt 0.573864 0.727273
vt 0.571023 0.727273
vt 0.568182 0.727273
vt 0.593750 0.772727
vt 0.590909 0.772727
vt 0.588068 0.772727
vt 0.585227 0.772727
vt 0.582386 0.772727
vt 0.579545 0.772727
vt 0.576705 0.772727
vt 0.573864 0.772727
vt 0.571023 0.772727
vt 0.568182 0.772727
vt 0.593750 0.818182
vt 0.590909 0.818182
vt 0.588068 0.818182
vt 0.585227 0.818182
vt 0.582386 0.818182
vt 0.579545 0.818182
vt 0.576705 0.818182
vt 0.573864 0.818182
vt 0.571023 0.818182
vt 0.568182 0.818182
vt 0.593750 0.863636
vt 0.590909 0.863636
vt 0.588068 0.863636
vt 0.585227 0.863636
vt 0.582386 0.863636
vt 0.579545 0.863636
vt 0.576705 0.863636
vt 0.573864 0.863636
vt 0.571023 0.863636
vt 0.568182 0.863636
vt 0.593750 0.909091
vt 0.590909 0.909091
vt 0.588068 0.909091
vt 0.585227 0.909091
vt 0.582386 0.909091
vt 0.579545 0.909091
vt 0.576705 0.909091
vt 0.573864 0.909091
vt 0.571023 0.909091
vt 0.568182 0.909091
vt 0.590909 0.954545
vt 0.588068 0.954545
vt 0.585227 0.954545
vt 0.582386 0.954545
vt 0.579545 0.954545
vt 0.576705 0.954545
vt 0.573864 0.954545
vt 0.571023 0.954545
vt 0.568182 0.954545
vt 0.590909 1.000000
vt 0.588068 1.000000
vt 0.585227 1.000000
vt 0.582386 1.000000
vt 0.579545 1.000000
vt 0.576705 1.000000
vt 0.573864 1.000000
vt 0.571023 1.000000
vt 0.568182 1.000000
vt 0.596591 0.500000
vt 0.596591 0.545455
vt 0.596591 0.590909
vt 0.596591 0.636364
vt 0.596591 0.681818
vt 0.596591 0.727273
vt 0.596591 0.772727
vt 0.596591 0.818182
vt 0.596591 0.863636
vt 0.596591 0.909091
vt 0.625000 0.500000
vt 0.625000 0.545455
vt 0.622159 0.545455
vt 0.622159 0.500000
vt 0.619318 0.545455
vt 0.619318 0.500000
vt 0.616477 0.545455
vt 0.616477 0.500000
vt 0.613636 0.545455
vt 0.613636 0.500000
vt 0.610795 0.545455
vt 0.610795 0.500000
vt 0.607954 0.545455
vt 0.607954 0.500000
vt 0.605114 0.545455
vt 0.605114 0.500000
vt 0.602273 0.545455
vt 0.602273 0.500000
vt 0.599432 0.545455
vt 0.599432 0.500000
vt 0.625000 0.590909
vt 0.622159 0.590909
vt 0.619318 0.590909
vt 0.616477 0.590909
vt 0.613636 0.590909
vt 0.610795 0.590909
vt 0.607954 0.590909
vt 0.605114 0.590909
vt 0.602273 0.590909
vt 0.599432 0.590909
vt 0.625000 0.636364
vt 0.622159 0.636364
vt 0.619318 0.636364
vt 0.616477 0.636364
vt 0.613636 0.636364
vt 0.610795 0.636364
vt 0.607954 0.636364
vt 0.605114 0.636364
vt 0.602273 0.636364
vt 0.599432 0.636364
vt 0.625000 0.681818
vt 0.622159 0.681818
vt 0.619318 0.681818
vt 0.616477 0.681818
vt 0.613636 0.681818
vt 0.610795 0.681818
vt 0.607954 0.681818
vt 0.605114 0.681818
vt 0.602273 0.681818
vt 0.599432 0.681818
vt 0.625000 0.727273
vt 0.622159 0.727273
vt 0.619318 0.727273
vt 0.616477 0.727273
vt 0.613636 0.727273
vt 0.610795 0.727273
vt 0.607954 0.727273
vt 0.605114 0.727273
vt 0.602273 0.727273
vt 0.599432 0.727273
vt 0.625000 0.772727
vt 0.622159 0.772727
vt 0.619318 0.772727
vt 0.616477 0.772727
vt 0.613636 0.772727
vt 0.610795 0.772727
vt 0.607954 0.772727
vt 0.605114 0.772727
vt 0.602273 0.772727
vt 0.599432 0.772727
vt 0.625000 0.818182
vt 0.622159 0.818182
vt 0.619318 0.818182
vt 0.616477 0.818182
vt 0.613636 0.818182
vt 0.610795 0.818182
vt 0.607954 0.818182
vt 0.605114 0.818182
vt 0.602273 0.818182
vt 0.599432 0.818182
vt 0.625000 0.863636
vt 0.622159 0.863636
vt 0.619318 0.863636
vt 0.616477 0.863636
vt 0.613636 0.863636
vt 0.610795 0.863636
vt 0.607954 0.863636
vt 0.605114 0.863636
vt 0.602273 0.863636
vt 0.599432 0.863636
vt 0.625000 0.909091
vt 0.622159 0.909091
vt 0.619318 0.909091
vt 0.616477 0.909091
vt 0.613636 0.909091
vt 0.610795 0.909091
vt 0.607954 0.909091
vt 0.605114 0.909091
vt 0.602273 0.909091
vt 0.599432 0.909091
vt 0.622159 0.954545
vt 0.619318 0.954545
vt 0.616477 0.954545
vt 0.613636 0.954545
vt 0.610795 0.954545
vt 0.607954 0.954545
vt 0.605114 0.954545
vt 0.602273 0.954545
vt 0.599432 0.954545
vt 0.622159 1.000000
vt 0.619318 1.000000
vt 0.616477 1.000000
vt 0.613636 1.000000
vt 0.610795 1.000000
vt 0.607954 1.000000
vt 0.605114 1.000000
vt 0.602273 1.000000
vt 0.599432 1.000000
vt 0.627841 0.500000
vt 0.627841 0.545455
vt 0.627841 0.590909
vt 0.627841 0.636364
vt 0.627841 0.681818
vt 0.627841 0.727273
vt 0.627841 0.772727
vt 0.627841 0.818182
vt 0.627841 0.863636
vt 0.627841 0.909091
vt 0.656250 0.500000
vt 0.656250 0.545455
vt 0.653409 0.545455
vt 0.653409 0.500000
vt 0.650568 0.545455
vt 0.650568 0.500000
vt 0.647727 0.545455
vt 0.647727 0.500000
vt 0.644886 0.545455
vt 0.644886 0.500000
vt 0.642045 0.545455
vt 0.642045 0.500000
vt 0.639205 0.545455
vt 0.639205 0.500000
vt 0.636364 0.545455
vt 0.636364 0.500000
vt 0.633523 0.545455
vt 0.633523 0.500000
vt 0.630682 0.545455
vt 0.630682 0.500000
vt 0.656250 0.590909
vt 0.653409 0.590909
vt 0.650568 0.590909
vt 0.647727 0.590909
vt 0.644886 0.590909
vt 0.642045 0.590909
vt 0.639205 0.590909
vt 0.636364 0.590909
vt 0.633523 0.590909
vt 0.630682 0.590909
vt 0.656250 0.636364
vt 0.653409 0.636364
vt 0.650568 0.636364
vt 0.647727 0.636364
vt 0.644886 0.636364
vt 0.642045 0.636364
vt 0.639205 0.636364
vt 0.636364 0.636364
vt 0.633523 0.636364
vt 0.630682 0.636364
vt 0.656250 0.681818
vt 0.653409 0.681818
vt 0.650568 0.681818
vt 0.647727 0.681818
vt 0.644886 0.681818
vt 0.642045 0.681818
vt 0.639205 0.681818
vt 0.636364 0.681818
vt 0.633523 0.681818
vt 0.630682 0.681818
vt 0.656250 0.727273
vt 0.653409 0.727273
vt 0.650568 0.727273
vt 0.647727 0.727273
vt 0.644886 0.727273
vt 0.642045 0.727273
vt 0.639205 0.727273
vt 0.636364 0.727273
vt 0.633523 0.727273
vt 0.630682 0.727273
vt 0.656250 0.772727
vt 0.653409 0.772727
vt 0.650568 0.772727
vt 0.647727 0.772727
vt 0.644886 0.772727
vt 0.642045 0.772727
vt 0.639205 0.772727
vt 0.636364 0.772727
vt 0.633523 0.772727
vt 0.630682 0.772727
vt 0.656250 0.818182
vt 0.653409 0.818182
vt 0.650568 0.818182
vt 0.647727 0.818182
vt 0.644886 0.818182
vt 0.642045 0.818182
vt 0.639205 0.818182
vt 0.636364 0.818182
vt 0.633523 0.818182
vt 0.630682 0.818182
vt 0.656250 0.863636
vt 0.653409 0.863636
vt 0.650568 0.863636
vt 0.647727 0.863636
vt 0.644886 0.863636
vt 0.642045 0.863636
vt 0.639205 0.863636
vt 0.636364 0.863636
vt 0.633523 0.863636
vt 0.630682 0.863636
vt 0.656250 0.909091
vt 0.653409 0.909091
vt 0.650568 0.909091
vt 0.647727 0.909091
vt 0.644886 0.909091
vt 0.642045 0.909091
vt 0.639205 0.909091
vt 0.636364 0.909091
vt 0.633523 0.909091
vt 0.630682 0.909091
vt 0.653409 0.954545
vt 0.650568 0.954545
vt 0.647727 0.954545
vt 0.644886 0.954545
vt 0.642045 0.954545
vt 0.639205 0.954545
vt 0.636364 0.954545
vt 0.633523 0.954545
vt 0.630682 0.954545
vt 0.653409 1.000000
vt 0.650568 1.000000
vt 0.647727 1.000000
vt 0.644886 1.000000
vt 0.642045 1.000000
vt 0.639205 1.000000
vt 0.636364 1.000000
vt 0.633523 1.000000
vt 0.630682 1.000000
vt 0.659091 0.500000
vt 0.659091 0.545455
vt 0.659091 0.590909
vt 0.659091 0.636364
vt 0.659091 0.681818
vt 0.659091 0.727273
vt 0.659091 0.772727
vt 0.659091 0.818182
vt 0.659091 0.863636
vt 0.659091 0.909091
vt 0.687500 0.500000
vt 0.687500 0.545455
vt 0.684659 0.545455
vt 0.684659 0.500000
vt 0.681818 0.545455
vt 0.681818 0.500000
vt 0.678977 0.545455
vt 0.678977 0.500000
vt 0.676136 0.545455
vt 0.676136 0.500000
vt 0.673295 0.545455
vt 0.673295 0.500000
vt 0.670455 0.545455
vt 0.670455 0.500000
vt 0.667614 0.545455
vt 0.667614 0.500000
vt 0.664773 0.545455
vt 0.664773 0.500000
vt 0.661932 0.545455
vt 0.661932 0.500000
vt 0.687500 0.590909
vt 0.684659 0.590909
vt 0.681818 0.590909
vt 0.678977 0.590909
vt 0.676136 0.590909
vt 0.673295 0.590909
vt 0.670455 0.590909
vt 0.667614 0.590909
vt 0.664773 0.590909
vt 0.661932 0.590909
vt 0.687500 0.636364
vt 0.684659 0.636364
vt 0.681818 0.636364
vt 0.678977 0.636364
vt 0.676136 0.636364
vt 0.673295 0.636364
vt 0.670455 0.636364
vt 0.667614 0.636364
vt 0.664773 0.636364
vt 0.661932 0.636364
vt 0.687500 0.681818
vt 0.684659 0.681818
vt 0.681818 0.681818
vt 0.678977 0.681818
vt 0.676136 0.681818
vt 0.673295 0.681818
vt 0.670455 0.681818
vt 0.667614 0.681818
vt 0.664773 0.681818
vt 0.661932 0.681818
vt 0.687500 0.727273
vt 0.684659 0.727273
vt 0.681818 0.727273
vt 0.678977 0.727273
vt 0.676136 0.727273
vt 0.673295 0.727273
vt 0.670455 0.727273
vt 0.667614 0.727273
vt 0.664773 0.727273
vt 0.661932 0.727273
vt 0.687500 0.772727
vt 0.684659 0.772727
vt 0.681818 0.772727
vt 0.678977 0.772727
vt 0.676136 0.772727
vt 0.673295 0.772727
vt 0.670455 0.772727
vt 0.667614 0.772727
vt 0.664773 0.772727
vt 0.661932 0.772727
vt 0.687500 0.818182
vt 0.684659 0.818182
vt 0.681818 0.818182
vt 0.678977 0.818182
vt 0.676136 0.818182
vt 0.673295 0.818182
vt 0.670455 0.818182
vt 0.667614 0.818182
vt 0.664773 0.818182
vt 0.661932 0.818182
vt 0.687500 0.863636
vt 0.684659 0.863636
vt 0.681818 0.863636
vt 0.678977 0.863636
vt 0.676136 0.863636
vt 0.673295 0.863636
vt 0.670455 0.863636
vt 0.667614 0.863636
vt 0.664773 0.863636
vt 0.661932 0.863636
vt 0.687500 0.909091
vt 0.684659 0.909091
vt 0.681818 0.909091
vt 0.678977 0.909091
vt 0.676136 0.909091
vt 0.673295 0.909091
vt 0.670455 0.909091
vt 0.667614 0.909091
vt 0.664773 0.909091
vt 0.661932 0.909091
vt 0.684659 0.954545
vt 0.681818 0.954545
vt 0.678977 0.954545
vt 0.676136 0.954545
vt 0.673295 0.954545
vt 0.670455 0.954545
vt 0.667614 0.954545
vt 0.664773 0.954545
vt 0.661932 0.954545
vt 0.684659 1.000000
vt 0.681818 1.000000
vt 0.678977 1.000000
vt 0.676136 1.000000
vt 0.673295 1.000000
vt 0.670455 1.000000
vt 0.667614 1.000000
vt 0.664773 1.000000
vt 0.661932 1.000000
vt 0.690341 0.500000
vt 0.690341 0.545455
vt 0.690341 0.590909
vt 0.690341 0.636364
vt 0.690341 0.681818
vt 0.690341 0.727273
vt 0.690341 0.772727
vt 0.690341 0.818182
vt 0.690341 0.863636
vt 0.690341 0.909091
vt 0.718750 0.500000
vt 0.718750 0.545455
vt 0.715909 0.545455
vt 0.715909 0.500000
vt 0.713068 0.545455
vt 0.713068 0.500000
vt 0.710227 0.545455
vt 0.710227 0.500000
vt 0.707386 0.545455
vt 0.707386 0.500000
vt 0.704545 0.545455
vt 0.704545 0.500000
vt 0.701705 0.545455
vt 0.701705 0.500000
vt 0.698864 0.545455
vt 0.698864 0.500000
vt 0.696023 0.545455
vt 0.696023 0.500000
vt 0.693182 0.545455
vt 0.693182 0.500000
vt 0.718750 0.590909
vt 0.715909 0.590909
vt 0.713068 0.590909
vt 0.710227 0.590909
vt 0.707386 0.590909
vt 0.704545 0.590909
vt 0.701705 0.590909
vt 0.698864 0.590909
vt 0.696023 0.590909
vt 0.693182 0.590909
vt 0.718750 0.636364
vt 0.715909 0.636364
vt 0.713068 0.636364
vt 0.710227 0.636364
vt 0.707386 0.636364
vt 0.704545 0.636364
vt 0.701705 0.636364
vt 0.698864 0.636364
vt 0.696023 0.636364
vt 0.693182 0.636364
vt 0.718750 0.681818
vt 0.715909 0.681818
vt 0.713068 0.681818
vt 0.710227 0.681818
vt 0.707386 0.681818
vt 0.704545 0.681818
vt 0.701705 0.681818
vt 0.698864 0.681818
vt 0.696023 0.681818
vt 0.693182 0.681818
vt 0.718750 0.727273
vt 0.715909 0.727273
vt 0.713068 0.727273
vt 0.710227 0.727273
vt 0.707386 0.727273
vt 0.704545 0.727273
vt 0.701705 0.727273
vt 0.698864 0.727273
vt 0.696023 0.727273
vt 0.693182 0.727273
vt 0.718750 0.772727
vt 0.715909 0.772727
vt 0.713068 0.772727
vt 0.710227 0.772727
vt 0.707386 0.772727
vt 0.704545 0.772727
vt 0.701705 0.772727
vt 0.698864 0.772727
vt 0.696023 0.772727
vt 0.693182 0.772727
vt 0.718750 0.818182
vt 0.715909 0.818182
vt 0.713068 0.818182
vt 0.710227 0.818182
vt 0.707386 0.818182
vt 0.704545 0.818182
vt 0.701705 0.818182
vt 0.698864 0.818182
vt 0.696023 0.818182
vt 0.693182 0.818182
vt 0.718750 0.863636
vt 0.715909 0.863636
vt 0.713068 0.863636
vt 0.710227 0.863636
vt 0.707386 0.863636
vt 0.704545 0.863636
vt 0.701705 0.863636
vt 0.698864 0.863636
vt 0.696023 0.863636
vt 0.693182 0.863636
vt 0.718750 0.909091
vt 0.715909 0.909091
vt 0.713068 0.909091
vt 0.710227 0.909091
vt 0.707386 0.909091
vt 0.704545 0.909091
vt 0.701705 0.909091
vt 0.698864 0.909091
vt 0.696023 0.909091
vt 0.693182 0.909091
vt 0.715909 0.954545
vt 0.713068 0.954545
vt 0.710227 0.954545
vt 0.707386 0.954545
vt 0.704545 0.954545
vt 0.701705 0.954545
vt 0.698864 0.954545
vt 0.696023 0.954545
vt 0.693182 0.954545
vt 0.715909 1.000000
vt 0.713068 1.000000
vt 0.710227 1.000000
vt 0.707386 1.000000
vt 0.704545 1.000000
vt 0.701705 1.000000
vt 0.698864 1.000000
vt 0.696023 1.000000
vt 0.693182 1.000000
vt 0.721591 0.500000
vt 0.721591 0.545455
vt 0.721591 0.590909
vt 0.721591 0.636364
vt 0.721591 0.681818
vt 0.721591 0.727273
vt 0.721591 0.772727
vt 0.721591 0.818182
vt 0.721591 0.863636
vt 0.721591 0.909091
vt 0.750000 0.500000
vt 0.750000 0.545455
vt 0.747159 0.545455
vt 0.747159 0.500000
vt 0.744318 0.545455
vt 0.744318 0.500000
vt 0.741477 0.545455
vt 0.741477 0.500000
vt 0.738636 0.545455
vt 0.738636 0.500000
vt 0.735795 0.545455
vt 0.735795 0.500000
vt 0.732955 0.545455
vt 0.732955 0.500000
vt 0.730114 0.545455
vt 0.730114 0.500000
vt 0.727273 0.545455
vt 0.727273 0.500000
vt 0.724432 0.545455
vt 0.724432 0.500000
vt 0.750000 0.590909
vt 0.747159 0.590909
vt 0.744318 0.590909
vt 0.741477 0.590909
vt 0.738636 0.590909
vt 0.735795 0.590909
vt 0.732955 0.590909
vt 0.730114 0.590909
vt 0.727273 0.590909
vt 0.724432 0.590909
vt 0.750000 0.636364
vt 0.747159 0.636364
vt 0.744318 0.636364
vt 0.741477 0.636364
vt 0.738636 0.636364
vt 0.735795 0.636364
vt 0.732955 0.636364
vt 0.730114 0.636364
vt 0.727273 0.636364
vt 0.724432 0.636364
vt 0.750000 0.681818
vt 0.747159 0.681818
vt 0.744318 0.681818
vt 0.741477 0.681818
vt 0.738636 0.681818
vt 0.735795 0.681818
vt 0.732955 0.681818
vt 0.730114 0.681818
vt 0.727273 0.681818
vt 0.724432 0.681818
vt 0.750000 0.727273
vt 0.747159 0.727273
vt 0.744318 0.727273
vt 0.741477 0.727273
vt 0.738636 0.727273
vt 0.735795 0.727273
vt 0.732955 0.727273
vt 0.730114 0.727273
vt 0.727273 0.727273
vt 0.724432 0.727273
vt 0.750000 0.772727
vt 0.747159 0.772727
vt 0.744318 0.772727
vt 0.741477 0.772727
vt 0.738636 0.772727
vt 0.735795 0.772727
vt 0.732955 0.772727
vt 0.730114 0.772727
vt 0.727273 0.772727
vt 0.724432 0.772727
vt 0.750000 0.818182
vt 0.747159 0.818182
vt 0.744318 0.818182
vt 0.741477 0.818182
vt 0.738636 0.818182
vt 0.735795 0.818182
vt 0.732955 0.818182
vt 0.730114 0.818182
vt 0.727273 0.818182
vt 0.724432 0.818182
vt 0.750000 0.863636
vt 0.747159 0.863636
vt 0.744318 0.863636
vt 0.741477 0.863636
vt 0.738636 0.863636
vt 0.735795 0.863636
vt 0.732955 0.863636
vt 0.730114 0.863636
vt 0.727273 0.863636
vt 0.724432 0.863636
vt 0.750000 0.909091
vt 0.747159 0.909091
vt 0.744318 0.909091
vt 0.741477 0.909091
vt 0.738636 0.909091
vt 0.735795 0.909091
vt 0.732955 0.909091
vt 0.730114 0.909091
vt 0.727273 0.909091
vt 0.724432 0.909091
vt 0.747159 0.954545
vt 0.744318 0.954545
vt 0.741477 0.954545
vt 0.738636 0.954545
vt 0.735795 0.954545
vt 0.732955 0.954545
vt 0.730114 0.954545
vt 0.727273 0.954545
vt 0.724432 0.954545
vt 0.747159 1.000000
vt 0.744318 1.000000
vt 0.741477 1.000000
vt 0.738636 1.000000
vt 0.735795 1.000000
vt 0.732955 1.000000
vt 0.730114 1.000000
vt 0.727273 1.000000
vt 0.724432 1.000000
vt 0.752841 0.500000
vt 0.752841 0.545455
vt 0.752841 0.590909
vt 0.752841 0.636364
vt 0.752841 0.681818
vt 0.752841 0.727273
vt 0.752841 0.772727
vt 0.752841 0.818182
vt 0.752841 0.863636
vt 0.752841 0.909091
vt 0.781250 0.500000
vt 0.781250 0.545455
vt 0.778409 0.545455
vt 0.778409 0.500000
vt 0.775568 0.545455
vt 0.775568 0.500000
vt 0.772727 0.545455
vt 0.772727 0.500000
vt 0.769886 0.545455
vt 0.769886 0.500000
vt 0.767045 0.545455
vt 0.767045 0.500000
vt 0.764205 0.545455
vt 0.764205 0.500000
vt 0.761364 0.545455
vt 0.761364 0.500000
vt 0.758523 0.545455
vt 0.758523 0.500000
vt 0.755682 0.545455
vt 0.755682 0.500000
vt 0.781250 0.590909
vt 0.778409 0.590909
vt 0.775568 0.590909
vt 0.772727 0.590909
vt 0.769886 0.590909
vt 0.767045 0.590909
vt 0.764205 0.590909
vt 0.761364 0.590909
vt 0.758523 0.590909
vt 0.755682 0.590909
vt 0.781250 0.636364
vt 0.778409 0.636364
vt 0.775568 0.636364
vt 0.772727 0.636364
vt 0.769886 0.636364
vt 0.767045 0.636364
vt 0.764205 0.636364
vt 0.761364 0.636364
vt 0.758523 0.636364
vt 0.755682 0.636364
vt 0.781250 0.681818
vt 0.778409 0.681818
vt 0.775568 0.681818
vt 0.772727 0.681818
vt 0.769886 0.681818
vt 0.767045 0.681818
vt 0.764205 0.681818
vt 0.761364 0.681818
vt 0.758523 0.681818
vt 0.755682 0.681818
vt 0.781250 0.727273
vt 0.778409 0.727273
vt 0.775568 0.727273
vt 0.772727 0.727273
vt 0.769886 0.727273
vt 0.767045 0.727273
vt 0.764205 0.727273
vt 0.761364 0.727273
vt 0.758523 0.727273
vt 0.755682 0.727273
vt 0.781250 0.772727
vt 0.778409 0.772727
vt 0.775568 0.772727
vt 0.772727 0.772727
vt 0.769886 0.772727
vt 0.767045 0.772727
vt 0.764205 0.772727
vt 0.761364 0.772727
vt 0.758523 0.772727
vt 0.755682 0.772727
vt 0.781250 0.818182
vt 0.778409 0.818182
vt 0.775568 0.818182
vt 0.772727 0.818182
vt 0.769886 0.818182
vt 0.767045 0.818182
vt 0.764205 0.818182
vt 0.761364 0.818182
vt 0.758523 0.818182
vt 0.755682 0.818182
vt 0.781250 0.863636
vt 0.778409 0.863636
vt 0.775568 0.863636
vt 0.772727 0.863636
vt 0.769886 0.863636
vt 0.767045 0.863636
vt 0.764205 0.863636
vt 0.761364 0.863636
vt 0.758523 0.863636
vt 0.755682 0.863636
vt 0.781250 0.909091
vt 0.778409 0.909091
vt 0.775568 0.909091
vt 0.772727 0.909091
vt 0.769886 0.909091
vt 0.767045 0.909091
vt 0.764205 0.909091
vt 0.761364 0.909091
vt 0.758523 0.909091
vt 0.755682 0.909091
vt 0.778409 0.954545
vt 0.775568 0.954545
vt 0.772727 0.954545
vt 0.769886 0.954545
vt 0.767045 0.954545
vt 0.764205 0.954545
vt 0.761364 0.954545
vt 0.758523 0.954545
vt 0.755682 0.954545
vt 0.778409 1.000000
vt 0.775568 1.000000
vt 0.772727 1.000000
vt 0.769886 1.000000
vt 0.767045 1.000000
vt 0.764205 1.000000
vt 0.761364 1.000000
vt 0.758523 1.000000
vt 0.755682 1.000000
vt 0.784091 0.500000
vt 0.784091 0.545455
vt 0.784091 0.590909
vt 0.784091 0.636364
vt 0.784091 0.681818
vt 0.784091 0.727273
vt 0.784091 0.772727
vt 0.784091 0.818182
vt 0.784091 0.863636
vt 0.784091 0.909091
vt 0.812500 0.500000
vt 0.812500 0.545455
vt 0.809659 0.545455
vt 0.809659 0.500000
vt 0.806818 0.545455
vt 0.806818 0.500000
vt 0.803977 0.545455
vt 0.803977 0.500000
vt 0.801136 0.545455
vt 0.801136 0.500000
vt 0.798295 0.545455
vt 0.798295 0.500000
vt 0.795455 0.545455
vt 0.795455 0.500000
vt 0.792614 0.545455
vt 0.792614 0.500000
vt 0.789773 0.545455
vt 0.789773 0.500000
vt 0.786932 0.545455
vt 0.786932 0.500000
vt 0.812500 0.590909
vt 0.809659 0.590909
vt 0.806818 0.590909
vt 0.803977 0.590909
vt 0.801136 0.590909
vt 0.798295 0.590909
vt 0.795455 0.590909
vt 0.792614 0.590909
vt 0.789773 0.590909
vt 0.786932 0.590909
vt 0.812500 0.636364
vt 0.809659 0.636364
vt 0.806818 0.636364
vt 0.803977 0.636364
vt 0.801136 0.636364
vt 0.798295 0.636364
vt 0.795455 0.636364
vt 0.792614 0.636364
vt 0.789773 0.636364
vt 0.786932 0.636364
vt 0.812500 0.681818
vt 0.809659 0.681818
vt 0.806818 0.681818
vt 0.803977 0.681818
vt 0.801136 0.681818
vt 0.798295 0.681818
vt 0.795455 0.681818
vt 0.792614 0.681818
vt 0.789773 0.681818
vt 0.786932 0.681818
vt 0.812500 0.727273
vt 0.809659 0.727273
vt 0.806818 0.727273
vt 0.803977 0.727273
vt 0.801136 0.727273
vt 0.798295 0.727273
vt 0.795455 0.727273
vt 0.792614 0.727273
vt 0.789773 0.727273
vt 0.786932 0.727273
vt 0.812500 0.772727
vt 0.809659 0.772727
vt 0.806818 0.772727
vt 0.803977 0.772727
vt 0.801136 0.772727
vt 0.798295 0.772727
vt 0.795455 0.772727
vt 0.792614 0.772727
vt 0.789773 0.772727
vt 0.786932 0.772727
vt 0.812500 0.818182
vt 0.809659 0.818182
vt 0.806818 0.818182
vt 0.803977 0.818182
vt 0.801136 0.818182
vt 0.798295 0.818182
vt 0.795455 0.818182
vt 0.792614 0.818182
vt 0.789773 0.818182
vt 0.786932 0.818182
vt 0.812500 0.863636
vt 0.809659 0.863636
vt 0.806818 0.863636
vt 0.803977 0.863636
vt 0.801136 0.863636
vt 0.798295 0.863636
vt 0.795455 0.863636
vt 0.792614 0.863636
vt 0.789773 0.863636
vt 0.786932 0.863636
vt 0.812500 0.909091
vt 0.809659 0.909091
vt 0.806818 0.909091
vt 0.803977 0.909091
vt 0.801136 0.909091
vt 0.798295 0.909091
vt 0.795455 0.909091
vt 0.792614 0.909091
vt 0.789773 0.909091
vt 0.786932 0.909091
vt 0.809659 0.954545
vt 0.806818 0.954545
vt 0.803977 0.954545
vt 0.801136 0.954545
vt 0.798295 0.954545
vt 0.795455 0.954545
vt 0.792614 0.954545
vt 0.789773 0.954545
vt 0.786932 0.954545
vt 0.809659 1.000000
vt 0.806818 1.000000
vt 0.803977 1.000000
vt 0.801136 1.000000
vt 0.798295 1.000000
vt 0.795455 1.000000
vt 0.792614 1.000000
vt 0.789773 1.000000
vt 0.786932 1.000000
vt 0.815341 0.500000
vt 0.815341 0.545455
vt 0.815341 0.590909
vt 0.815341 0.636364
vt 0.815341 0.681818
vt 0.815341 0.727273
vt 0.815341 0.772727
vt 0.815341 0.818182
vt 0.815341 0.863636
vt 0.815341 0.909091
vt 0.843750 0.500000
vt 0.843750 0.545455
vt 0.840909 0.545455
vt 0.840909 0.500000
vt 0.838068 0.545455
vt 0.838068 0.500000
vt 0.835227 0.545455
vt 0.835227 0.500000
vt 0.832386 0.545455
vt 0.832386 0.500000
vt 0.829545 0.545455
vt 0.829545 0.500000
vt 0.826705 0.545455
vt 0.826705 0.500000
vt 0.823864 0.545455
vt 0.823864 0.500000
vt 0.821023 0.545455
vt 0.821023 0.500000
vt 0.818182 0.545455
vt 0.818182 0.500000
vt 0.843750 0.590909
vt 0.840909 0.590909
vt 0.838068 0.590909
vt 0.835227 0.590909
vt 0.832386 0.590909
vt 0.829545 0.590909
vt 0.826705 0.590909
vt 0.823864 0.590909
vt 0.821023 0.590909
vt 0.818182 0.590909
vt 0.843750 0.636364
vt 0.840909 0.636364
vt 0.838068 0.636364
vt 0.835227 0.636364
vt 0.832386 0.636364
vt 0.829545 0.636364
vt 0.826705 0.636364
vt 0.823864 0.636364
vt 0.821023 0.636364
vt 0.818182 0.636364
vt 0.843750 0.681818
vt 0.840909 0.681818
vt 0.838068 0.681818
vt 0.835227 0.681818
vt 0.832386 0.681818
vt 0.829545 0.681818
vt 0.826705 0.681818
vt 0.823864 0.681818
vt 0.821023 0.681818
vt 0.818182 0.681818
vt 0.843750 0.727273
vt 0.840909 0.727273
vt 0.838068 0.727273
vt 0.835227 0.727273
vt 0.832386 0.727273
vt 0.829545 0.727273
vt 0.826705 0.727273
vt 0.823864 0.727273
vt 0.821023 0.727273
vt 0.818182 0.727273
vt 0.843750 0.772727
vt 0.840909 0.772727
vt 0.838068 0.772727
vt 0.835227 0.772727
vt 0.832386 0.772727
vt 0.829545 0.772727
vt 0.826705 0.772727
vt 0.823864 0.772727
vt 0.821023 0.772727
vt 0.818182 0.772727
vt 0.843750 0.818182
vt 0.840909 0.818182
vt 0.838068 0.818182
vt 0.835227 0.818182
vt 0.832386 0.818182
vt 0.829545 0.818182
vt 0.826705 0.818182
vt 0.823864 0.818182
vt 0.821023 0.818182
vt 0.818182 0.818182
vt 0.843750 0.863636
vt 0.840909 0.863636
vt 0.838068 0.863636
vt 0.835227 0.863636
vt 0.832386 0.863636
vt 0.829545 0.863636
vt 0.826705 0.863636
vt 0.823864 0.863636
vt 0.821023 0.863636
vt 0.818182 0.863636
vt 0.843750 0.909091
vt 0.840909 0.909091
vt 0.838068 0.909091
vt 0.835227 0.909091
vt 0.832386 0.909091
vt 0.829545 0.909091
vt 0.826705 0.909091
vt 0.823864 0.909091
vt 0.821023 0.909091
vt 0.818182 0.909091
vt 0.840909 0.954545
vt 0.838068 0.954545
vt 0.835227 0.954545
vt 0.832386 0.954545
vt 0.829545 0.954545
vt 0.826705 0.954545
vt 0.823864 0.954545
vt 0.821023 0.954545
vt 0.818182 0.954545
vt 0.840909 1.000000
vt 0.838068 1.000000
vt 0.835227 1.000000
vt 0.832386 1.000000
vt 0.829545 1.000000
vt 0.826705 1.000000
vt 0.823864 1.000000
vt 0.821023 1.000000
vt 0.818182 1.000000
vt 0.846591 0.500000
vt 0.846591 0.545455
vt 0.846591 0.590909
vt 0.846591 0.636364
vt 0.846591 0.681818
vt 0.846591 0.727273
vt 0.846591 0.772727
vt 0.846591 0.818182
vt 0.846591 0.863636
vt 0.846591 0.909091
vt 0.875000 0.500000
vt 0.875000 0.545455
vt 0.872159 0.545455
vt 0.872159 0.500000
vt 0.869318 0.545455
vt 0.869318 0.500000
vt 0.866477 0.545455
vt 0.866477 0.500000
vt 0.863636 0.545455
vt 0.863636 0.500000
vt 0.860795 0.545455
vt 0.860795 0.500000
vt 0.857955 0.545455
vt 0.857955 0.500000
vt 0.855114 0.545455
vt 0.855114 0.500000
vt 0.852273 0.545455
vt 0.852273 0.500000
vt 0.849432 0.545455
vt 0.849432 0.500000
vt 0.875000 0.590909
vt 0.872159 0.590909
vt 0.869318 0.590909
vt 0.866477 0.590909
vt 0.863636 0.590909
vt 0.860795 0.590909
vt 0.857955 0.590909
vt 0.855114 0.590909
vt 0.852273 0.590909
vt 0.849432 0.590909
vt 0.875000 0.636364
vt 0.872159 0.636364
vt 0.869318 0.636364
vt 0.866477 0.636364
vt 0.863636 0.636364
vt 0.860795 0.636364
vt 0.857955 0.636364
vt 0.855114 0.636364
vt 0.852273 0.636364
vt 0.849432 0.636364
vt 0.875000 0.681818
vt 0.872159 0.681818
vt 0.869318 0.681818
vt 0.866477 0.681818
vt 0.863636 0.681818
vt 0.860795 0.681818
vt 0.857955 0.681818
vt 0.855114 0.681818
vt 0.852273 0.681818
vt 0.849432 0.681818
vt 0.875000 0.727273
vt 0.872159 0.727273
vt 0.869318 0.727273
vt 0.866477 0.727273
vt 0.863636 0.727273
vt 0.860795 0.727273
vt 0.857955 0.727273
vt 0.855114 0.727273
vt 0.852273 0.727273
vt 0.849432 0.727273
vt 0.875000 0.772727
vt 0.872159 0.772727
vt 0.869318 0.772727
vt 0.866477 0.772727
vt 0.863636 0.772727
vt 0.860795 0.772727
vt 0.857955 0.772727
vt 0.855114 0.772727
vt 0.852273 0.772727
vt 0.849432 0.772727
vt 0.875000 0.818182
vt 0.872159 0.818182
vt 0.869318 0.818182
vt 0.866477 0.818182
vt 0.863636 0.818182
vt 0.860795 0.818182
vt 0.857955 0.818182
vt 0.855114 0.818182
vt 0.852273 0.818182
vt 0.849432 0.818182
vt 0.875000 0.863636
vt 0.872159 0.863636
vt 0.869318 0.863636
vt 0.866477 0.863636
vt 0.863636 0.863636
vt 0.860795 0.863636
vt 0.857955 0.863636
vt 0.855114 0.863636
vt 0.852273 0.863636
vt 0.849432 0.863636
vt 0.875000 0.909091
vt 0.872159 0.909091
vt 0.869318 0.909091
vt 0.866477 0.909091
vt 0.863636 0.909091
vt 0.860795 0.909091
vt 0.857955 0.909091
vt 0.855114 0.909091
vt 0.852273 0.909091
vt 0.849432 0.909091
vt 0.872159 0.954545
vt 0.869318 0.954545
vt 0.866477 0.954545
vt 0.863636 0.954545
vt 0.860795 0.954545
vt 0.857955 0.954545
vt 0.855114 0.954545
vt 0.852273 0.954545
vt 0.849432 0.954545
vt 0.872159 1.000000
vt 0.869318 1.000000
vt 0.866477 1.000000
vt 0.863636 1.000000
vt 0.860795 1.000000
vt 0.857955 1.000000
vt 0.855114 1.000000
vt 0.852273 1.000000
vt 0.849432 1.000000
vt 0.877841 0.500000
vt 0.877841 0.545455
vt 0.877841 0.590909
vt 0.877841 0.636364
vt 0.877841 0.681818
vt 0.877841 0.727273
vt 0.877841 0.772727
vt 0.877841 0.818182
vt 0.877841 0.863636
vt 0.877841 0.909091
vt 0.906250 0.500000
vt 0.906250 0.545455
vt 0.903409 0.545455
vt 0.903409 0.500000
vt 0.900568 0.545455
vt 0.900568 0.500000
vt 0.897727 0.545455
vt 0.897727 0.500000
vt 0.894886 0.545455
vt 0.894886 0.500000
vt 0.892045 0.545455
vt 0.892045 0.500000
vt 0.889205 0.545455
vt 0.889205 0.500000
vt 0.886364 0.545455
vt 0.886364 0.500000
vt 0.883523 0.545455
vt 0.883523 0.500000
vt 0.880682 0.545455
vt 0.880682 0.500000
vt 0.906250 0.590909
vt 0.903409 0.590909
vt 0.900568 0.590909
vt 0.897727 0.590909
vt 0.894886 0.590909
vt 0.892045 0.590909
vt 0.889205 0.590909
vt 0.886364 0.590909
vt 0.883523 0.590909
vt 0.880682 0.590909
vt 0.906250 0.636364
vt 0.903409 0.636364
vt 0.900568 0.636364
vt 0.897727 0.636364
vt 0.894886 0.636364
vt 0.892045 0.636364
vt 0.889205 0.636364
vt 0.886364 0.636364
vt 0.883523 0.636364
vt 0.880682 0.636364
vt 0.906250 0.681818
vt 0.903409 0.681818
vt 0.900568 0.681818
vt 0.897727 0.681818
vt 0.894886 0.681818
vt 0.892045 0.681818
vt 0.889205 0.681818
vt 0.886364 0.681818
vt 0.883523 0.681818
vt 0.880682 0.681818
vt 0.906250 0.727273
vt 0.903409 0.727273
vt 0.900568 0.727273
vt 0.897727 0.727273
vt 0.894886 0.727273
vt 0.892045 0.727273
vt 0.889205 0.727273
vt 0.886364 0.727273
vt 0.883523 0.727273
vt 0.880682 0.727273
vt 0.906250 0.772727
vt 0.903409 0.772727
vt 0.900568 0.772727
vt 0.897727 0.772727
vt 0.894886 0.772727
vt 0.892045 0.772727
vt 0.889205 0.772727
vt 0.886364 0.772727
vt 0.883523 0.772727
vt 0.880682 0.772727
vt 0.906250 0.818182
vt 0.903409 0.818182
vt 0.900568 0.818182
vt 0.897727 0.818182
vt 0.894886 0.818182
vt 0.892045 0.818182
vt 0.889205 0.818182
vt 0.886364 0.818182
vt 0.883523 0.818182
vt 0.880682 0.818182
vt 0.906250 0.863636
vt 0.903409 0.863636
vt 0.900568 0.863636
vt 0.897727 0.863636
vt 0.894886 0.863636
vt 0.892045 0.863636
vt 0.889205 0.863636
vt 0.886364 0.863636
vt 0.883523 0.863636
vt 0.880682 0.863636
vt 0.906250 0.909091
vt 0.903409 0.909091
vt 0.900568 0.909091
vt 0.897727 0.909091
vt 0.894886 0.909091
vt 0.892045 0.909091
vt 0.889205 0.909091
vt 0.886364 0.909091
vt 0.883523 0.909091
vt 0.880682 0.909091
vt 0.903409 0.954545
vt 0.900568 0.954545
vt 0.897727 0.954545
vt 0.894886 0.954545
vt 0.892045 0.954545
vt 0.889205 0.954545
vt 0.886364 0.954545
vt 0.883523 0.954545
vt 0.880682 0.954545
vt 0.903409 1.000000
vt 0.900568 1.000000
vt 0.897727 1.000000
vt 0.894886 1.000000
vt 0.892045 1.000000
vt 0.889205 1.000000
vt 0.886364 1.000000
vt 0.883523 1.000000
vt 0.880682 1.000000
vt 0.909091 0.500000
vt 0.909091 0.545455
vt 0.909091 0.590909
vt 0.909091 0.636364
vt 0.909091 0.681818
vt 0.909091 0.727273
vt 0.909091 0.772727
vt 0.909091 0.818182
vt 0.909091 0.863636
vt 0.909091 0.909091
vt 0.937500 0.500000
vt 0.937500 0.545455
vt 0.934659 0.545455
vt 0.934659 0.500000
vt 0.931818 0.545455
vt 0.931818 0.500000
vt 0.928977 0.545455
vt 0.928977 0.500000
vt 0.926136 0.545455
vt 0.926136 0.500000
vt 0.923295 0.545455
vt 0.923295 0.500000
vt 0.920455 0.545455
vt 0.920455 0.500000
vt 0.917614 0.545455
vt 0.917614 0.500000
vt 0.914773 0.545455
vt 0.914773 0.500000
vt 0.911932 0.545455
vt 0.911932 0.500000
vt 0.937500 0.590909
vt 0.934659 0.590909
vt 0.931818 0.590909
vt 0.928977 0.590909
vt 0.926136 0.590909
vt 0.923295 0.590909
vt 0.920455 0.590909
vt 0.917614 0.590909
vt 0.914773 0.590909
vt 0.911932 0.590909
vt 0.937500 0.636364
vt 0.934659 0.636364
vt 0.931818 0.636364
vt 0.928977 0.636364
vt 0.926136 0.636364
vt 0.923295 0.636364
vt 0.920455 0.636364
vt 0.917614 0.636364
vt 0.914773 0.636364
vt 0.911932 0.636364
vt 0.937500 0.681818
vt 0.934659 0.681818
vt 0.931818 0.681818
vt 0.928977 0.681818
vt 0.926136 0.681818
vt 0.923295 0.681818
vt 0.920455 0.681818
vt 0.917614 0.681818
vt 0.914773 0.681818
vt 0.911932 0.681818
vt 0.937500 0.727273
vt 0.934659 0.727273
vt 0.931818 0.727273
vt 0.928977 0.727273
vt 0.926136 0.727273
vt 0.923295 0.727273
vt 0.920455 0.727273
vt 0.917614 0.727273
vt 0.914773 0.727273
vt 0.911932 0.727273
vt 0.937500 0.772727
vt 0.934659 0.772727
vt 0.931818 0.772727
vt 0.928977 0.772727
vt 0.926136 0.772727
vt 0.923295 0.772727
vt 0.920455 0.772727
vt 0.917614 0.772727
vt 0.914773 0.772727
vt 0.911932 0.772727
vt 0.937500 0.818182
vt 0.934659 0.818182
vt 0.931818 0.818182
vt 0.928977 0.818182
vt 0.926136 0.818182
vt 0.923295 0.818182
vt 0.920455 0.818182
vt 0.917614 0.818182
vt 0.914773 0.818182
vt 0.911932 0.818182
vt 0.937500 0.863636
vt 0.934659 0.863636
vt 0.931818 0.863636
vt 0.928977 0.863636
vt 0.926136 0.863636
vt 0.923295 0.863636
vt 0.920455 0.863636
vt 0.917614 0.863636
vt 0.914773 0.863636
vt 0.911932 0.863636
vt 0.937500 0.909091
vt 0.934659 0.909091
vt 0.931818 0.909091
vt 0.928977 0.909091
vt 0.926136 0.909091
vt 0.923295 0.909091
vt 0.920455 0.909091
vt 0.917614 0.909091
vt 0.914773 0.909091
vt 0.911932 0.909091
vt 0.934659 0.954545
vt 0.931818 0.954545
vt 0.928977 0.954545
vt 0.926136 0.954545
vt 0.923295 0.954545
vt 0.920455 0.954545
vt 0.917614 0.954545
vt 0.914773 0.954545
vt 0.911932 0.954545
vt 0.934659 1.000000
vt 0.931818 1.000000
vt 0.928977 1.000000
vt 0.926136 1.000000
vt 0.923295 1.000000
vt 0.920455 1.000000
vt 0.917614 1.000000
vt 0.914773 1.000000
vt 0.911932 1.000000
vt 0.940341 0.500000
vt 0.940341 0.545455
vt 0.940341 0.590909
vt 0.940341 0.636364
vt 0.940341 0.681818
vt 0.940341 0.727273
vt 0.940341 0.772727
vt 0.940341 0.818182
vt 0.940341 0.863636
vt 0.940341 0.909091
vt 0.968750 0.500000
vt 0.968750 0.545455
vt 0.965909 0.545455
vt 0.965909 0.500000
vt 0.963068 0.545455
vt 0.963068 0.500000
vt 0.960227 0.545455
vt 0.960227 0.500000
vt 0.957386 0.545455
vt 0.957386 0.500000
vt 0.954545 0.545455
vt 0.954545 0.500000
vt 0.951705 0.545455
vt 0.951705 0.500000
vt 0.948864 0.545455
vt 0.948864 0.500000
vt 0.946023 0.545455
vt 0.946023 0.500000
vt 0.943182 0.545455
vt 0.943182 0.500000
vt 0.968750 0.590909
vt 0.965909 0.590909
vt 0.963068 0.590909
vt 0.960227 0.590909
vt 0.957386 0.590909
vt 0.954545 0.590909
vt 0.951705 0.590909
vt 0.948864 0.590909
vt 0.946023 0.590909
vt 0.943182 0.590909
vt 0.968750 0.636364
vt 0.965909 0.636364
vt 0.963068 0.636364
vt 0.960227 0.636364
vt 0.957386 0.636364
vt 0.954545 0.636364
vt 0.951705 0.636364
vt 0.948864 0.636364
vt 0.946023 0.636364
vt 0.943182 0.636364
vt 0.968750 0.681818
vt 0.965909 0.681818
vt 0.963068 0.681818
vt 0.960227 0.681818
vt 0.957386 0.681818
vt 0.954545 0.681818
vt 0.951705 0.681818
vt 0.948864 0.681818
vt 0.946023 0.681818
vt 0.943182 0.681818
vt 0.968750 0.727273
vt 0.965909 0.727273
vt 0.963068 0.727273
vt 0.960227 0.727273
vt 0.957386 0.727273
vt 0.954545 0.727273
vt 0.951705 0.727273
vt 0.948864 0.727273
vt 0.946023 0.727273
vt 0.943182 0.727273
vt 0.968750 0.772727
vt 0.965909 0.772727
vt 0.963068 0.772727
vt 0.960227 0.772727
vt 0.957386 0.772727
vt 0.954545 0.772727
vt 0.951705 0.772727
vt 0.948864 0.772727
vt 0.946023 0.772727
vt 0.943182 0.772727
vt 0.968750 0.818182
vt 0.965909 0.818182
vt 0.963068 0.818182
vt 0.960227 0.818182
vt 0.957386 0.818182
vt 0.954545 0.818182
vt 0.951705 0.818182
vt 0.948864 0.818182
vt 0.946023 0.818182
vt 0.943182 0.818182
vt 0.968750 0.863636
vt 0.965909 0.863636
vt 0.963068 0.863636
vt 0.960227 0.863636
vt 0.957386 0.863636
vt 0.954545 0.863636
vt 0.951705 0.863636
vt 0.948864 0.863636
vt 0.946023 0.863636
vt 0.943182 0.863636
vt 0.968750 0.909091
vt 0.965909 0.909091
vt 0.963068 0.909091
vt 0.960227 0.909091
vt 0.957386 0.909091
vt 0.954545 0.909091
vt 0.951705 0.909091
vt 0.948864 0.909091
vt 0.946023 0.909091
vt 0.943182 0.909091
vt 0.965909 0.954545
vt 0.963068 0.954545
vt 0.960227 0.954545
vt 0.957386 0.954545
vt 0.954545 0.954545
vt 0.951705 0.954545
vt 0.948864 0.954545
vt 0.946023 0.954545
vt 0.943182 0.954545
vt 0.965909 1.000000
vt 0.963068 1.000000
vt 0.960227 1.000000
vt 0.957386 1.000000
vt 0.954545 1.000000
vt 0.951705 1.000000
vt 0.948864 1.000000
vt 0.946023 1.000000
vt 0.943182 1.000000
vt 0.971591 0.500000
vt 0.971591 0.545455
vt 0.971591 0.590909
vt 0.971591 0.636364
vt 0.971591 0.681818
vt 0.971591 0.727273
vt 0.971591 0.772727
vt 0.971591 0.818182
vt 0.971591 0.863636
vt 0.971591 0.909091
vt 1.000000 0.500000
vt 1.000000 0.545455
vt 0.997159 0.545455
vt 0.997159 0.500000
vt 0.994318 0.545455
vt 0.994318 0.500000
vt 0.991477 0.545455
vt 0.991477 0.500000
vt 0.988636 0.545455
vt 0.988636 0.500000
vt 0.985795 0.545455
vt 0.985795 0.500000
vt 0.982955 0.545455
vt 0.982955 0.500000
vt 0.980114 0.545455
vt 0.980114 0.500000
vt 0.977273 0.545455
vt 0.977273 0.500000
vt 0.974432 0.545455
vt 0.974432 0.500000
vt 1.000000 0.590909
vt 0.997159 0.590909
vt 0.994318 0.590909
vt 0.991477 0.590909
vt 0.988636 0.590909
vt 0.985795 0.590909
vt 0.982955 0.590909
vt 0.980114 0.590909
vt 0.977273 0.590909
vt 0.974432 0.590909
vt 1.000000 0.636364
vt 0.997159 0.636364
vt 0.994318 0.636364
vt 0.991477 0.636364
vt 0.988636 0.636364
vt 0.985795 0.636364
vt 0.982955 0.636364
vt 0.980114 0.636364
vt 0.977273 0.636364
vt 0.974432 0.636364
vt 1.000000 0.681818
vt 0.997159 0.681818
vt 0.994318 0.681818
vt 0.991477 0.681818
vt 0.988636 0.681818
vt 0.985795 0.681818
vt 0.982955 0.681818
vt 0.980114 0.681818
vt 0.977273 0.681818
vt 0.974432 0.681818
vt 1.000000 0.727273
vt 0.997159 0.727273
vt 0.994318 0.727273
vt 0.991477 0.727273
vt 0.988636 0.727273
vt 0.985795 0.727273
vt 0.982955 0.727273
vt 0.980114 0.727273
vt 0.977273 0.727273
vt 0.974432 0.727273
vt 1.000000 0.772727
vt 0.997159 0.772727
vt 0.994318 0.772727
vt 0.991477 0.772727
vt 0.988636 0.772727
vt 0.985795 0.772727
vt 0.982955 0.772727
vt 0.980114 0.772727
vt 0.977273 0.772727
vt 0.974432 0.772727
vt 1.000000 0.818182
vt 0.997159 0.818182
vt 0.994318 0.818182
vt 0.991477 0.818182
vt 0.988636 0.818182
vt 0.985795 0.818182
vt 0.982955 0.818182
vt 0.980114 0.818182
vt 0.977273 0.818182
vt 0.974432 0.818182
vt 1.000000 0.863636
vt 0.997159 0.863636
vt 0.994318 0.863636
vt 0.991477 0.863636
vt 0.988636 0.863636
vt 0.985795 0.863636
vt 0.982955 0.863636
vt 0.980114 0.863636
vt 0.977273 0.863636
vt 0.974432 0.863636
vt 1.000000 0.909091
vt 0.997159 0.909091
vt 0.994318 0.909091
vt 0.991477 0.909091
vt 0.988636 0.909091
vt 0.985795 0.909091
vt 0.982955 0.909091
vt 0.980114 0.909091
vt 0.977273 0.909091
vt 0.974432 0.909091
vt 1.000000 0.954545
vt 0.997159 0.954545
vt 0.994318 0.954545
vt 0.991477 0.954545
vt 0.988636 0.954545
vt 0.985795 0.954545
vt 0.982955 0.954545
vt 0.980114 0.954545
vt 0.977273 0.954545
vt 0.974432 0.954545
vt 1.000000 1.000000
vt 0.997159 1.000000
vt 0.994318 1.000000
vt 0.991477 1.000000
vt 0.988636 1.000000
vt 0.985795 1.000000
vt 0.982955 1.000000
vt 0.980114 1.000000
vt 0.977273 1.000000
vt 0.974432 1.000000
s 1
f 4224/1/1 94/2/2 4/3/3 104/4/4
f 4124/5/5 124/6/6 6/7/7 134/8/8
f 4024/9/9 154/10/10 8/11/11 164/12/12
f 3924/13/13 184/14/14 10/15/15 194/16/16
f 3824/17/17 214/18/18 12/19/19 224/20/20
f 3724/21/21 244/22/22 14/23/23 254/24/24
f 3624/25/25 274/26/26 16/27/27 284/28/28
f 3524/29/29 304/30/30 18/31/31 314/32/32
f 3424/33/33 334/34/34 20/35/35 344/36/36
f 3324/37/37 364/38/38 22/39/39 374/40/40
f 3224/41/41 394/42/42 24/43/43 404/44/44
f 3124/45/45 424/46/46 26/47/47 434/48/48
f 3024/49/49 454/50/50 28/51/51 464/52/52
f 2924/53/53 484/54/54 30/55/55 494/56/56
f 2824/57/57 514/58/58 32/59/59 524/60/60
f 2724/61/61 544/62/62 34/63/63 554/64/64
f 2624/65/65 574/66/66 36/67/67 584/68/68
f 2524/69/69 604/70/70 38/71/71 614/72/72
f 2424/73/73 634/74/74 40/75/75 644/76/76
f 2324/77/77 664/78/78 42/79/79 674/80/80
f 2224/81/81 694/82/82 44/83/83 704/84/84
f 2124/85/85 724/86/86 46/87/87 734/88/88
f 2024/89/89 754/90/90 48/91/91 764/92/92
f 1924/93/93 784/94/94 50/95/95 794/96/96
f 1824/97/97 814/98/98 52/99/99 824/100/100
f 1724/101/101 844/102/102 54/103/103 854/104/104
f 1624/105/105 874/106/106 56/107/107 884/108/108
f 1524/109/109 904/110/110 58/111/111 914/112/112
f 1424/113/113 934/114/114 60/115/115 944/116/116
f 1324/117/117 964/118/118 62/119/119 974/120/120
f 4/121/121 94/122/121 93/123/121 92/124/121 91/125/121 90/126/121 89/127/121 88/128/121 87/129/121 86/130/121 85/131/121 2/132/121 975/133/121 976/134/121 977/135/121 978/136/121 979/137/121 980/138/121 981/139/121 982/140/121 983/141/121 984/142/121 64/143/121 994/144/121 993/145/121 992/146/121 991/147/121 990/148/121 989/149/121 988/150/121 987/151/121 986/152/121 985/153/121 62/154/121 964/155/121 963/156/121 962/157/121 961/158/121 960/159/121 959/160/121 958/161/121 957/162/121 956/163/121 955/164/121 60/165/121 934/166/121 933/167/121 932/168/121 931/169/121 930/170/121 929/171/121 928/172/121 927/173/121 926/174/121 925/175/121 58/176/121 904/177/121 903/178/121 902/179/121 901/180/121 900/181/121 899/182/121 898/183/121 897/184/121 896/185/121 895/186/121 56/187/121 874/188/121 873/189/121 872/190/121 871/191/121 870/192/121 869/193/121 868/194/121 867/195/121 866/196/121 865/197/121 54/198/121 844/199/121 843/200/121 842/201/121 841/202/121 840/203/121 839/204/121 838/205/121 837/206/121 836/207/121 835/208/121 52/209/121 814/210/121 813/211/121 812/212/121 811/213/121 810/214/121 809/215/121 808/216/121 807/217/121 806/218/121 805/219/121 50/220/121 784/221/121 783/222/121 782/223/121 781/224/121 780/225/121 779/226/121 778/227/121 777/228/121 776/229/121 775/230/121 48/231/121 754/232/121 753/233/121 752/234/121 751/235/121 750/236/121 749/237/121 748/238/121 747/239/121 746/240/121 745/241/121 46/242/121 724/243/121 723/244/121 722/245/121 721/246/121 720/247/121 719/248/121 718/249/121 717/250/121 716/251/121 715/252/121 44/253/121 694/254/121 693/255/121 692/256/121 691/257/121 690/258/121 689/259/121 688/260/121 687/261/121 686/262/121 685/263/121 42/264/121 664/265/121 663/266/121 662/267/121 661/268/121 660/269/121 659/270/121 658/271/121 657/272/121 656/273/121 655/274/121 40/275/121 634/276/121 633/277/121 632/278/121 631/279/121 630/280/121 629/281/121 628/282/121 627/283/121 626/284/121 625/285/121 38/286/121 604/287/121 603/288/121 602/289/121 601/290/121 600/291/121 599/292/121 598/293/121 597/294/121 596/295/121 595/296/121 36/297/121 574/298/121 573/299/121 572/300/121 571/301/121 570/302/121 569/303/121 568/304/121 567/305/121 566/306/121 565/307/121 34/308/121 544/309/121 543/310/121 542/311/121 541/312/121 540/313/121 539/314/121 538/315/121 537/316/121 536/317/121 535/318/121 32/319/121 514/320/121 513/321/121 512/322/121 511/323/121 510/324/121 509/325/121 508/326/121 507/327/121 506/328/121 505/329/121 30/330/121 484/331/121 483/332/121 482/333/121 481/334/121 480/335/121 479/336/121 478/337/121 477/338/121 476/339/121 475/340/121 28/341/121 454/342/121 453/343/121 452/344/121 451/345/121 450/346/121 449/347/121 448/348/121 447/349/121 446/350/121 445/351/121 26/352/121 424/353/121 423/354/121 422/355/121 421/356/121 420/357/121 419/358/121 418/359/121 417/360/121 416/361/121 415/362/121 24/363/121 394/364/121 393/365/121 392/366/121 391/367/121 390/368/121 389/369/121 388/370/121 387/371/121 386/372/121 385/373/121 22/374/121 364/375/121 363/376/121 362/377/121 361/378/121 360/379/121 359/380/121 358/381/121 357/382/121 356/383/121 355/384/121 20/385/121 334/386/121 333/387/121 332/388/121 331/389/121 330/390/121 329/391/121 328/392/121 327/393/121 326/394/121 325/395/121 18/396/121 304/397/121 303/398/121 302/399/121 301/400/121 300/401/121 299/402/121 298/403/121 297/404/121 296/405/121 295/406/121 16/407/121 274/408/121 273/409/121 272/410/121 271/411/121 270/412/121 269/413/121 268/414/121 267/415/121 266/416/121 265/417/121 14/418/121 244/419/121 243/420/121 242/421/121 241/422/121 240/423/121 239/424/121 238/425/121 237/426/121 236/427/121 235/428/121 12/429/121 214/430/121 213/431/121 212/432/121 211/433/121 210/434/121 209/435/121 208/436/121 207/437/121 206/438/121 205/439/121 10/440/121 184/441/121 183/442/121 182/443/121 181/444/121 180/445/121 179/446/121 178/447/121 177/448/121 176/449/121 175/450/121 8/451/121 154/452/121 153/453/121 152/454/121 151/455/121 150/456/121 149/457/121 148/458/121 147/459/121 146/460/121 145/461/121 6/462/121 124/463/121 123/464/121 122/465/121 121/466/121 120/467/121 119/468/121 118/469/121 117/470/121 116/471/121 115/472/121
f 1224/473/122 994/474/123 64/475/124 1014/476/125
f 1124/477/126 975/478/127 2/479/128 84/480/129
f 1/481/130 65/482/130 66/483/130 67/484/130 68/485/130 69/486/130 70/487/130 71/488/130 72/489/130 73/490/130 74/491/130 3/492/130 105/493/130 106/494/130 107/495/130 108/496/130 109/497/130 110/498/130 111/499/130 112/500/130 113/501/130 114/502/130 5/503/130 135/504/130 136/505/130 137/506/130 138/507/130 139/508/130 140/509/130 141/510/130 142/511/130 143/512/130 144/513/130 7/514/130 165/515/130 166/516/130 167/517/130 168/518/130 169/519/130 170/520/130 171/521/130 172/522/130 173/523/130 174/524/130 9/525/130 195/526/130 196/527/130 197/528/130 198/529/130 199/530/130 200/531/130 201/532/130 202/533/130 203/534/130 204/535/130 11/536/130 225/537/130 226/538/130 227/539/130 228/540/130 229/541/130 230/542/130 231/543/130 232/544/130 233/545/130 234/546/130 13/547/130 255/548/130 256/549/130 257/550/130 258/551/130 259/552/130 260/553/130 261/554/130 262/555/130 263/556/130 264/557/130 15/558/130 285/559/130 286/560/130 287/561/130 288/562/130 289/563/130 290/564/130 291/565/130 292/566/130 293/567/130 294/568/130 17/569/130 315/570/130 316/571/130 317/572/130 318/573/130 319/574/130 320/575/130 321/576/130 322/577/130 323/578/130 324/579/130 19/580/130 345/581/130 346/582/130 347/583/130 348/584/130 349/585/130 350/586/130 351/587/130 352/588/130 353/589/130 354/590/130 21/591/130 375/592/130 376/593/130 377/594/130 378/595/130 379/596/130 380/597/130 381/598/130 382/599/130 383/600/130 384/601/130 23/602/130 405/603/130 406/604/130 407/605/130 408/606/130 409/607/130 410/608/130 411/609/130 412/610/130 413/611/130 414/612/130 25/613/130 435/614/130 436/615/130 437/616/130 438/617/130 439/618/130 440/619/130 441/620/130 442/621/130 443/622/130 444/623/130 27/624/130 465/625/130 466/626/130 467/627/130 468/628/130 469/629/130 470/630/130 471/631/130 472/632/130 473/633/130 474/634/130 29/635/130 495/636/130 496/637/130 497/638/130 498/639/130 499/640/130 500/641/130 501/642/130 502/643/130 503/644/130 504/645/130 31/646/130 525/647/130 526/648/130 527/649/130 528/650/130 529/651/130 530/652/130 531/653/130 532/654/130 533/655/130 534/656/130 33/657/130 555/658/130 556/659/130 557/660/130 558/661/130 559/662/130 560/663/130 561/664/130 562/665/130 563/666/130 564/667/130 35/668/130 585/669/130 586/670/130 587/671/130 588/672/130 589/673/130 590/674/130 591/675/130 592/676/130 593/677/130 594/678/130 37/679/130 615/680/130 616/681/130 617/682/130 618/683/130 619/684/130 620/685/130 621/686/130 622/687/130 623/688/130 624/689/130 39/690/130 645/691/130 646/692/130 647/693/130 648/694/130 649/695/130 650/696/130 651/697/130 652/698/130 653/699/130 654/700/130 41/701/130 675/702/130 676/703/130 677/704/130 678/705/130 679/706/130 680/707/130 681/708/130 682/709/130 683/710/130 684/711/130 43/712/130 705/713/130 706/714/130 707/715/130 708/716/130 709/717/130 710/718/130 711/719/130 712/720/130 713/721/130 714/722/130 45/723/130 735/724/130 736/725/130 737/726/130 738/727/130 739/728/130 740/729/130 741/730/130 742/731/130 743/732/130 744/733/130 47/734/130 765/735/130 766/736/130 767/737/130 768/738/130 769/739/130 770/740/130 771/741/130 772/742/130 773/743/130 774/744/130 49/745/130 795/746/130 796/747/130 797/748/130 798/749/130 799/750/130 800/751/130 801/752/130 802/753/130 803/754/130 804/755/130 51/756/130 825/757/130 826/758/130 827/759/130 828/760/130 829/761/130 830/762/130 831/763/130 832/764/130 833/765/130 834/766/130 53/767/130 855/768/130 856/769/130 857/770/130 858/771/130 859/772/130 860/773/130 861/774/130 862/775/130 863/776/130 864/777/130 55/778/130 885/779/130 886/780/130 887/781/130 888/782/130 889/783/130 890/784/130 891/785/130 892/786/130 893/787/130 894/788/130 57/789/130 915/790/130 916/791/130 917/792/130 918/793/130 919/794/130 920/795/130 921/796/130 922/797/130 923/798/130 924/799/130 59/800/130 945/801/130 946/802/130 947/803/130 948/804/130 949/805/130 950/806/130 951/807/130 952/808/130 953/809/130 954/810/130 61/811/130 995/812/130 996/813/130 997/814/130 998/815/130 999/816/130 1000/817/130 1001/818/130 1002/819/130 1003/820/130 1004/821/130 63/822/130 1024/823/130 1023/824/130 1022/825/130 1021/826/130 1020/827/130 1019/828/130 1018/829/130 1017/830/130 1016/831/130 1015/832/130
f 1015/833/131 1034/834/132 75/835/133 1/836/134
f 1034/834/132 1044/837/135 76/838/136 75/835/133
f 1044/837/135 1054/839/137 77/840/138 76/838/136
f 1054/839/137 1064/841/139 78/842/140 77/840/138
f 1064/841/139 1074/843/141 79/844/142 78/842/140
f 1074/843/141 1084/845/143 80/846/144 79/844/142
f 1084/845/143 1094/847/145 81/848/146 80/846/144
f 1094/847/145 1104/849/147 82/850/148 81/848/146
f 1104/849/147 1114/851/149 83/852/150 82/850/148
f 1114/851/149 1124/477/126 84/480/129 83/852/150
f 63/853/151 1005/854/152 1025/855/153 1024/856/154
f 1024/856/154 1025/855/153 1026/857/155 1023/858/156
f 1023/858/156 1026/857/155 1027/859/157 1022/860/158
f 1022/860/158 1027/859/157 1028/861/159 1021/862/160
f 1021/862/160 1028/861/159 1029/863/161 1020/864/162
f 1020/864/162 1029/863/161 1030/865/163 1019/866/164
f 1019/866/164 1030/865/163 1031/867/165 1018/868/166
f 1018/868/166 1031/867/165 1032/869/167 1017/870/168
f 1017/870/168 1032/869/167 1033/871/169 1016/872/170
f 1016/872/170 1033/871/169 1034/834/132 1015/833/131
f 1005/854/152 1006/873/171 1035/874/172 1025/855/153
f 1025/855/153 1035/874/172 1036/875/173 1026/857/155
f 1026/857/155 1036/875/173 1037/876/174 1027/859/157
f 1027/859/157 1037/876/174 1038/877/175 1028/861/159
f 1028/861/159 1038/877/175 1039/878/176 1029/863/161
f 1029/863/161 1039/878/176 1040/879/177 1030/865/163
f 1030/865/163 1040/879/177 1041/880/178 1031/867/165
f 1031/867/165 1041/880/178 1042/881/179 1032/869/167
f 1032/869/167 1042/881/179 1043/882/180 1033/871/169
f 1033/871/169 1043/882/180 1044/837/135 1034/834/132
f 1006/873/171 1007/883/181 1045/884/182 1035/874/172
f 1035/874/172 1045/884/182 1046/885/183 1036/875/173
f 1036/875/173 1046/885/183 1047/886/184 1037/876/174
f 1037/876/174 1047/886/184 1048/887/185 1038/877/175
f 1038/877/175 1048/887/185 1049/888/186 1039/878/176
f 1039/878/176 1049/888/186 1050/889/187 1040/879/177
f 1040/879/177 1050/889/187 1051/890/188 1041/880/178
f 1041/880/178 1051/890/188 1052/891/189 1042/881/179
f 1042/881/179 1052/891/189 1053/892/190 1043/882/180
f 1043/882/180 1053/892/190 1054/839/137 1044/837/135
f 1007/883/181 1008/893/191 1055/894/192 1045/884/182
f 1045/884/182 1055/894/192 1056/895/193 1046/885/183
f 1046/885/183 1056/895/193 1057/896/194 1047/886/184
f 1047/886/184 1057/896/194 1058/897/195 1048/887/185
f 1048/887/185 1058/897/195 1059/898/196 1049/888/186
f 1049/888/186 1059/898/196 1060/899/197 1050/889/187
f 1050/889/187 1060/899/197 1061/900/198 1051/890/188
f 1051/890/188 1061/900/198 1062/901/199 1052/891/189
f 1052/891/189 1062/901/199 1063/902/200 1053/892/190
f 1053/892/190 1063/902/200 1064/841/139 1054/839/137
f 1008/893/191 1009/903/201 1065/904/202 1055/894/192
f 1055/894/192 1065/904/202 1066/905/203 1056/895/193
f 1056/895/193 1066/905/203 1067/906/204 1057/896/194
f 1057/896/194 1067/906/204 1068/907/205 1058/897/195
f 1058/897/195 1068/907/205 1069/908/206 1059/898/196
f 1059/898/196 1069/908/206 1070/909/207 1060/899/197
f 1060/899/197 1070/909/207 1071/910/208 1061/900/198
f 1061/900/198 1071/910/208 1072/911/209 1062/901/199
f 1062/901/199 1072/911/209 1073/912/210 1063/902/200
f 1063/902/200 1073/912/210 1074/843/141 1064/841/139
f 1009/903/201 1010/913/211 1075/914/212 1065/904/202
f 1065/904/202 1075/914/212 1076/915/213 1066/905/203
f 1066/905/203 1076/915/213 1077/916/214 1067/906/204
f 1067/906/204 1077/916/214 1078/917/215 1068/907/205
f 1068/907/205 1078/917/215 1079/918/216 1069/908/206
f 1069/908/206 1079/918/216 1080/919/217 1070/909/207
f 1070/909/207 1080/919/217 1081/920/218 1071/910/208
f 1071/910/208 1081/920/218 1082/921/219 1072/911/209
f 1072/911/209 1082/921/219 1083/922/220 1073/912/210
f 1073/912/210 1083/922/220 1084/845/143 1074/843/141
f 1010/913/211 1011/923/221 1085/924/222 1075/914/212
f 1075/914/212 1085/924/222 1086/925/223 1076/915/213
f 1076/915/213 1086/925/223 1087/926/224 1077/916/214
f 1077/916/214 1087/926/224 1088/927/225 1078/917/215
f 1078/917/215 1088/927/225 1089/928/226 1079/918/216
f 1079/918/216 1089/928/226 1090/929/227 1080/919/217
f 1080/919/217 1090/929/227 1091/930/228 1081/920/218
f 1081/920/218 1091/930/228 1092/931/229 1082/921/219
f 1082/921/219 1092/931/229 1093/932/230 1083/922/220
f 1083/922/220 1093/932/230 1094/847/145 1084/845/143
f 1011/923/221 1012/933/231 1095/934/232 1085/924/222
f 1085/924/222 1095/934/232 1096/935/233 1086/925/223
f 1086/925/223 1096/935/233 1097/936/234 1087/926/224
f 1087/926/224 1097/936/234 1098/937/235 1088/927/225
f 1088/927/225 1098/937/235 1099/938/236 1089/928/226
f 1089/928/226 1099/938/236 1100/939/237 1090/929/227
f 1090/929/227 1100/939/237 1101/940/238 1091/930/228
f 1091/930/228 1101/940/238 1102/941/239 1092/931/229
f 1092/931/229 1102/941/239 1103/942/240 1093/932/230
f 1093/932/230 1103/942/240 1104/849/147 1094/847/145
f 1012/933/231 1013/943/241 1105/944/242 1095/934/232
f 1095/934/232 1105/944/242 1106/945/243 1096/935/233
f 1096/935/233 1106/945/243 1107/946/244 1097/936/234
f 1097/936/234 1107/946/244 1108/947/245 1098/937/235
f 1098/937/235 1108/947/245 1109/948/246 1099/938/236
f 1099/938/236 1109/948/246 1110/949/247 1100/939/237
f 1100/939/237 1110/949/247 1111/950/248 1101/940/238
f 1101/940/238 1111/950/248 1112/951/249 1102/941/239
f 1102/941/239 1112/951/249 1113/952/250 1103/942/240
f 1103/942/240 1113/952/250 1114/851/149 1104/849/147
f 1013/943/241 1014/476/251 1115/953/252 1105/944/242
f 1105/944/242 1115/953/252 1116/954/253 1106/945/243
f 1106/945/243 1116/954/253 1117/955/254 1107/946/244
f 1107/946/244 1117/955/254 1118/956/255 1108/947/245
f 1108/947/245 1118/956/255 1119/957/256 1109/948/246
f 1109/948/246 1119/957/256 1120/958/257 1110/949/247
f 1110/949/247 1120/958/257 1121/959/258 1111/950/248
f 1111/950/248 1121/959/258 1122/960/259 1112/951/249
f 1112/951/249 1122/960/259 1123/961/260 1113/952/250
f 1113/952/250 1123/961/260 1124/477/126 1114/851/149
f 1014/476/251 64/475/261 984/962/262 1115/953/252
f 1115/953/252 984/962/262 983/963/263 1116/954/253
f 1116/954/253 983/963/263 982/964/264 1117/955/254
f 1117/955/254 982/964/264 981/965/265 1118/956/255
f 1118/956/255 981/965/265 980/966/266 1119/957/256
f 1119/957/256 980/966/266 979/967/267 1120/958/257
f 1120/958/257 979/967/267 978/968/268 1121/959/258
f 1121/959/258 978/968/268 977/969/269 1122/960/259
f 1122/960/259 977/969/269 976/970/270 1123/961/260
f 1123/961/260 976/970/270 975/478/127 1124/477/126
f 1004/971/271 1134/972/272 1005/854/273 63/853/274
f 1134/972/272 1144/973/275 1006/873/276 1005/854/273
f 1144/973/275 1154/974/277 1007/883/278 1006/873/276
f 1154/974/277 1164/975/279 1008/893/280 1007/883/278
f 1164/975/279 1174/976/281 1009/903/282 1008/893/280
f 1174/976/281 1184/977/283 1010/913/284 1009/903/282
f 1184/977/283 1194/978/285 1011/923/286 1010/913/284
f 1194/978/285 1204/979/287 1012/933/288 1011/923/286
f 1204/979/287 1214/980/289 1013/943/290 1012/933/288
f 1214/980/289 1224/473/122 1014/476/125 1013/943/290
f 61/981/291 965/982/292 1125/983/293 995/984/294
f 995/984/294 1125/983/293 1126/985/295 996/986/296
f 996/986/296 1126/985/295 1127/987/297 997/988/298
f 997/988/298 1127/987/297 1128/989/299 998/990/300
f 998/990/300 1128/989/299 1129/991/301 999/992/302
f 999/992/302 1129/991/301 1130/993/303 1000/994/304
f 1000/994/304 1130/993/303 1131/995/305 1001/996/306
f 1001/996/306 1131/995/305 1132/997/307 1002/998/308
f 1002/998/308 1132/997/307 1133/999/309 1003/1000/310
f 1003/1000/310 1133/999/309 1134/972/272 1004/971/271
f 965/982/292 966/1001/311 1135/1002/312 1125/983/293
f 1125/983/293 1135/1002/312 1136/1003/313 1126/985/295
f 1126/985/295 1136/1003/313 1137/1004/314 1127/987/297
f 1127/987/297 1137/1004/314 1138/1005/315 1128/989/299
f 1128/989/299 1138/1005/315 1139/1006/316 1129/991/301
f 1129/991/301 1139/1006/316 1140/1007/317 1130/993/303
f 1130/993/303 1140/1007/317 1141/1008/318 1131/995/305
f 1131/995/305 1141/1008/318 1142/1009/319 1132/997/307
f 1132/997/307 1142/1009/319 1143/1010/320 1133/999/309
f 1133/999/309 1143/1010/320 1144/973/275 1134/972/272
f 966/1001/311 967/1011/321 1145/1012/322 1135/1002/312
f 1135/1002/312 1145/1012/322 1146/1013/323 1136/1003/313
f 1136/1003/313 1146/1013/323 1147/1014/324 1137/1004/314
f 1137/1004/314 1147/1014/324 1148/1015/325 1138/1005/315
f 1138/1005/315 1148/1015/325 1149/1016/326 1139/1006/316
f 1139/1006/316 1149/1016/326 1150/1017/327 1140/1007/317
f 1140/1007/317 1150/1017/327 1151/1018/328 1141/1008/318
f 1141/1008/318 1151/1018/328 1152/1019/329 1142/1009/319
f 1142/1009/319 1152/1019/329 1153/1020/330 1143/1010/320
f 1143/1010/320 1153/1020/330 1154/974/277 1144/973/275
f 967/1011/321 968/1021/331 1155/1022/332 1145/1012/322
f 1145/1012/322 1155/1022/332 1156/1023/333 1146/1013/323
f 1146/1013/323 1156/1023/333 1157/1024/334 1147/1014/324
f 1147/1014/324 1157/1024/334 1158/1025/335 1148/1015/325
f 1148/1015/325 1158/1025/335 1159/1026/336 1149/1016/326
f 1149/1016/326 1159/1026/336 1160/1027/337 1150/1017/327
f 1150/1017/327 1160/1027/337 1161/1028/338 1151/1018/328
f 1151/1018/328 1161/1028/338 1162/1029/339 1152/1019/329
f 1152/1019/329 1162/1029/339 1163/1030/340 1153/1020/330
f 1153/1020/330 1163/1030/340 1164/975/279 1154/974/277
f 968/1021/331 969/1031/341 1165/1032/342 1155/1022/332
f 1155/1022/332 1165/1032/342 1166/1033/343 1156/1023/333
f 1156/1023/333 1166/1033/343 1167/1034/344 1157/1024/334
f 1157/1024/334 1167/1034/344 1168/1035/345 1158/1025/335
f 1158/1025/335 1168/1035/345 1169/1036/346 1159/1026/336
f 1159/1026/336 1169/1036/346 1170/1037/347 1160/1027/337
f 1160/1027/337 1170/1037/347 1171/1038/348 1161/1028/338
f 1161/1028/338 1171/1038/348 1172/1039/349 1162/1029/339
f 1162/1029/339 1172/1039/349 1173/1040/350 1163/1030/340
f 1163/1030/340 1173/1040/350 1174/976/281 1164/975/279
f 969/1031/341 970/1041/351 1175/1042/352 1165/1032/342
f 1165/1032/342 1175/1042/352 1176/1043/353 1166/1033/343
f 1166/1033/343 1176/1043/353 1177/1044/354 1167/1034/344
f 1167/1034/344 1177/1044/354 1178/1045/355 1168/1035/345
f 1168/1035/345 1178/1045/355 1179/1046/356 1169/1036/346
f 1169/1036/346 1179/1046/356 1180/1047/357 1170/1037/347
f 1170/1037/347 1180/1047/357 1181/1048/358 1171/1038/348
f 1171/1038/348 1181/1048/358 1182/1049/359 1172/1039/349
f 1172/1039/349 1182/1049/359 1183/1050/360 1173/1040/350
f 1173/1040/350 1183/1050/360 1184/977/283 1174/976/281
f 970/1041/351 971/1051/361 1185/1052/362 1175/1042/352
f 1175/1042/352 1185/1052/362 1186/1053/363 1176/1043/353
f 1176/1043/353 1186/1053/363 1187/1054/364 1177/1044/354
f 1177/1044/354 1187/1054/364 1188/1055/365 1178/1045/355
f 1178/1045/355 1188/1055/365 1189/1056/366 1179/1046/356
f 1179/1046/356 1189/1056/366 1190/1057/367 1180/1047/357
f 1180/1047/357 1190/1057/367 1191/1058/368 1181/1048/358
f 1181/1048/358 1191/1058/368 1192/1059/369 1182/1049/359
f 1182/1049/359 1192/1059/369 1193/1060/370 1183/1050/360
f 1183/1050/360 1193/1060/370 1194/978/285 1184/977/283
f 971/1051/361 972/1061/371 1195/1062/372 1185/1052/362
f 1185/1052/362 1195/1062/372 1196/1063/373 1186/1053/363
f 1186/1053/363 1196/1063/373 1197/1064/374 1187/1054/364
f 1187/1054/364 1197/1064/374 1198/1065/375 1188/1055/365
f 1188/1055/365 1198/1065/375 1199/1066/376 1189/1056/366
f 1189/1056/366 1199/1066/376 1200/1067/377 1190/1057/367
f 1190/1057/367 1200/1067/377 1201/1068/378 1191/1058/368
f 1191/1058/368 1201/1068/378 1202/1069/379 1192/1059/369
f 1192/1059/369 1202/1069/379 1203/1070/380 1193/1060/370
f 1193/1060/370 1203/1070/380 1204/979/287 1194/978/285
f 972/1061/371 973/1071/381 1205/1072/382 1195/1062/372
f 1195/1062/372 1205/1072/382 1206/1073/383 1196/1063/373
f 1196/1063/373 1206/1073/383 1207/1074/384 1197/1064/374
f 1197/1064/374 1207/1074/384 1208/1075/385 1198/1065/375
f 1198/1065/375 1208/1075/385 1209/1076/386 1199/1066/376
f 1199/1066/376 1209/1076/386 1210/1077/387 1200/1067/377
f 1200/1067/377 1210/1077/387 1211/1078/388 1201/1068/378
f 1201/1068/378 1211/1078/388 1212/1079/389 1202/1069/379
f 1202/1069/379 1212/1079/389 1213/1080/390 1203/1070/380
f 1203/1070/380 1213/1080/390 1214/980/289 1204/979/287
f 973/1071/381 974/120/391 1215/1081/392 1205/1072/382
f 1205/1072/382 1215/1081/392 1216/1082/393 1206/1073/383
f 1206/1073/383 1216/1082/393 1217/1083/394 1207/1074/384
f 1207/1074/384 1217/1083/394 1218/1084/395 1208/1075/385
f 1208/1075/385 1218/1084/395 1219/1085/396 1209/1076/386
f 1209/1076/386 1219/1085/396 1220/1086/397 1210/1077/387
f 1210/1077/387 1220/1086/397 1221/1087/398 1211/1078/388
f 1211/1078/388 1221/1087/398 1222/1088/399 1212/1079/389
f 1212/1079/389 1222/1088/399 1223/1089/400 1213/1080/390
f 1213/1080/390 1223/1089/400 1224/473/122 1214/980/289
f 974/120/391 62/119/401 985/1090/402 1215/1081/392
f 1215/1081/392 985/1090/402 986/1091/403 1216/1082/393
f 1216/1082/393 986/1091/403 987/1092/404 1217/1083/394
f 1217/1083/394 987/1092/404 988/1093/405 1218/1084/395
f 1218/1084/395 988/1093/405 989/1094/406 1219/1085/396
f 1219/1085/396 989/1094/406 990/1095/407 1220/1086/397
f 1220/1086/397 990/1095/407 991/1096/408 1221/1087/398
f 1221/1087/398 991/1096/408 992/1097/409 1222/1088/399
f 1222/1088/399 992/1097/409 993/1098/410 1223/1089/400
f 1223/1089/400 993/1098/410 994/474/123 1224/473/122
f 954/1099/411 1234/1100/412 965/982/413 61/981/414
f 1234/1100/412 1244/1101/415 966/1001/416 965/982/413
f 1244/1101/415 1254/1102/417 967/1011/418 966/1001/416
f 1254/1102/417 1264/1103/419 968/1021/420 967/1011/418
f 1264/1103/419 1274/1104/421 969/1031/422 968/1021/420
f 1274/1104/421 1284/1105/423 970/1041/424 969/1031/422
f 1284/1105/423 1294/1106/425 971/1051/426 970/1041/424
f 1294/1106/425 1304/1107/427 972/1061/428 971/1051/426
f 1304/1107/427 1314/1108/429 973/1071/430 972/1061/428
f 1314/1108/429 1324/117/117 974/120/120 973/1071/430
f 59/1109/431 935/1110/432 1225/1111/433 945/1112/434
f 945/1112/434 1225/1111/433 1226/1113/435 946/1114/436
f 946/1114/436 1226/1113/435 1227/1115/437 947/1116/438
f 947/1116/438 1227/1115/437 1228/1117/439 948/1118/440
f 948/1118/440 1228/1117/439 1229/1119/441 949/1120/442
f 949/1120/442 1229/1119/441 1230/1121/443 950/1122/444
f 950/1122/444 1230/1121/443 1231/1123/445 951/1124/446
f 951/1124/446 1231/1123/445 1232/1125/447 952/1126/448
f 952/1126/448 1232/1125/447 1233/1127/449 953/1128/450
f 953/1128/450 1233/1127/449 1234/1100/412 954/1099/411
f 935/1110/432 936/1129/451 1235/1130/452 1225/1111/433
f 1225/1111/433 1235/1130/452 1236/1131/453 1226/1113/435
f 1226/1113/435 1236/1131/453 1237/1132/454 1227/1115/437
f 1227/1115/437 1237/1132/454 1238/1133/455 1228/1117/439
f 1228/1117/439 1238/1133/455 1239/1134/456 1229/1119/441
f 1229/1119/441 1239/1134/456 1240/1135/457 1230/1121/443
f 1230/1121/443 1240/1135/457 1241/1136/458 1231/1123/445
f 1231/1123/445 1241/1136/458 1242/1137/459 1232/1125/447
f 1232/1125/447 1242/1137/459 1243/1138/460 1233/1127/449
f 1233/1127/449 1243/1138/460 1244/1101/415 1234/1100/412
f 936/1129/451 937/1139/461 1245/1140/462 1235/1130/452
f 1235/1130/452 1245/1140/462 1246/1141/463 1236/1131/453
f 1236/1131/453 1246/1141/463 1247/1142/464 1237/1132/454
f 1237/1132/454 1247/1142/464 1248/1143/465 1238/1133/455
f 1238/1133/455 1248/1143/465 1249/1144/466 1239/1134/456
f 1239/1134/456 1249/1144/466 1250/1145/467 1240/1135/457
f 1240/1135/457 1250/1145/467 1251/1146/468 1241/1136/458
f 1241/1136/458 1251/1146/468 1252/1147/469 1242/1137/459
f 1242/1137/459 1252/1147/469 1253/1148/470 1243/1138/460
f 1243/1138/460 1253/1148/470 1254/1102/417 1244/1101/415
f 937/1139/461 938/1149/471 1255/1150/472 1245/1140/462
f 1245/1140/462 1255/1150/472 1256/1151/473 1246/1141/463
f 1246/1141/463 1256/1151/473 1257/1152/474 1247/1142/464
f 1247/1142/464 1257/1152/474 1258/1153/475 1248/1143/465
f 1248/1143/465 1258/1153/475 1259/1154/476 1249/1144/466
f 1249/1144/466 1259/1154/476 1260/1155/477 1250/1145/467
f 1250/1145/467 1260/1155/477 1261/1156/478 1251/1146/468
f 1251/1146/468 1261/1156/478 1262/1157/479 1252/1147/469
f 1252/1147/469 1262/1157/479 1263/1158/480 1253/1148/470
f 1253/1148/470 1263/1158/480 1264/1103/419 1254/1102/417
f 938/1149/471 939/1159/481 1265/1160/482 1255/1150/472
f 1255/1150/472 1265/1160/482 1266/1161/483 1256/1151/473
f 1256/1151/473 1266/1161/483 1267/1162/484 1257/1152/474
f 1257/1152/474 1267/1162/484 1268/1163/485 1258/1153/475
f 1258/1153/475 1268/1163/485 1269/1164/486 1259/1154/476
f 1259/1154/476 1269/1164/486 1270/1165/487 1260/1155/477
f 1260/1155/477 1270/1165/487 1271/1166/488 1261/1156/478
f 1261/1156/478 1271/1166/488 1272/1167/489 1262/1157/479
f 1262/1157/479 1272/1167/489 1273/1168/490 1263/1158/480
f 1263/1158/480 1273/1168/490 1274/1104/421 1264/1103/419
f 939/1159/481 940/1169/491 1275/1170/492 1265/1160/482
f 1265/1160/482 1275/1170/492 1276/1171/493 1266/1161/483
f 1266/1161/483 1276/1171/493 1277/1172/494 1267/1162/484
f 1267/1162/484 1277/1172/494 1278/1173/495 1268/1163/485
f 1268/1163/485 1278/1173/495 1279/1174/496 1269/1164/486
f 1269/1164/486 1279/1174/496 1280/1175/497 1270/1165/487
f 1270/1165/487 1280/1175/497 1281/1176/498 1271/1166/488
f 1271/1166/488 1281/1176/498 1282/1177/499 1272/1167/489
f 1272/1167/489 1282/1177/499 1283/1178/500 1273/1168/490
f 1273/1168/490 1283/1178/500 1284/1105/423 1274/1104/421
f 940/1169/491 941/1179/501 1285/1180/502 1275/1170/492
f 1275/1170/492 1285/1180/502 1286/1181/503 1276/1171/493
f 1276/1171/493 1286/1181/503 1287/1182/504 1277/1172/494
f 1277/1172/494 1287/1182/504 1288/1183/505 1278/1173/495
f 1278/1173/495 1288/1183/505 1289/1184/506 1279/1174/496
f 1279/1174/496 1289/1184/506 1290/1185/507 1280/1175/497
f 1280/1175/497 1290/1185/507 1291/1186/508 1281/1176/498
f 1281/1176/498 1291/1186/508 1292/1187/509 1282/1177/499
f 1282/1177/499 1292/1187/509 1293/1188/510 1283/1178/500
f 1283/1178/500 1293/1188/510 1294/1106/425 1284/1105/423
f 941/1179/501 942/1189/511 1295/1190/512 1285/1180/502
f 1285/1180/502 1295/1190/512 1296/1191/513 1286/1181/503
f 1286/1181/503 1296/1191/513 1297/1192/514 1287/1182/504
f 1287/1182/504 1297/1192/514 1298/1193/515 1288/1183/505
f 1288/1183/505 1298/1193/515 1299/1194/516 1289/1184/506
f 1289/1184/506 1299/1194/516 1300/1195/517 1290/1185/507
f 1290/1185/507 1300/1195/517 1301/1196/518 1291/1186/508
f 1291/1186/508 1301/1196/518 1302/1197/519 1292/1187/509
f 1292/1187/509 1302/1197/519 1303/1198/520 1293/1188/510
f 1293/1188/510 1303/1198/520 1304/1107/427 1294/1106/425
f 942/1189/511 943/1199/521 1305/1200/522 1295/1190/512
f 1295/1190/512 1305/1200/522 1306/1201/523 1296/1191/513
f 1296/1191/513 1306/1201/523 1307/1202/524 1297/1192/514
f 1297/1192/514 1307/1202/524 1308/1203/525 1298/1193/515
f 1298/1193/515 1308/1203/525 1309/1204/526 1299/1194/516
f 1299/1194/516 1309/1204/526 1310/1205/527 1300/1195/517
f 1300/1195/517 1310/1205/527 1311/1206/528 1301/1196/518
f 1301/1196/518 1311/1206/528 1312/1207/529 1302/1197/519
f 1302/1197/519 1312/1207/529 1313/1208/530 1303/1198/520
f 1303/1198/520 1313/1208/530 1314/1108/429 1304/1107/427
f 943/1199/521 944/116/531 1315/1209/532 1305/1200/522
f 1305/1200/522 1315/1209/532 1316/1210/533 1306/1201/523
f 1306/1201/523 1316/1210/533 1317/1211/534 1307/1202/524
f 1307/1202/524 1317/1211/534 1318/1212/535 1308/1203/525
f 1308/1203/525 1318/1212/535 1319/1213/536 1309/1204/526
f 1309/1204/526 1319/1213/536 1320/1214/537 1310/1205/527
f 1310/1205/527 1320/1214/537 1321/1215/538 1311/1206/528
f 1311/1206/528 1321/1215/538 1322/1216/539 1312/1207/529
f 1312/1207/529 1322/1216/539 1323/1217/540 1313/1208/530
f 1313/1208/530 1323/1217/540 1324/117/117 1314/1108/429
f 944/116/531 60/115/541 955/1218/542 1315/1209/532
f 1315/1209/532 955/1218/542 956/1219/543 1316/1210/533
f 1316/1210/533 956/1219/543 957/1220/544 1317/1211/534
f 1317/1211/534 957/1220/544 958/1221/545 1318/1212/535
f 1318/1212/535 958/1221/545 959/1222/546 1319/1213/536
f 1319/1213/536 959/1222/546 960/1223/547 1320/1214/537
f 1320/1214/537 960/1223/547 961/1224/548 1321/1215/538
f 1321/1215/538 961/1224/548 962/1225/549 1322/1216/539
f 1322/1216/539 962/1225/549 963/1226/550 1323/1217/540
f 1323/1217/540 963/1226/550 964/118/118 1324/117/117
f 924/1227/551 1334/1228/552 935/1110/553 59/1109/554
f 1334/1228/552 1344/1229/555 936/1129/556 935/1110/553
f 1344/1229/555 1354/1230/557 937/1139/558 936/1129/556
f 1354/1230/557 1364/1231/559 938/1149/560 937/1139/558
f 1364/1231/559 1374/1232/561 939/1159/562 938/1149/560
f 1374/1232/561 1384/1233/563 940/1169/564 939/1159/562
f 1384/1233/563 1394/1234/565 941/1179/566 940/1169/564
f 1394/1234/565 1404/1235/567 942/1189/568 941/1179/566
f 1404/1235/567 1414/1236/569 943/1199/570 942/1189/568
f 1414/1236/569 1424/113/113 944/116/116 943/1199/570
f 57/1237/571 905/1238/572 1325/1239/573 915/1240/574
f 915/1240/574 1325/1239/573 1326/1241/575 916/1242/576
f 916/1242/576 1326/1241/575 1327/1243/577 917/1244/578
f 917/1244/578 1327/1243/577 1328/1245/579 918/1246/580
f 918/1246/580 1328/1245/579 1329/1247/581 919/1248/582
f 919/1248/582 1329/1247/581 1330/1249/583 920/1250/584
f 920/1250/584 1330/1249/583 1331/1251/585 921/1252/586
f 921/1252/586 1331/1251/585 1332/1253/587 922/1254/588
f 922/1254/588 1332/1253/587 1333/1255/589 923/1256/590
f 923/1256/590 1333/1255/589 1334/1228/552 924/1227/551
f 905/1238/572 906/1257/591 1335/1258/592 1325/1239/573
f 1325/1239/573 1335/1258/592 1336/1259/593 1326/1241/575
f 1326/1241/575 1336/1259/593 1337/1260/594 1327/1243/577
f 1327/1243/577 1337/1260/594 1338/1261/595 1328/1245/579
f 1328/1245/579 1338/1261/595 1339/1262/596 1329/1247/581
f 1329/1247/581 1339/1262/596 1340/1263/597 1330/1249/583
f 1330/1249/583 1340/1263/597 1341/1264/598 1331/1251/585
f 1331/1251/585 1341/1264/598 1342/1265/599 1332/1253/587
f 1332/1253/587 1342/1265/599 1343/1266/600 1333/1255/589
f 1333/1255/589 1343/1266/600 1344/1229/555 1334/1228/552
f 906/1257/591 907/1267/601 1345/1268/602 1335/1258/592
f 1335/1258/592 1345/1268/602 1346/1269/603 1336/1259/593
f 1336/1259/593 1346/1269/603 1347/1270/604 1337/1260/594
f 1337/1260/594 1347/1270/604 1348/1271/605 1338/1261/595
f 1338/1261/595 1348/1271/605 1349/1272/606 1339/1262/596
f 1339/1262/596 1349/1272/606 1350/1273/607 1340/1263/597
f 1340/1263/597 1350/1273/607 1351/1274/608 1341/1264/598
f 1341/1264/598 1351/1274/608 1352/1275/609 1342/1265/599
f 1342/1265/599 1352/1275/609 1353/1276/610 1343/1266/600
f 1343/1266/600 1353/1276/610 1354/1230/557 1344/1229/555
f 907/1267/601 908/1277/611 1355/1278/612 1345/1268/602
f 1345/1268/602 1355/1278/612 1356/1279/613 1346/1269/603
f 1346/1269/603 1356/1279/613 1357/1280/614 1347/1270/604
f 1347/1270/604 1357/1280/614 1358/1281/615 1348/1271/605
f 1348/1271/605 1358/1281/615 1359/1282/616 1349/1272/606
f 1349/1272/606 1359/1282/616 1360/1283/617 1350/1273/607
f 1350/1273/607 1360/1283/617 1361/1284/618 1351/1274/608
f 1351/1274/608 1361/1284/618 1362/1285/619 1352/1275/609
f 1352/1275/609 1362/1285/619 1363/1286/620 1353/1276/610
f 1353/1276/610 1363/1286/620 1364/1231/559 1354/1230/557
f 908/1277/611 909/1287/621 1365/1288/622 1355/1278/612
f 1355/1278/612 1365/1288/622 1366/1289/623 1356/1279/613
f 1356/1279/613 1366/1289/623 1367/1290/624 1357/1280/614
f 1357/1280/614 1367/1290/624 1368/1291/625 1358/1281/615
f 1358/1281/615 1368/1291/625 1369/1292/626 1359/1282/616
f 1359/1282/616 1369/1292/626 1370/1293/627 1360/1283/617
f 1360/1283/617 1370/1293/627 1371/1294/628 1361/1284/618
f 1361/1284/618 1371/1294/628 1372/1295/629 1362/1285/619
f 1362/1285/619 1372/1295/629 1373/1296/630 1363/1286/620
f 1363/1286/620 1373/1296/630 1374/1232/561 1364/1231/559
f 909/1287/621 910/1297/631 1375/1298/632 1365/1288/622
f 1365/1288/622 1375/1298/632 1376/1299/633 1366/1289/623
f 1366/1289/623 1376/1299/633 1377/1300/634 1367/1290/624
f 1367/1290/624 1377/1300/634 1378/1301/635 1368/1291/625
f 1368/1291/625 1378/1301/635 1379/1302/636 1369/1292/626
f 1369/1292/626 1379/1302/636 1380/1303/637 1370/1293/627
f 1370/1293/627 1380/1303/637 1381/1304/638 1371/1294/628
f 1371/1294/628 1381/1304/638 1382/1305/639 1372/1295/629
f 1372/1295/629 1382/1305/639 1383/1306/640 1373/1296/630
f 1373/1296/630 1383/1306/640 1384/1233/563 1374/1232/561
f 910/1297/631 911/1307/641 1385/1308/642 1375/1298/632
f 1375/1298/632 1385/1308/642 1386/1309/643 1376/1299/633
f 1376/1299/633 1386/1309/643 1387/1310/644 1377/1300/634
f 1377/1300/634 1387/1310/644 1388/1311/645 1378/1301/635
f 1378/1301/635 1388/1311/645 1389/1312/646 1379/1302/636
f 1379/1302/636 1389/1312/646 1390/1313/647 1380/1303/637
f 1380/1303/637 1390/1313/647 1391/1314/648 1381/1304/638
f 1381/1304/638 1391/1314/648 1392/1315/649 1382/1305/639
f 1382/1305/639 1392/1315/649 1393/1316/650 1383/1306/640
f 1383/1306/640 1393/1316/650 1394/1234/565 1384/1233/563
f 911/1307/641 912/1317/651 1395/1318/652 1385/1308/642
f 1385/1308/642 1395/1318/652 1396/1319/653 1386/1309/643
f 1386/1309/643 1396/1319/653 1397/1320/654 1387/1310/644
f 1387/1310/644 1397/1320/654 1398/1321/655 1388/1311/645
f 1388/1311/645 1398/1321/655 1399/1322/656 1389/1312/646
f 1389/1312/646 1399/1322/656 1400/1323/657 1390/1313/647
f 1390/1313/647 1400/1323/657 1401/1324/658 1391/1314/648
f 1391/1314/648 1401/1324/658 1402/1325/659 1392/1315/649
f 1392/1315/649 1402/1325/659 1403/1326/660 1393/1316/650
f 1393/1316/650 1403/1326/660 1404/1235/567 1394/1234/565
f 912/1317/651 913/1327/661 1405/1328/662 1395/1318/652
f 1395/1318/652 1405/1328/662 1406/1329/663 1396/1319/653
f 1396/1319/653 1406/1329/663 1407/1330/664 1397/1320/654
f 1397/1320/654 1407/1330/664 1408/1331/665 1398/1321/655
f 1398/1321/655 1408/1331/665 1409/1332/666 1399/1322/656
f 1399/1322/656 1409/1332/666 1410/1333/667 1400/1323/657
f 1400/1323/657 1410/1333/667 1411/1334/668 1401/1324/658
f 1401/1324/658 1411/1334/668 1412/1335/669 1402/1325/659
f 1402/1325/659 1412/1335/669 1413/1336/670 1403/1326/660
f 1403/1326/660 1413/1336/670 1414/1236/569 1404/1235/567
f 913/1327/661 914/112/671 1415/1337/672 1405/1328/662
f 1405/1328/662 1415/1337/672 1416/1338/673 1406/1329/663
f 1406/1329/663 1416/1338/673 1417/1339/674 1407/1330/664
f 1407/1330/664 1417/1339/674 1418/1340/675 1408/1331/665
f 1408/1331/665 1418/1340/675 1419/1341/676 1409/1332/666
f 1409/1332/666 1419/1341/676 1420/1342/677 1410/1333/667
f 1410/1333/667 1420/1342/677 1421/1343/678 1411/1334/668
f 1411/1334/668 1421/1343/678 1422/1344/679 1412/1335/669
f 1412/1335/669 1422/1344/679 1423/1345/680 1413/1336/670
f 1413/1336/670 1423/1345/680 1424/113/113 1414/1236/569
f 914/112/671 58/111/681 925/1346/682 1415/1337/672
f 1415/1337/672 925/1346/682 926/1347/683 1416/1338/673
f 1416/1338/673 926/1347/683 927/1348/684 1417/1339/674
f 1417/1339/674 927/1348/684 928/1349/685 1418/1340/675
f 1418/1340/675 928/1349/685 929/1350/686 1419/1341/676
f 1419/1341/676 929/1350/686 930/1351/687 1420/1342/677
f 1420/1342/677 930/1351/687 931/1352/688 1421/1343/678
f 1421/1343/678 931/1352/688 932/1353/689 1422/1344/679
f 1422/1344/679 932/1353/689 933/1354/690 1423/1345/680
f 1423/1345/680 933/1354/690 934/114/114 1424/113/113
f 894/1355/691 1434/1356/692 905/1238/693 57/1237/694
f 1434/1356/692 1444/1357/695 906/1257/696 905/1238/693
f 1444/1357/695 1454/1358/697 907/1267/698 906/1257/696
f 1454/1358/697 1464/1359/699 908/1277/700 907/1267/698
f 1464/1359/699 1474/1360/701 909/1287/702 908/1277/700
f 1474/1360/701 1484/1361/703 910/1297/704 909/1287/702
f 1484/1361/703 1494/1362/705 911/1307/706 910/1297/704
f 1494/1362/705 1504/1363/707 912/1317/708 911/1307/706
f 1504/1363/707 1514/1364/709 913/1327/710 912/1317/708
f 1514/1364/709 1524/109/109 914/112/112 913/1327/710
f 55/1365/711 875/1366/712 1425/1367/713 885/1368/714
f 885/1368/714 1425/1367/713 1426/1369/715 886/1370/716
f 886/1370/716 1426/1369/715 1427/1371/717 887/1372/718
f 887/1372/718 1427/1371/717 1428/1373/719 888/1374/720
f 888/1374/720 1428/1373/719 1429/1375/721 889/1376/722
f 889/1376/722 1429/1375/721 1430/1377/723 890/1378/724
f 890/1378/724 1430/1377/723 1431/1379/725 891/1380/726
f 891/1380/726 1431/1379/725 1432/1381/727 892/1382/728
f 892/1382/728 1432/1381/727 1433/1383/729 893/1384/730
f 893/1384/730 1433/1383/729 1434/1356/692 894/1355/691
f 875/1366/712 876/1385/731 1435/1386/732 1425/1367/713
f 1425/1367/713 1435/1386/732 1436/1387/733 1426/1369/715
f 1426/1369/715 1436/1387/733 1437/1388/734 1427/1371/717
f 1427/1371/717 1437/1388/734 1438/1389/735 1428/1373/719
f 1428/1373/719 1438/1389/735 1439/1390/736 1429/1375/721
f 1429/1375/721 1439/1390/736 1440/1391/737 1430/1377/723
f 1430/1377/723 1440/1391/737 1441/1392/738 1431/1379/725
f 1431/1379/725 1441/1392/738 1442/1393/739 1432/1381/727
f 1432/1381/727 1442/1393/739 1443/1394/740 1433/1383/729
f 1433/1383/729 1443/1394/740 1444/1357/695 1434/1356/692
f 876/1385/731 877/1395/741 1445/1396/742 1435/1386/732
f 1435/1386/732 1445/1396/742 1446/1397/743 1436/1387/733
f 1436/1387/733 1446/1397/743 1447/1398/744 1437/1388/734
f 1437/1388/734 1447/1398/744 1448/1399/745 1438/1389/735
f 1438/1389/735 1448/1399/745 1449/1400/746 1439/1390/736
f 1439/1390/736 1449/1400/746 1450/1401/747 1440/1391/737
f 1440/1391/737 1450/1401/747 1451/1402/748 1441/1392/738
f 1441/1392/738 1451/1402/748 1452/1403/749 1442/1393/739
f 1442/1393/739 1452/1403/749 1453/1404/750 1443/1394/740
f 1443/1394/740 1453/1404/750 1454/1358/697 1444/1357/695
f 877/1395/741 878/1405/751 1455/1406/752 1445/1396/742
f 1445/1396/742 1455/1406/752 1456/1407/753 1446/1397/743
f 1446/1397/743 1456/1407/753 1457/1408/754 1447/1398/744
f 1447/1398/744 1457/1408/754 1458/1409/755 1448/1399/745
f 1448/1399/745 1458/1409/755 1459/1410/756 1449/1400/746
f 1449/1400/746 1459/1410/756 1460/1411/757 1450/1401/747
f 1450/1401/747 1460/1411/757 1461/1412/758 1451/1402/748
f 1451/1402/748 1461/1412/758 1462/1413/759 1452/1403/749
f 1452/1403/749 1462/1413/759 1463/1414/760 1453/1404/750
f 1453/1404/750 1463/1414/760 1464/1359/699 1454/1358/697
f 878/1405/751 879/1415/761 1465/1416/762 1455/1406/752
f 1455/1406/752 1465/1416/762 1466/1417/763 1456/1407/753
f 1456/1407/753 1466/1417/763 1467/1418/764 1457/1408/754
f 1457/1408/754 1467/1418/764 1468/1419/765 1458/1409/755
f 1458/1409/755 1468/1419/765 1469/1420/766 1459/1410/756
f 1459/1410/756 1469/1420/766 1470/1421/767 1460/1411/757
f 1460/1411/757 1470/1421/767 1471/1422/768 1461/1412/758
f 1461/1412/758 1471/1422/768 1472/1423/769 1462/1413/759
f 1462/1413/759 1472/1423/769 1473/1424/770 1463/1414/760
f 1463/1414/760 1473/1424/770 1474/1360/701 1464/1359/699
f 879/1415/761 880/1425/771 1475/1426/772 1465/1416/762
f 1465/1416/762 1475/1426/772 1476/1427/773 1466/1417/763
f 1466/1417/763 1476/1427/773 1477/1428/774 1467/1418/764
f 1467/1418/764 1477/1428/774 1478/1429/775 1468/1419/765
f 1468/1419/765 1478/1429/775 1479/1430/776 1469/1420/766
f 1469/1420/766 1479/1430/776 1480/1431/777 1470/1421/767
f 1470/1421/767 1480/1431/777 1481/1432/778 1471/1422/768
f 1471/1422/768 1481/1432/778 1482/1433/779 1472/1423/769
f 1472/1423/769 1482/1433/779 1483/1434/780 1473/1424/770
f 1473/1424/770 1483/1434/780 1484/1361/703 1474/1360/701
f 880/1425/771 881/1435/781 1485/1436/782 1475/1426/772
f 1475/1426/772 1485/1436/782 1486/1437/783 1476/1427/773
f 1476/1427/773 1486/1437/783 1487/1438/784 1477/1428/774
f 1477/1428/774 1487/1438/784 1488/1439/785 1478/1429/775
f 1478/1429/775 1488/1439/785 1489/1440/786 1479/1430/776
f 1479/1430/776 1489/1440/786 1490/1441/787 1480/1431/777
f 1480/1431/777 1490/1441/787 1491/1442/788 1481/1432/778
f 1481/1432/778 1491/1442/788 1492/1443/789 1482/1433/779
f 1482/1433/779 1492/1443/789 1493/1444/790 1483/1434/780
f 1483/1434/780 1493/1444/790 1494/1362/705 1484/1361/703
f 881/1435/781 882/1445/791 1495/1446/792 1485/1436/782
f 1485/1436/782 1495/1446/792 1496/1447/793 1486/1437/783
f 1486/1437/783 1496/1447/793 1497/1448/794 1487/1438/784
f 1487/1438/784 1497/1448/794 1498/1449/795 1488/1439/785
f 1488/1439/785 1498/1449/795 1499/1450/796 1489/1440/786
f 1489/1440/786 1499/1450/796 1500/1451/797 1490/1441/787
f 1490/1441/787 1500/1451/797 1501/1452/798 1491/1442/788
f 1491/1442/788 1501/1452/798 1502/1453/799 1492/1443/789
f 1492/1443/789 1502/1453/799 1503/1454/800 1493/1444/790
f 1493/1444/790 1503/1454/800 1504/1363/707 1494/1362/705
f 882/1445/791 883/1455/801 1505/1456/802 1495/1446/792
f 1495/1446/792 1505/1456/802 1506/1457/803 1496/1447/793
f 1496/1447/793 1506/1457/803 1507/1458/804 1497/1448/794
f 1497/1448/794 1507/1458/804 1508/1459/805 1498/1449/795
f 1498/1449/795 1508/1459/805 1509/1460/806 1499/1450/796
f 1499/1450/796 1509/1460/806 1510/1461/807 1500/1451/797
f 1500/1451/797 1510/1461/807 1511/1462/808 1501/1452/798
f 1501/1452/798 1511/1462/808 1512/1463/809 1502/1453/799
f 1502/1453/799 1512/1463/809 1513/1464/810 1503/1454/800
f 1503/1454/800 1513/1464/810 1514/1364/709 1504/1363/707
f 883/1455/801 884/108/811 1515/1465/812 1505/1456/802
f 1505/1456/802 1515/1465/812 1516/1466/813 1506/1457/803
f 1506/1457/803 1516/1466/813 1517/1467/814 1507/1458/804
f 1507/1458/804 1517/1467/814 1518/1468/815 1508/1459/805
f 1508/1459/805 1518/1468/815 1519/1469/816 1509/1460/806
f 1509/1460/806 1519/1469/816 1520/1470/817 1510/1461/807
f 1510/1461/807 1520/1470/817 1521/1471/818 1511/1462/808
f 1511/1462/808 1521/1471/818 1522/1472/819 1512/1463/809
f 1512/1463/809 1522/1472/819 1523/1473/820 1513/1464/810
f 1513/1464/810 1523/1473/820 1524/109/109 1514/1364/709
f 884/108/811 56/107/821 895/1474/822 1515/1465/812
f 1515/1465/812 895/1474/822 896/1475/823 1516/1466/813
f 1516/1466/813 896/1475/823 897/1476/824 1517/1467/814
f 1517/1467/814 897/1476/824 898/1477/825 1518/1468/815
f 1518/1468/815 898/1477/825 899/1478/826 1519/1469/816
f 1519/1469/816 899/1478/826 900/1479/827 1520/1470/817
f 1520/1470/817 900/1479/827 901/1480/828 1521/1471/818
f 1521/1471/818 901/1480/828 902/1481/829 1522/1472/819
f 1522/1472/819 902/1481/829 903/1482/830 1523/1473/820
f 1523/1473/820 903/1482/830 904/110/110 1524/109/109
f 864/1483/831 1534/1484/832 875/1366/833 55/1365/834
f 1534/1484/832 1544/1485/835 876/1385/836 875/1366/833
f 1544/1485/835 1554/1486/837 877/1395/838 876/1385/836
f 1554/1486/837 1564/1487/839 878/1405/840 877/1395/838
f 1564/1487/839 1574/1488/841 879/1415/842 878/1405/840
f 1574/1488/841 1584/1489/843 880/1425/844 879/1415/842
f 1584/1489/843 1594/1490/845 881/1435/846 880/1425/844
f 1594/1490/845 1604/1491/847 882/1445/848 881/1435/846
f 1604/1491/847 1614/1492/849 883/1455/850 882/1445/848
f 1614/1492/849 1624/105/105 884/108/108 883/1455/850
f 53/1493/851 845/1494/852 1525/1495/853 855/1496/854
f 855/1496/854 1525/1495/853 1526/1497/855 856/1498/856
f 856/1498/856 1526/1497/855 1527/1499/857 857/1500/858
f 857/1500/858 1527/1499/857 1528/1501/859 858/1502/860
f 858/1502/860 1528/1501/859 1529/1503/861 859/1504/862
f 859/1504/862 1529/1503/861 1530/1505/863 860/1506/864
f 860/1506/864 1530/1505/863 1531/1507/865 861/1508/866
f 861/1508/866 1531/1507/865 1532/1509/867 862/1510/868
f 862/1510/868 1532/1509/867 1533/1511/869 863/1512/870
f 863/1512/870 1533/1511/869 1534/1484/832 864/1483/831
f 845/1494/852 846/1513/871 1535/1514/872 1525/1495/853
f 1525/1495/853 1535/1514/872 1536/1515/873 1526/1497/855
f 1526/1497/855 1536/1515/873 1537/1516/874 1527/1499/857
f 1527/1499/857 1537/1516/874 1538/1517/875 1528/1501/859
f 1528/1501/859 1538/1517/875 1539/1518/876 1529/1503/861
f 1529/1503/861 1539/1518/876 1540/1519/877 1530/1505/863
f 1530/1505/863 1540/1519/877 1541/1520/878 1531/1507/865
f 1531/1507/865 1541/1520/878 1542/1521/879 1532/1509/867
f 1532/1509/867 1542/1521/879 1543/1522/880 1533/1511/869
f 1533/1511/869 1543/1522/880 1544/1485/835 1534/1484/832
f 846/1513/871 847/1523/881 1545/1524/882 1535/1514/872
f 1535/1514/872 1545/1524/882 1546/1525/883 1536/1515/873
f 1536/1515/873 1546/1525/883 1547/1526/884 1537/1516/874
f 1537/1516/874 1547/1526/884 1548/1527/885 1538/1517/875
f 1538/1517/875 1548/1527/885 1549/1528/886 1539/1518/876
f 1539/1518/876 1549/1528/886 1550/1529/887 1540/1519/877
f 1540/1519/877 1550/1529/887 1551/1530/888 1541/1520/878
f 1541/1520/878 1551/1530/888 1552/1531/889 1542/1521/879
f 1542/1521/879 1552/1531/889 1553/1532/890 1543/1522/880
f 1543/1522/880 1553/1532/890 1554/1486/837 1544/1485/835
f 847/1523/881 848/1533/891 1555/1534/892 1545/1524/882
f 1545/1524/882 1555/1534/892 1556/1535/893 1546/1525/883
f 1546/1525/883 1556/1535/893 1557/1536/894 1547/1526/884
f 1547/1526/884 1557/1536/894 1558/1537/895 1548/1527/885
f 1548/1527/885 1558/1537/895 1559/1538/896 1549/1528/886
f 1549/1528/886 1559/1538/896 1560/1539/897 1550/1529/887
f 1550/1529/887 1560/1539/897 1561/1540/898 1551/1530/888
f 1551/1530/888 1561/1540/898 1562/1541/899 1552/1531/889
f 1552/1531/889 1562/1541/899 1563/1542/900 1553/1532/890
f 1553/1532/890 1563/1542/900 1564/1487/839 1554/1486/837
f 848/1533/891 849/1543/901 1565/1544/902 1555/1534/892
f 1555/1534/892 1565/1544/902 1566/1545/903 1556/1535/893
f 1556/1535/893 1566/1545/903 1567/1546/904 1557/1536/894
f 1557/1536/894 1567/1546/904 1568/1547/905 1558/1537/895
f 1558/1537/895 1568/1547/905 1569/1548/906 1559/1538/896
f 1559/1538/896 1569/1548/906 1570/1549/907 1560/1539/897
f 1560/1539/897 1570/1549/907 1571/1550/908 1561/1540/898
f 1561/1540/898 1571/1550/908 1572/1551/909 1562/1541/899
f 1562/1541/899 1572/1551/909 1573/1552/910 1563/1542/900
f 1563/1542/900 1573/1552/910 1574/1488/841 1564/1487/839
f 849/1543/901 850/1553/911 1575/1554/912 1565/1544/902
f 1565/1544/902 1575/1554/912 1576/1555/913 1566/1545/903
f 1566/1545/903 1576/1555/913 1577/1556/914 1567/1546/904
f 1567/1546/904 1577/1556/914 1578/1557/915 1568/1547/905
f 1568/1547/905 1578/1557/915 1579/1558/916 1569/1548/906
f 1569/1548/906 1579/1558/916 1580/1559/917 1570/1549/907
f 1570/1549/907 1580/1559/917 1581/1560/918 1571/1550/908
f 1571/1550/908 1581/1560/918 1582/1561/919 1572/1551/909
f 1572/1551/909 1582/1561/919 1583/1562/920 1573/1552/910
f 1573/1552/910 1583/1562/920 1584/1489/843 1574/1488/841
f 850/1553/911 851/1563/921 1585/1564/922 1575/1554/912
f 1575/1554/912 1585/1564/922 1586/1565/923 1576/1555/913
f 1576/1555/913 1586/1565/923 1587/1566/924 1577/1556/914
f 1577/1556/914 1587/1566/924 1588/1567/925 1578/1557/915
f 1578/1557/915 1588/1567/925 1589/1568/926 1579/1558/916
f 1579/1558/916 1589/1568/926 1590/1569/927 1580/1559/917
f 1580/1559/917 1590/1569/927 1591/1570/928 1581/1560/918
f 1581/1560/918 1591/1570/928 1592/1571/929 1582/1561/919
f 1582/1561/919 1592/1571/929 1593/1572/930 1583/1562/920
f 1583/1562/920 1593/1572/930 1594/1490/845 1584/1489/843
f 851/1563/921 852/1573/931 1595/1574/932 1585/1564/922
f 1585/1564/922 1595/1574/932 1596/1575/933 1586/1565/923
f 1586/1565/923 1596/1575/933 1597/1576/934 1587/1566/924
f 1587/1566/924 1597/1576/934 1598/1577/935 1588/1567/925
f 1588/1567/925 1598/1577/935 1599/1578/936 1589/1568/926
f 1589/1568/926 1599/1578/936 1600/1579/937 1590/1569/927
f 1590/1569/927 1600/1579/937 1601/1580/938 1591/1570/928
f 1591/1570/928 1601/1580/938 1602/1581/939 1592/1571/929
f 1592/1571/929 1602/1581/939 1603/1582/940 1593/1572/930
f 1593/1572/930 1603/1582/940 1604/1491/847 1594/1490/845
f 852/1573/931 853/1583/941 1605/1584/942 1595/1574/932
f 1595/1574/932 1605/1584/942 1606/1585/943 1596/1575/933
f 1596/1575/933 1606/1585/943 1607/1586/944 1597/1576/934
f 1597/1576/934 1607/1586/944 1608/1587/945 1598/1577/935
f 1598/1577/935 1608/1587/945 1609/1588/946 1599/1578/936
f 1599/1578/936 1609/1588/946 1610/1589/947 1600/1579/937
f 1600/1579/937 1610/1589/947 1611/1590/948 1601/1580/938
f 1601/1580/938 1611/1590/948 1612/1591/949 1602/1581/939
f 1602/1581/939 1612/1591/949 1613/1592/950 1603/1582/940
f 1603/1582/940 1613/1592/950 1614/1492/849 1604/1491/847
f 853/1583/941 854/104/951 1615/1593/952 1605/1584/942
f 1605/1584/942 1615/1593/952 1616/1594/953 1606/1585/943
f 1606/1585/943 1616/1594/953 1617/1595/954 1607/1586/944
f 1607/1586/944 1617/1595/954 1618/1596/955 1608/1587/945
f 1608/1587/945 1618/1596/955 1619/1597/956 1609/1588/946
f 1609/1588/946 1619/1597/956 1620/1598/957 1610/1589/947
f 1610/1589/947 1620/1598/957 1621/1599/958 1611/1590/948
f 1611/1590/948 1621/1599/958 1622/1600/959 1612/1591/949
f 1612/1591/949 1622/1600/959 1623/1601/960 1613/1592/950
f 1613/1592/950 1623/1601/960 1624/105/105 1614/1492/849
f 854/104/951 54/103/961 865/1602/962 1615/1593/952
f 1615/1593/952 865/1602/962 866/1603/963 1616/1594/953
f 1616/1594/953 866/1603/963 867/1604/964 1617/1595/954
f 1617/1595/954 867/1604/964 868/1605/965 1618/1596/955
f 1618/1596/955 868/1605/965 869/1606/966 1619/1597/956
f 1619/1597/956 869/1606/966 870/1607/967 1620/1598/957
f 1620/1598/957 870/1607/967 871/1608/968 1621/1599/958
f 1621/1599/958 871/1608/968 872/1609/969 1622/1600/959
f 1622/1600/959 872/1609/969 873/1610/970 1623/1601/960
f 1623/1601/960 873/1610/970 874/106/106 1624/105/105
f 834/1611/971 1634/1612/972 845/1494/973 53/1493/974
f 1634/1612/972 1644/1613/975 846/1513/976 845/1494/973
f 1644/1613/975 1654/1614/977 847/1523/978 846/1513/976
f 1654/1614/977 1664/1615/979 848/1533/980 847/1523/978
f 1664/1615/979 1674/1616/981 849/1543/982 848/1533/980
f 1674/1616/981 1684/1617/983 850/1553/984 849/1543/982
f 1684/1617/983 1694/1618/985 851/1563/986 850/1553/984
f 1694/1618/985 1704/1619/987 852/1573/988 851/1563/986
f 1704/1619/987 1714/1620/989 853/1583/990 852/1573/988
f 1714/1620/989 1724/101/101 854/104/104 853/1583/990
f 51/1621/991 815/1622/992 1625/1623/993 825/1624/994
f 825/1624/994 1625/1623/993 1626/1625/995 826/1626/996
f 826/1626/996 1626/1625/995 1627/1627/997 827/1628/998
f 827/1628/998 1627/1627/997 1628/1629/999 828/1630/1000
f 828/1630/1000 1628/1629/999 1629/1631/1001 829/1632/1002
f 829/1632/1002 1629/1631/1001 1630/1633/1003 830/1634/1004
f 830/1634/1004 1630/1633/1003 1631/1635/1005 831/1636/1006
f 831/1636/1006 1631/1635/1005 1632/1637/1007 832/1638/1008
f 832/1638/1008 1632/1637/1007 1633/1639/1009 833/1640/1010
f 833/1640/1010 1633/1639/1009 1634/1612/972 834/1611/971
f 815/1622/992 816/1641/1011 1635/1642/1012 1625/1623/993
f 1625/1623/993 1635/1642/1012 1636/1643/1013 1626/1625/995
f 1626/1625/995 1636/1643/1013 1637/1644/1014 1627/1627/997
f 1627/1627/997 1637/1644/1014 1638/1645/1015 1628/1629/999
f 1628/1629/999 1638/1645/1015 1639/1646/1016 1629/1631/1001
f 1629/1631/1001 1639/1646/1016 1640/1647/1017 1630/1633/1003
f 1630/1633/1003 1640/1647/1017 1641/1648/1018 1631/1635/1005
f 1631/1635/1005 1641/1648/1018 1642/1649/1019 1632/1637/1007
f 1632/1637/1007 1642/1649/1019 1643/1650/1020 1633/1639/1009
f 1633/1639/1009 1643/1650/1020 1644/1613/975 1634/1612/972
f 816/1641/1011 817/1651/1021 1645/1652/1022 1635/1642/1012
f 1635/1642/1012 1645/1652/1022 1646/1653/1023 1636/1643/1013
f 1636/1643/1013 1646/1653/1023 1647/1654/1024 1637/1644/1014
f 1637/1644/1014 1647/1654/1024 1648/1655/1025 1638/1645/1015
f 1638/1645/1015 1648/1655/1025 1649/1656/1026 1639/1646/1016
f 1639/1646/1016 1649/1656/1026 1650/1657/1027 1640/1647/1017
f 1640/1647/1017 1650/1657/1027 1651/1658/1028 1641/1648/1018
f 1641/1648/1018 1651/1658/1028 1652/1659/1029 1642/1649/1019
f 1642/1649/1019 1652/1659/1029 1653/1660/1030 1643/1650/1020
f 1643/1650/1020 1653/1660/1030 1654/1614/977 1644/1613/975
f 817/1651/1021 818/1661/1031 1655/1662/1032 1645/1652/1022
f 1645/1652/1022 1655/1662/1032 1656/1663/1033 1646/1653/1023
f 1646/1653/1023 1656/1663/1033 1657/1664/1034 1647/1654/1024
f 1647/1654/1024 1657/1664/1034 1658/1665/1035 1648/1655/1025
f 1648/1655/1025 1658/1665/1035 1659/1666/1036 1649/1656/1026
f 1649/1656/1026 1659/1666/1036 1660/1667/1037 1650/1657/1027
f 1650/1657/1027 1660/1667/1037 1661/1668/1038 1651/1658/1028
f 1651/1658/1028 1661/1668/1038 1662/1669/1039 1652/1659/1029
f 1652/1659/1029 1662/1669/1039 1663/1670/1040 1653/1660/1030
f 1653/1660/1030 1663/1670/1040 1664/1615/979 1654/1614/977
f 818/1661/1031 819/1671/1041 1665/1672/1042 1655/1662/1032
f 1655/1662/1032 1665/1672/1042 1666/1673/1043 1656/1663/1033
f 1656/1663/1033 1666/1673/1043 1667/1674/1044 1657/1664/1034
f 1657/1664/1034 1667/1674/1044 1668/1675/1045 1658/1665/1035
f 1658/1665/1035 1668/1675/1045 1669/1676/1046 1659/1666/1036
f 1659/1666/1036 1669/1676/1046 1670/1677/1047 1660/1667/1037
f 1660/1667/1037 1670/1677/1047 1671/1678/1048 1661/1668/1038
f 1661/1668/1038 1671/1678/1048 1672/1679/1049 1662/1669/1039
f 1662/1669/1039 1672/1679/1049 1673/1680/1050 1663/1670/1040
f 1663/1670/1040 1673/1680/1050 1674/1616/981 1664/1615/979
f 819/1671/1041 820/1681/1051 1675/1682/1052 1665/1672/1042
f 1665/1672/1042 1675/1682/1052 1676/1683/1053 1666/1673/1043
f 1666/1673/1043 1676/1683/1053 1677/1684/1054 1667/1674/1044
f 1667/1674/1044 1677/1684/1054 1678/1685/1055 1668/1675/1045
f 1668/1675/1045 1678/1685/1055 1679/1686/1056 1669/1676/1046
f 1669/1676/1046 1679/1686/1056 1680/1687/1057 1670/1677/1047
f 1670/1677/1047 1680/1687/1057 1681/1688/1058 1671/1678/1048
f 1671/1678/1048 1681/1688/1058 1682/1689/1059 1672/1679/1049
f 1672/1679/1049 1682/1689/1059 1683/1690/1060 1673/1680/1050
f 1673/1680/1050 1683/1690/1060 1684/1617/983 1674/1616/981
f 820/1681/1051 821/1691/1061 1685/1692/1062 1675/1682/1052
f 1675/1682/1052 1685/1692/1062 1686/1693/1063 1676/1683/1053
f 1676/1683/1053 1686/1693/1063 1687/1694/1064 1677/1684/1054
f 1677/1684/1054 1687/1694/1064 1688/1695/1065 1678/1685/1055
f 1678/1685/1055 1688/1695/1065 1689/1696/1066 1679/1686/1056
f 1679/1686/1056 1689/1696/1066 1690/1697/1067 1680/1687/1057
f 1680/1687/1057 1690/1697/1067 1691/1698/1068 1681/1688/1058
f 1681/1688/1058 1691/1698/1068 1692/1699/1069 1682/1689/1059
f 1682/1689/1059 1692/1699/1069 1693/1700/1070 1683/1690/1060
f 1683/1690/1060 1693/1700/1070 1694/1618/985 1684/1617/983
f 821/1691/1061 822/1701/1071 1695/1702/1072 1685/1692/1062
f 1685/1692/1062 1695/1702/1072 1696/1703/1073 1686/1693/1063
f 1686/1693/1063 1696/1703/1073 1697/1704/1074 1687/1694/1064
f 1687/1694/1064 1697/1704/1074 1698/1705/1075 1688/1695/1065
f 1688/1695/1065 1698/1705/1075 1699/1706/1076 1689/1696/1066
f 1689/1696/1066 1699/1706/1076 1700/1707/1077 1690/1697/1067
f 1690/1697/1067 1700/1707/1077 1701/1708/1078 1691/1698/1068
f 1691/1698/1068 1701/1708/1078 1702/1709/1079 1692/1699/1069
f 1692/1699/1069 1702/1709/1079 1703/1710/1080 1693/1700/1070
f 1693/1700/1070 1703/1710/1080 1704/1619/987 1694/1618/985
f 822/1701/1071 823/1711/1081 1705/1712/1082 1695/1702/1072
f 1695/1702/1072 1705/1712/1082 1706/1713/1083 1696/1703/1073
f 1696/1703/1073 1706/1713/1083 1707/1714/1084 1697/1704/1074
f 1697/1704/1074 1707/1714/1084 1708/1715/1085 1698/1705/1075
f 1698/1705/1075 1708/1715/1085 1709/1716/1086 1699/1706/1076
f 1699/1706/1076 1709/1716/1086 1710/1717/1087 1700/1707/1077
f 1700/1707/1077 1710/1717/1087 1711/1718/1088 1701/1708/1078
f 1701/1708/1078 1711/1718/1088 1712/1719/1089 1702/1709/1079
f 1702/1709/1079 1712/1719/1089 1713/1720/1090 1703/1710/1080
f 1703/1710/1080 1713/1720/1090 1714/1620/989 1704/1619/987
f 823/1711/1081 824/100/1091 1715/1721/1092 1705/1712/1082
f 1705/1712/1082 1715/1721/1092 1716/1722/1093 1706/1713/1083
f 1706/1713/1083 1716/1722/1093 1717/1723/1094 1707/1714/1084
f 1707/1714/1084 1717/1723/1094 1718/1724/1095 1708/1715/1085
f 1708/1715/1085 1718/1724/1095 1719/1725/1096 1709/1716/1086
f 1709/1716/1086 1719/1725/1096 1720/1726/1097 1710/1717/1087
f 1710/1717/1087 1720/1726/1097 1721/1727/1098 1711/1718/1088
f 1711/1718/1088 1721/1727/1098 1722/1728/1099 1712/1719/1089
f 1712/1719/1089 1722/1728/1099 1723/1729/1100 1713/1720/1090
f 1713/1720/1090 1723/1729/1100 1724/101/101 1714/1620/989
f 824/100/1091 52/99/1101 835/1730/1102 1715/1721/1092
f 1715/1721/1092 835/1730/1102 836/1731/1103 1716/1722/1093
f 1716/1722/1093 836/1731/1103 837/1732/1104 1717/1723/1094
f 1717/1723/1094 837/1732/1104 838/1733/1105 1718/1724/1095
f 1718/1724/1095 838/1733/1105 839/1734/1106 1719/1725/1096
f 1719/1725/1096 839/1734/1106 840/1735/1107 1720/1726/1097
f 1720/1726/1097 840/1735/1107 841/1736/1108 1721/1727/1098
f 1721/1727/1098 841/1736/1108 842/1737/1109 1722/1728/1099
f 1722/1728/1099 842/1737/1109 843/1738/1110 1723/1729/1100
f 1723/1729/1100 843/1738/1110 844/102/102 1724/101/101
f 804/1739/1111 1734/1740/1112 815/1622/1113 51/1621/1114
f 1734/1740/1112 1744/1741/1115 816/1641/1116 815/1622/1113
f 1744/1741/1115 1754/1742/1117 817/1651/1118 816/1641/1116
f 1754/1742/1117 1764/1743/1119 818/1661/1120 817/1651/1118
f 1764/1743/1119 1774/1744/1121 819/1671/1122 818/1661/1120
f 1774/1744/1121 1784/1745/1123 820/1681/1124 819/1671/1122
f 1784/1745/1123 1794/1746/1125 821/1691/1126 820/1681/1124
f 1794/1746/1125 1804/1747/1127 822/1701/1128 821/1691/1126
f 1804/1747/1127 1814/1748/1129 823/1711/1130 822/1701/1128
f 1814/1748/1129 1824/97/97 824/100/100 823/1711/1130
f 49/1749/1131 785/1750/1132 1725/1751/1133 795/1752/1134
f 795/1752/1134 1725/1751/1133 1726/1753/1135 796/1754/1136
f 796/1754/1136 1726/1753/1135 1727/1755/1137 797/1756/1138
f 797/1756/1138 1727/1755/1137 1728/1757/1139 798/1758/1140
f 798/1758/1140 1728/1757/1139 1729/1759/1141 799/1760/1142
f 799/1760/1142 1729/1759/1141 1730/1761/1143 800/1762/1144
f 800/1762/1144 1730/1761/1143 1731/1763/1145 801/1764/1146
f 801/1764/1146 1731/1763/1145 1732/1765/1147 802/1766/1148
f 802/1766/1148 1732/1765/1147 1733/1767/1149 803/1768/1150
f 803/1768/1150 1733/1767/1149 1734/1740/1112 804/1739/1111
f 785/1750/1132 786/1769/1151 1735/1770/1152 1725/1751/1133
f 1725/1751/1133 1735/1770/1152 1736/1771/1153 1726/1753/1135
f 1726/1753/1135 1736/1771/1153 1737/1772/1154 1727/1755/1137
f 1727/1755/1137 1737/1772/1154 1738/1773/1155 1728/1757/1139
f 1728/1757/1139 1738/1773/1155 1739/1774/1156 1729/1759/1141
f 1729/1759/1141 1739/1774/1156 1740/1775/1157 1730/1761/1143
f 1730/1761/1143 1740/1775/1157 1741/1776/1158 1731/1763/1145
f 1731/1763/1145 1741/1776/1158 1742/1777/1159 1732/1765/1147
f 1732/1765/1147 1742/1777/1159 1743/1778/1160 1733/1767/1149
f 1733/1767/1149 1743/1778/1160 1744/1741/1115 1734/1740/1112
f 786/1769/1151 787/1779/1161 1745/1780/1162 1735/1770/1152
f 1735/1770/1152 1745/1780/1162 1746/1781/1163 1736/1771/1153
f 1736/1771/1153 1746/1781/1163 1747/1782/1164 1737/1772/1154
f 1737/1772/1154 1747/1782/1164 1748/1783/1165 1738/1773/1155
f 1738/1773/1155 1748/1783/1165 1749/1784/1166 1739/1774/1156
f 1739/1774/1156 1749/1784/1166 1750/1785/1167 1740/1775/1157
f 1740/1775/1157 1750/1785/1167 1751/1786/1168 1741/1776/1158
f 1741/1776/1158 1751/1786/1168 1752/1787/1169 1742/1777/1159
f 1742/1777/1159 1752/1787/1169 1753/1788/1170 1743/1778/1160
f 1743/1778/1160 1753/1788/1170 1754/1742/1117 1744/1741/1115
f 787/1779/1161 788/1789/1171 1755/1790/1172 1745/1780/1162
f 1745/1780/1162 1755/1790/1172 1756/1791/1173 1746/1781/1163
f 1746/1781/1163 1756/1791/1173 1757/1792/1174 1747/1782/1164
f 1747/1782/1164 1757/1792/1174 1758/1793/1175 1748/1783/1165
f 1748/1783/1165 1758/1793/1175 1759/1794/1176 1749/1784/1166
f 1749/1784/1166 1759/1794/1176 1760/1795/1177 1750/1785/1167
f 1750/1785/1167 1760/1795/1177 1761/1796/1178 1751/1786/1168
f 1751/1786/1168 1761/1796/1178 1762/1797/1179 1752/1787/1169
f 1752/1787/1169 1762/1797/1179 1763/1798/1180 1753/1788/1170
f 1753/1788/1170 1763/1798/1180 1764/1743/1119 1754/1742/1117
f 788/1789/1171 789/1799/1181 1765/1800/1182 1755/1790/1172
f 1755/1790/1172 1765/1800/1182 1766/1801/1183 1756/1791/1173
f 1756/1791/1173 1766/1801/1183 1767/1802/1184 1757/1792/1174
f 1757/1792/1174 1767/1802/1184 1768/1803/1185 1758/1793/1175
f 1758/1793/1175 1768/1803/1185 1769/1804/1186 1759/1794/1176
f 1759/1794/1176 1769/1804/1186 1770/1805/1187 1760/1795/1177
f 1760/1795/1177 1770/1805/1187 1771/1806/1188 1761/1796/1178
f 1761/1796/1178 1771/1806/1188 1772/1807/1189 1762/1797/1179
f 1762/1797/1179 1772/1807/1189 1773/1808/1190 1763/1798/1180
f 1763/1798/1180 1773/1808/1190 1774/1744/1121 1764/1743/1119
f 789/1799/1181 790/1809/1191 1775/1810/1192 1765/1800/1182
f 1765/1800/1182 1775/1810/1192 1776/1811/1193 1766/1801/1183
f 1766/1801/1183 1776/1811/1193 1777/1812/1194 1767/1802/1184
f 1767/1802/1184 1777/1812/1194 1778/1813/1195 1768/1803/1185
f 1768/1803/1185 1778/1813/1195 1779/1814/1196 1769/1804/1186
f 1769/1804/1186 1779/1814/1196 1780/1815/1197 1770/1805/1187
f 1770/1805/1187 1780/1815/1197 1781/1816/1198 1771/1806/1188
f 1771/1806/1188 1781/1816/1198 1782/1817/1199 1772/1807/1189
f 1772/1807/1189 1782/1817/1199 1783/1818/1200 1773/1808/1190
f 1773/1808/1190 1783/1818/1200 1784/1745/1123 1774/1744/1121
f 790/1809/1191 791/1819/1201 1785/1820/1202 1775/1810/1192
f 1775/1810/1192 1785/1820/1202 1786/1821/1203 1776/1811/1193
f 1776/1811/1193 1786/1821/1203 1787/1822/1204 1777/1812/1194
f 1777/1812/1194 1787/1822/1204 1788/1823/1205 1778/1813/1195
f 1778/1813/1195 1788/1823/1205 1789/1824/1206 1779/1814/1196
f 1779/1814/1196 1789/1824/1206 1790/1825/1207 1780/1815/1197
f 1780/1815/1197 1790/1825/1207 1791/1826/1208 1781/1816/1198
f 1781/1816/1198 1791/1826/1208 1792/1827/1209 1782/1817/1199
f 1782/1817/1199 1792/1827/1209 1793/1828/1210 1783/1818/1200
f 1783/1818/1200 1793/1828/1210 1794/1746/1125 1784/1745/1123
f 791/1819/1201 792/1829/1211 1795/1830/1212 1785/1820/1202
f 1785/1820/1202 1795/1830/1212 1796/1831/1213 1786/1821/1203
f 1786/1821/1203 1796/1831/1213 1797/1832/1214 1787/1822/1204
f 1787/1822/1204 1797/1832/1214 1798/1833/1215 1788/1823/1205
f 1788/1823/1205 1798/1833/1215 1799/1834/1216 1789/1824/1206
f 1789/1824/1206 1799/1834/1216 1800/1835/1217 1790/1825/1207
f 1790/1825/1207 1800/1835/1217 1801/1836/1218 1791/1826/1208
f 1791/1826/1208 1801/1836/1218 1802/1837/1219 1792/1827/1209
f 1792/1827/1209 1802/1837/1219 1803/1838/1220 1793/1828/1210
f 1793/1828/1210 1803/1838/1220 1804/1747/1127 1794/1746/1125
f 792/1829/1211 793/1839/1221 1805/1840/1222 1795/1830/1212
f 1795/1830/1212 1805/1840/1222 1806/1841/1223 1796/1831/1213
f 1796/1831/1213 1806/1841/1223 1807/1842/1224 1797/1832/1214
f 1797/1832/1214 1807/1842/1224 1808/1843/1225 1798/1833/1215
f 1798/1833/1215 1808/1843/1225 1809/1844/1226 1799/1834/1216
f 1799/1834/1216 1809/1844/1226 1810/1845/1227 1800/1835/1217
f 1800/1835/1217 1810/1845/1227 1811/1846/1228 1801/1836/1218
f 1801/1836/1218 1811/1846/1228 1812/1847/1229 1802/1837/1219
f 1802/1837/1219 1812/1847/1229 1813/1848/1230 1803/1838/1220
f 1803/1838/1220 1813/1848/1230 1814/1748/1129 1804/1747/1127
f 793/1839/1221 794/96/1231 1815/1849/1232 1805/1840/1222
f 1805/1840/1222 1815/1849/1232 1816/1850/1233 1806/1841/1223
f 1806/1841/1223 1816/1850/1233 1817/1851/1234 1807/1842/1224
f 1807/1842/1224 1817/1851/1234 1818/1852/1235 1808/1843/1225
f 1808/1843/1225 1818/1852/1235 1819/1853/1236 1809/1844/1226
f 1809/1844/1226 1819/1853/1236 1820/1854/1237 1810/1845/1227
f 1810/1845/1227 1820/1854/1237 1821/1855/1238 1811/1846/1228
f 1811/1846/1228 1821/1855/1238 1822/1856/1239 1812/1847/1229
f 1812/1847/1229 1822/1856/1239 1823/1857/1240 1813/1848/1230
f 1813/1848/1230 1823/1857/1240 1824/97/97 1814/1748/1129
f 794/96/1231 50/95/1241 805/1858/1242 1815/1849/1232
f 1815/1849/1232 805/1858/1242 806/1859/1243 1816/1850/1233
f 1816/1850/1233 806/1859/1243 807/1860/1244 1817/1851/1234
f 1817/1851/1234 807/1860/1244 808/1861/1245 1818/1852/1235
f 1818/1852/1235 808/1861/1245 809/1862/1246 1819/1853/1236
f 1819/1853/1236 809/1862/1246 810/1863/1247 1820/1854/1237
f 1820/1854/1237 810/1863/1247 811/1864/1248 1821/1855/1238
f 1821/1855/1238 811/1864/1248 812/1865/1249 1822/1856/1239
f 1822/1856/1239 812/1865/1249 813/1866/1250 1823/1857/1240
f 1823/1857/1240 813/1866/1250 814/98/98 1824/97/97
f 774/1867/1251 1834/1868/1252 785/1750/1253 49/1749/1254
f 1834/1868/1252 1844/1869/1255 786/1769/1256 785/1750/1253
f 1844/1869/1255 1854/1870/1257 787/1779/1258 786/1769/1256
f 1854/1870/1257 1864/1871/1259 788/1789/1260 787/1779/1258
f 1864/1871/1259 1874/1872/1261 789/1799/1262 788/1789/1260
f 1874/1872/1261 1884/1873/1263 790/1809/1264 789/1799/1262
f 1884/1873/1263 1894/1874/1265 791/1819/1266 790/1809/1264
f 1894/1874/1265 1904/1875/1267 792/1829/1268 791/1819/1266
f 1904/1875/1267 1914/1876/1269 793/1839/1270 792/1829/1268
f 1914/1876/1269 1924/93/93 794/96/96 793/1839/1270
f 47/1877/1271 755/1878/1272 1825/1879/1273 765/1880/1274
f 765/1880/1274 1825/1879/1273 1826/1881/1275 766/1882/1276
f 766/1882/1276 1826/1881/1275 1827/1883/1277 767/1884/1278
f 767/1884/1278 1827/1883/1277 1828/1885/1279 768/1886/1280
f 768/1886/1280 1828/1885/1279 1829/1887/1281 769/1888/1282
f 769/1888/1282 1829/1887/1281 1830/1889/1283 770/1890/1284
f 770/1890/1284 1830/1889/1283 1831/1891/1285 771/1892/1286
f 771/1892/1286 1831/1891/1285 1832/1893/1287 772/1894/1288
f 772/1894/1288 1832/1893/1287 1833/1895/1289 773/1896/1290
f 773/1896/1290 1833/1895/1289 1834/1868/1252 774/1867/1251
f 755/1878/1272 756/1897/1291 1835/1898/1292 1825/1879/1273
f 1825/1879/1273 1835/1898/1292 1836/1899/1293 1826/1881/1275
f 1826/1881/1275 1836/1899/1293 1837/1900/1294 1827/1883/1277
f 1827/1883/1277 1837/1900/1294 1838/1901/1295 1828/1885/1279
f 1828/1885/1279 1838/1901/1295 1839/1902/1296 1829/1887/1281
f 1829/1887/1281 1839/1902/1296 1840/1903/1297 1830/1889/1283
f 1830/1889/1283 1840/1903/1297 1841/1904/1298 1831/1891/1285
f 1831/1891/1285 1841/1904/1298 1842/1905/1299 1832/1893/1287
f 1832/1893/1287 1842/1905/1299 1843/1906/1300 1833/1895/1289
f 1833/1895/1289 1843/1906/1300 1844/1869/1255 1834/1868/1252
f 756/1897/1291 757/1907/1301 1845/1908/1302 1835/1898/1292
f 1835/1898/1292 1845/1908/1302 1846/1909/1303 1836/1899/1293
f 1836/1899/1293 1846/1909/1303 1847/1910/1304 1837/1900/1294
f 1837/1900/1294 1847/1910/1304 1848/1911/1305 1838/1901/1295
f 1838/1901/1295 1848/1911/1305 1849/1912/1306 1839/1902/1296
f 1839/1902/1296 1849/1912/1306 1850/1913/1307 1840/1903/1297
f 1840/1903/1297 1850/1913/1307 1851/1914/1308 1841/1904/1298
f 1841/1904/1298 1851/1914/1308 1852/1915/1309 1842/1905/1299
f 1842/1905/1299 1852/1915/1309 1853/1916/1310 1843/1906/1300
f 1843/1906/1300 1853/1916/1310 1854/1870/1257 1844/1869/1255
f 757/1907/1301 758/1917/1311 1855/1918/1312 1845/1908/1302
f 1845/1908/1302 1855/1918/1312 1856/1919/1313 1846/1909/1303
f 1846/1909/1303 1856/1919/1313 1857/1920/1314 1847/1910/1304
f 1847/1910/1304 1857/1920/1314 1858/1921/1315 1848/1911/1305
f 1848/1911/1305 1858/1921/1315 1859/1922/1316 1849/1912/1306
f 1849/1912/1306 1859/1922/1316 1860/1923/1317 1850/1913/1307
f 1850/1913/1307 1860/1923/1317 1861/1924/1318 1851/1914/1308
f 1851/1914/1308 1861/1924/1318 1862/1925/1319 1852/1915/1309
f 1852/1915/1309 1862/1925/1319 1863/1926/1320 1853/1916/1310
f 1853/1916/1310 1863/1926/1320 1864/1871/1259 1854/1870/1257
f 758/1917/1311 759/1927/1321 1865/1928/1322 1855/1918/1312
f 1855/1918/1312 1865/1928/1322 1866/1929/1323 1856/1919/1313
f 1856/1919/1313 1866/1929/1323 1867/1930/1324 1857/1920/1314
f 1857/1920/1314 1867/1930/1324 1868/1931/1325 1858/1921/1315
f 1858/1921/1315 1868/1931/1325 1869/1932/1326 1859/1922/1316
f 1859/1922/1316 1869/1932/1326 1870/1933/1327 1860/1923/1317
f 1860/1923/1317 1870/1933/1327 1871/1934/1328 1861/1924/1318
f 1861/1924/1318 1871/1934/1328 1872/1935/1329 1862/1925/1319
f 1862/1925/1319 1872/1935/1329 1873/1936/1330 1863/1926/1320
f 1863/1926/1320 1873/1936/1330 1874/1872/1261 1864/1871/1259
f 759/1927/1321 760/1937/1331 1875/1938/1332 1865/1928/1322
f 1865/1928/1322 1875/1938/1332 1876/1939/1333 1866/1929/1323
f 1866/1929/1323 1876/1939/1333 1877/1940/1334 1867/1930/1324
f 1867/1930/1324 1877/1940/1334 1878/1941/1335 1868/1931/1325
f 1868/1931/1325 1878/1941/1335 1879/1942/1336 1869/1932/1326
f 1869/1932/1326 1879/1942/1336 1880/1943/1337 1870/1933/1327
f 1870/1933/1327 1880/1943/1337 1881/1944/1338 1871/1934/1328
f 1871/1934/1328 1881/1944/1338 1882/1945/1339 1872/1935/1329
f 1872/1935/1329 1882/1945/1339 1883/1946/1340 1873/1936/1330
f 1873/1936/1330 1883/1946/1340 1884/1873/1263 1874/1872/1261
f 760/1937/1331 761/1947/1341 1885/1948/1342 1875/1938/1332
f 1875/1938/1332 1885/1948/1342 1886/1949/1343 1876/1939/1333
f 1876/1939/1333 1886/1949/1343 1887/1950/1344 1877/1940/1334
f 1877/1940/1334 1887/1950/1344 1888/1951/1345 1878/1941/1335
f 1878/1941/1335 1888/1951/1345 1889/1952/1346 1879/1942/1336
f 1879/1942/1336 1889/1952/1346 1890/1953/1347 1880/1943/1337
f 1880/1943/1337 1890/1953/1347 1891/1954/1348 1881/1944/1338
f 1881/1944/1338 1891/1954/1348 1892/1955/1349 1882/1945/1339
f 1882/1945/1339 1892/1955/1349 1893/1956/1350 1883/1946/1340
f 1883/1946/1340 1893/1956/1350 1894/1874/1265 1884/1873/1263
f 761/1947/1341 762/1957/1351 1895/1958/1352 1885/1948/1342
f 1885/1948/1342 1895/1958/1352 1896/1959/1353 1886/1949/1343
f 1886/1949/1343 1896/1959/1353 1897/1960/1354 1887/1950/1344
f 1887/1950/1344 1897/1960/1354 1898/1961/1355 1888/1951/1345
f 1888/1951/1345 1898/1961/1355 1899/1962/1356 1889/1952/1346
f 1889/1952/1346 1899/1962/1356 1900/1963/1357 1890/1953/1347
f 1890/1953/1347 1900/1963/1357 1901/1964/1358 1891/1954/1348
f 1891/1954/1348 1901/1964/1358 1902/1965/1359 1892/1955/1349
f 1892/1955/1349 1902/1965/1359 1903/1966/1360 1893/1956/1350
f 1893/1956/1350 1903/1966/1360 1904/1875/1267 1894/1874/1265
f 762/1957/1351 763/1967/1361 1905/1968/1362 1895/1958/1352
f 1895/1958/1352 1905/1968/1362 1906/1969/1363 1896/1959/1353
f 1896/1959/1353 1906/1969/1363 1907/1970/1364 1897/1960/1354
f 1897/1960/1354 1907/1970/1364 1908/1971/1365 1898/1961/1355
f 1898/1961/1355 1908/1971/1365 1909/1972/1366 1899/1962/1356
f 1899/1962/1356 1909/1972/1366 1910/1973/1367 1900/1963/1357
f 1900/1963/1357 1910/1973/1367 1911/1974/1368 1901/1964/1358
f 1901/1964/1358 1911/1974/1368 1912/1975/1369 1902/1965/1359
f 1902/1965/1359 1912/1975/1369 1913/1976/1370 1903/1966/1360
f 1903/1966/1360 1913/1976/1370 1914/1876/1269 1904/1875/1267
f 763/1967/1361 764/92/1371 1915/1977/1372 1905/1968/1362
f 1905/1968/1362 1915/1977/1372 1916/1978/1373 1906/1969/1363
f 1906/1969/1363 1916/1978/1373 1917/1979/1374 1907/1970/1364
f 1907/1970/1364 1917/1979/1374 1918/1980/1375 1908/1971/1365
f 1908/1971/1365 1918/1980/1375 1919/1981/1376 1909/1972/1366
f 1909/1972/1366 1919/1981/1376 1920/1982/1377 1910/1973/1367
f 1910/1973/1367 1920/1982/1377 1921/1983/1378 1911/1974/1368
f 1911/1974/1368 1921/1983/1378 1922/1984/1379 1912/1975/1369
f 1912/1975/1369 1922/1984/1379 1923/1985/1380 1913/1976/1370
f 1913/1976/1370 1923/1985/1380 1924/93/93 1914/1876/1269
f 764/92/1371 48/91/1381 775/1986/1382 1915/1977/1372
f 1915/1977/1372 775/1986/1382 776/1987/1383 1916/1978/1373
f 1916/1978/1373 776/1987/1383 777/1988/1384 1917/1979/1374
f 1917/1979/1374 777/1988/1384 778/1989/1385 1918/1980/1375
f 1918/1980/1375 778/1989/1385 779/1990/1386 1919/1981/1376
f 1919/1981/1376 779/1990/1386 780/1991/1387 1920/1982/1377
f 1920/1982/1377 780/1991/1387 781/1992/1388 1921/1983/1378
f 1921/1983/1378 781/1992/1388 782/1993/1389 1922/1984/1379
f 1922/1984/1379 782/1993/1389 783/1994/1390 1923/1985/1380
f 1923/1985/1380 783/1994/1390 784/94/94 1924/93/93
f 744/1995/1391 1934/1996/1392 755/1878/1393 47/1877/1394
f 1934/1996/1392 1944/1997/1395 756/1897/1396 755/1878/1393
f 1944/1997/1395 1954/1998/1397 757/1907/1398 756/1897/1396
f 1954/1998/1397 1964/1999/1399 758/1917/1400 757/1907/1398
f 1964/1999/1399 1974/2000/1401 759/1927/1402 758/1917/1400
f 1974/2000/1401 1984/2001/1403 760/1937/1404 759/1927/1402
f 1984/2001/1403 1994/2002/1405 761/1947/1406 760/1937/1404
f 1994/2002/1405 2004/2003/1407 762/1957/1408 761/1947/1406
f 2004/2003/1407 2014/2004/1409 763/1967/1410 762/1957/1408
f 2014/2004/1409 2024/89/89 764/92/92 763/1967/1410
f 45/2005/1411 725/2006/1412 1925/2007/1413 735/2008/1414
f 735/2008/1414 1925/2007/1413 1926/2009/1415 736/2010/1416
f 736/2010/1416 1926/2009/1415 1927/2011/1417 737/2012/1418
f 737/2012/1418 1927/2011/1417 1928/2013/1419 738/2014/1420
f 738/2014/1420 1928/2013/1419 1929/2015/1421 739/2016/1422
f 739/2016/1422 1929/2015/1421 1930/2017/1423 740/2018/1424
f 740/2018/1424 1930/2017/1423 1931/2019/1425 741/2020/1426
f 741/2020/1426 1931/2019/1425 1932/2021/1427 742/2022/1428
f 742/2022/1428 1932/2021/1427 1933/2023/1429 743/2024/1430
f 743/2024/1430 1933/2023/1429 1934/1996/1392 744/1995/1391
f 725/2006/1412 726/2025/1431 1935/2026/1432 1925/2007/1413
f 1925/2007/1413 1935/2026/1432 1936/2027/1433 1926/2009/1415
f 1926/2009/1415 1936/2027/1433 1937/2028/1434 1927/2011/1417
f 1927/2011/1417 1937/2028/1434 1938/2029/1435 1928/2013/1419
f 1928/2013/1419 1938/2029/1435 1939/2030/1436 1929/2015/1421
f 1929/2015/1421 1939/2030/1436 1940/2031/1437 1930/2017/1423
f 1930/2017/1423 1940/2031/1437 1941/2032/1438 1931/2019/1425
f 1931/2019/1425 1941/2032/1438 1942/2033/1439 1932/2021/1427
f 1932/2021/1427 1942/2033/1439 1943/2034/1440 1933/2023/1429
f 1933/2023/1429 1943/2034/1440 1944/1997/1395 1934/1996/1392
f 726/2025/1431 727/2035/1441 1945/2036/1442 1935/2026/1432
f 1935/2026/1432 1945/2036/1442 1946/2037/1443 1936/2027/1433
f 1936/2027/1433 1946/2037/1443 1947/2038/1444 1937/2028/1434
f 1937/2028/1434 1947/2038/1444 1948/2039/1445 1938/2029/1435
f 1938/2029/1435 1948/2039/1445 1949/2040/1446 1939/2030/1436
f 1939/2030/1436 1949/2040/1446 1950/2041/1447 1940/2031/1437
f 1940/2031/1437 1950/2041/1447 1951/2042/1448 1941/2032/1438
f 1941/2032/1438 1951/2042/1448 1952/2043/1449 1942/2033/1439
f 1942/2033/1439 1952/2043/1449 1953/2044/1450 1943/2034/1440
f 1943/2034/1440 1953/2044/1450 1954/1998/1397 1944/1997/1395
f 727/2035/1441 728/2045/1451 1955/2046/1452 1945/2036/1442
f 1945/2036/1442 1955/2046/1452 1956/2047/1453 1946/2037/1443
f 1946/2037/1443 1956/2047/1453 1957/2048/1454 1947/2038/1444
f 1947/2038/1444 1957/2048/1454 1958/2049/1455 1948/2039/1445
f 1948/2039/1445 1958/2049/1455 1959/2050/1456 1949/2040/1446
f 1949/2040/1446 1959/2050/1456 1960/2051/1457 1950/2041/1447
f 1950/2041/1447 1960/2051/1457 1961/2052/1458 1951/2042/1448
f 1951/2042/1448 1961/2052/1458 1962/2053/1459 1952/2043/1449
f 1952/2043/1449 1962/2053/1459 1963/2054/1460 1953/2044/1450
f 1953/2044/1450 1963/2054/1460 1964/1999/1399 1954/1998/1397
f 728/2045/1451 729/2055/1461 1965/2056/1462 1955/2046/1452
f 1955/2046/1452 1965/2056/1462 1966/2057/1463 1956/2047/1453
f 1956/2047/1453 1966/2057/1463 1967/2058/1464 1957/2048/1454
f 1957/2048/1454 1967/2058/1464 1968/2059/1465 1958/2049/1455
f 1958/2049/1455 1968/2059/1465 1969/2060/1466 1959/2050/1456
f 1959/2050/1456 1969/2060/1466 1970/2061/1467 1960/2051/1457
f 1960/2051/1457 1970/2061/1467 1971/2062/1468 1961/2052/1458
f 1961/2052/1458 1971/2062/1468 1972/2063/1469 1962/2053/1459
f 1962/2053/1459 1972/2063/1469 1973/2064/1470 1963/2054/1460
f 1963/2054/1460 1973/2064/1470 1974/2000/1401 1964/1999/1399
f 729/2055/1461 730/2065/1471 1975/2066/1472 1965/2056/1462
f 1965/2056/1462 1975/2066/1472 1976/2067/1473 1966/2057/1463
f 1966/2057/1463 1976/2067/1473 1977/2068/1474 1967/2058/1464
f 1967/2058/1464 1977/2068/1474 1978/2069/1475 1968/2059/1465
f 1968/2059/1465 1978/2069/1475 1979/2070/1476 1969/2060/1466
f 1969/2060/1466 1979/2070/1476 1980/2071/1477 1970/2061/1467
f 1970/2061/1467 1980/2071/1477 1981/2072/1478 1971/2062/1468
f 1971/2062/1468 1981/2072/1478 1982/2073/1479 1972/2063/1469
f 1972/2063/1469 1982/2073/1479 1983/2074/1480 1973/2064/1470
f 1973/2064/1470 1983/2074/1480 1984/2001/1403 1974/2000/1401
f 730/2065/1471 731/2075/1481 1985/2076/1482 1975/2066/1472
f 1975/2066/1472 1985/2076/1482 1986/2077/1483 1976/2067/1473
f 1976/2067/1473 1986/2077/1483 1987/2078/1484 1977/2068/1474
f 1977/2068/1474 1987/2078/1484 1988/2079/1485 1978/2069/1475
f 1978/2069/1475 1988/2079/1485 1989/2080/1486 1979/2070/1476
f 1979/2070/1476 1989/2080/1486 1990/2081/1487 1980/2071/1477
f 1980/2071/1477 1990/2081/1487 1991/2082/1488 1981/2072/1478
f 1981/2072/1478 1991/2082/1488 1992/2083/1489 1982/2073/1479
f 1982/2073/1479 1992/2083/1489 1993/2084/1490 1983/2074/1480
f 1983/2074/1480 1993/2084/1490 1994/2002/1405 1984/2001/1403
f 731/2075/1481 732/2085/1491 1995/2086/1492 1985/2076/1482
f 1985/2076/1482 1995/2086/1492 1996/2087/1493 1986/2077/1483
f 1986/2077/1483 1996/2087/1493 1997/2088/1494 1987/2078/1484
f 1987/2078/1484 1997/2088/1494 1998/2089/1495 1988/2079/1485
f 1988/2079/1485 1998/2089/1495 1999/2090/1496 1989/2080/1486
f 1989/2080/1486 1999/2090/1496 2000/2091/1497 1990/2081/1487
f 1990/2081/1487 2000/2091/1497 2001/2092/1498 1991/2082/1488
f 1991/2082/1488 2001/2092/1498 2002/2093/1499 1992/2083/1489
f 1992/2083/1489 2002/2093/1499 2003/2094/1500 1993/2084/1490
f 1993/2084/1490 2003/2094/1500 2004/2003/1407 1994/2002/1405
f 732/2085/1491 733/2095/1501 2005/2096/1502 1995/2086/1492
f 1995/2086/1492 2005/2096/1502 2006/2097/1503 1996/2087/1493
f 1996/2087/1493 2006/2097/1503 2007/2098/1504 1997/2088/1494
f 1997/2088/1494 2007/2098/1504 2008/2099/1505 1998/2089/1495
f 1998/2089/1495 2008/2099/1505 2009/2100/1506 1999/2090/1496
f 1999/2090/1496 2009/2100/1506 2010/2101/1507 2000/2091/1497
f 2000/2091/1497 2010/2101/1507 2011/2102/1508 2001/2092/1498
f 2001/2092/1498 2011/2102/1508 2012/2103/1509 2002/2093/1499
f 2002/2093/1499 2012/2103/1509 2013/2104/1510 2003/2094/1500
f 2003/2094/1500 2013/2104/1510 2014/2004/1409 2004/2003/1407
f 733/2095/1501 734/88/1511 2015/2105/1512 2005/2096/1502
f 2005/2096/1502 2015/2105/1512 2016/2106/1513 2006/2097/1503
f 2006/2097/1503 2016/2106/1513 2017/2107/1514 2007/2098/1504
f 2007/2098/1504 2017/2107/1514 2018/2108/1515 2008/2099/1505
f 2008/2099/1505 2018/2108/1515 2019/2109/1516 2009/2100/1506
f 2009/2100/1506 2019/2109/1516 2020/2110/1517 2010/2101/1507
f 2010/2101/1507 2020/2110/1517 2021/2111/1518 2011/2102/1508
f 2011/2102/1508 2021/2111/1518 2022/2112/1519 2012/2103/1509
f 2012/2103/1509 2022/2112/1519 2023/2113/1520 2013/2104/1510
f 2013/2104/1510 2023/2113/1520 2024/89/89 2014/2004/1409
f 734/88/1511 46/87/1521 745/2114/1522 2015/2105/1512
f 2015/2105/1512 745/2114/1522 746/2115/1523 2016/2106/1513
f 2016/2106/1513 746/2115/1523 747/2116/1524 2017/2107/1514
f 2017/2107/1514 747/2116/1524 748/2117/1525 2018/2108/1515
f 2018/2108/1515 748/2117/1525 749/2118/1526 2019/2109/1516
f 2019/2109/1516 749/2118/1526 750/2119/1527 2020/2110/1517
f 2020/2110/1517 750/2119/1527 751/2120/1528 2021/2111/1518
f 2021/2111/1518 751/2120/1528 752/2121/1529 2022/2112/1519
f 2022/2112/1519 752/2121/1529 753/2122/1530 2023/2113/1520
f 2023/2113/1520 753/2122/1530 754/90/90 2024/89/89
f 714/2123/1531 2034/2124/1532 725/2006/1533 45/2005/1534
f 2034/2124/1532 2044/2125/1535 726/2025/1536 725/2006/1533
f 2044/2125/1535 2054/2126/1537 727/2035/1538 726/2025/1536
f 2054/2126/1537 2064/2127/1539 728/2045/1540 727/2035/1538
f 2064/2127/1539 2074/2128/1541 729/2055/1542 728/2045/1540
f 2074/2128/1541 2084/2129/1543 730/2065/1544 729/2055/1542
f 2084/2129/1543 2094/2130/1545 731/2075/1546 730/2065/1544
f 2094/2130/1545 2104/2131/1547 732/2085/1548 731/2075/1546
f 2104/2131/1547 2114/2132/1549 733/2095/1550 732/2085/1548
f 2114/2132/1549 2124/85/85 734/88/88 733/2095/1550
f 43/2133/1551 695/2134/1552 2025/2135/1553 705/2136/1554
f 705/2136/1554 2025/2135/1553 2026/2137/1555 706/2138/1556
f 706/2138/1556 2026/2137/1555 2027/2139/1557 707/2140/1558
f 707/2140/1558 2027/2139/1557 2028/2141/1559 708/2142/1560
f 708/2142/1560 2028/2141/1559 2029/2143/1561 709/2144/1562
f 709/2144/1562 2029/2143/1561 2030/2145/1563 710/2146/1564
f 710/2146/1564 2030/2145/1563 2031/2147/1565 711/2148/1566
f 711/2148/1566 2031/2147/1565 2032/2149/1567 712/2150/1568
f 712/2150/1568 2032/2149/1567 2033/2151/1569 713/2152/1570
f 713/2152/1570 2033/2151/1569 2034/2124/1532 714/2123/1531
f 695/2134/1552 696/2153/1571 2035/2154/1572 2025/2135/1553
f 2025/2135/1553 2035/2154/1572 2036/2155/1573 2026/2137/1555
f 2026/2137/1555 2036/2155/1573 2037/2156/1574 2027/2139/1557
f 2027/2139/1557 2037/2156/1574 2038/2157/1575 2028/2141/1559
f 2028/2141/1559 2038/2157/1575 2039/2158/1576 2029/2143/1561
f 2029/2143/1561 2039/2158/1576 2040/2159/1577 2030/2145/1563
f 2030/2145/1563 2040/2159/1577 2041/2160/1578 2031/2147/1565
f 2031/2147/1565 2041/2160/1578 2042/2161/1579 2032/2149/1567
f 2032/2149/1567 2042/2161/1579 2043/2162/1580 2033/2151/1569
f 2033/2151/1569 2043/2162/1580 2044/2125/1535 2034/2124/1532
f 696/2153/1571 697/2163/1581 2045/2164/1582 2035/2154/1572
f 2035/2154/1572 2045/2164/1582 2046/2165/1583 2036/2155/1573
f 2036/2155/1573 2046/2165/1583 2047/2166/1584 2037/2156/1574
f 2037/2156/1574 2047/2166/1584 2048/2167/1585 2038/2157/1575
f 2038/2157/1575 2048/2167/1585 2049/2168/1586 2039/2158/1576
f 2039/2158/1576 2049/2168/1586 2050/2169/1587 2040/2159/1577
f 2040/2159/1577 2050/2169/1587 2051/2170/1588 2041/2160/1578
f 2041/2160/1578 2051/2170/1588 2052/2171/1589 2042/2161/1579
f 2042/2161/1579 2052/2171/1589 2053/2172/1590 2043/2162/1580
f 2043/2162/1580 2053/2172/1590 2054/2126/1537 2044/2125/1535
f 697/2163/1581 698/2173/1591 2055/2174/1592 2045/2164/1582
f 2045/2164/1582 2055/2174/1592 2056/2175/1593 2046/2165/1583
f 2046/2165/1583 2056/2175/1593 2057/2176/1594 2047/2166/1584
f 2047/2166/1584 2057/2176/1594 2058/2177/1595 2048/2167/1585
f 2048/2167/1585 2058/2177/1595 2059/2178/1596 2049/2168/1586
f 2049/2168/1586 2059/2178/1596 2060/2179/1597 2050/2169/1587
f 2050/2169/1587 2060/2179/1597 2061/2180/1598 2051/2170/1588
f 2051/2170/1588 2061/2180/1598 2062/2181/1599 2052/2171/1589
f 2052/2171/1589 2062/2181/1599 2063/2182/1600 2053/2172/1590
f 2053/2172/1590 2063/2182/1600 2064/2127/1539 2054/2126/1537
f 698/2173/1591 699/2183/1601 2065/2184/1602 2055/2174/1592
f 2055/2174/1592 2065/2184/1602 2066/2185/1603 2056/2175/1593
f 2056/2175/1593 2066/2185/1603 2067/2186/1604 2057/2176/1594
f 2057/2176/1594 2067/2186/1604 2068/2187/1605 2058/2177/1595
f 2058/2177/1595 2068/2187/1605 2069/2188/1606 2059/2178/1596
f 2059/2178/1596 2069/2188/1606 2070/2189/1607 2060/2179/1597
f 2060/2179/1597 2070/2189/1607 2071/2190/1608 2061/2180/1598
f 2061/2180/1598 2071/2190/1608 2072/2191/1609 2062/2181/1599
f 2062/2181/1599 2072/2191/1609 2073/2192/1610 2063/2182/1600
f 2063/2182/1600 2073/2192/1610 2074/2128/1541 2064/2127/1539
f 699/2183/1601 700/2193/1611 2075/2194/1612 2065/2184/1602
f 2065/2184/1602 2075/2194/1612 2076/2195/1613 2066/2185/1603
f 2066/2185/1603 2076/2195/1613 2077/2196/1614 2067/2186/1604
f 2067/2186/1604 2077/2196/1614 2078/2197/1615 2068/2187/1605
f 2068/2187/1605 2078/2197/1615 2079/2198/1616 2069/2188/1606
f 2069/2188/1606 2079/2198/1616 2080/2199/1617 2070/2189/1607
f 2070/2189/1607 2080/2199/1617 2081/2200/1618 2071/2190/1608
f 2071/2190/1608 2081/2200/1618 2082/2201/1619 2072/2191/1609
f 2072/2191/1609 2082/2201/1619 2083/2202/1620 2073/2192/1610
f 2073/2192/1610 2083/2202/1620 2084/2129/1543 2074/2128/1541
f 700/2193/1611 701/2203/1621 2085/2204/1622 2075/2194/1612
f 2075/2194/1612 2085/2204/1622 2086/2205/1623 2076/2195/1613
f 2076/2195/1613 2086/2205/1623 2087/2206/1624 2077/2196/1614
f 2077/2196/1614 2087/2206/1624 2088/2207/1625 2078/2197/1615
f 2078/2197/1615 2088/2207/1625 2089/2208/1626 2079/2198/1616
f 2079/2198/1616 2089/2208/1626 2090/2209/1627 2080/2199/1617
f 2080/2199/1617 2090/2209/1627 2091/2210/1628 2081/2200/1618
f 2081/2200/1618 2091/2210/1628 2092/2211/1629 2082/2201/1619
f 2082/2201/1619 2092/2211/1629 2093/2212/1630 2083/2202/1620
f 2083/2202/1620 2093/2212/1630 2094/2130/1545 2084/2129/1543
f 701/2203/1621 702/2213/1631 2095/2214/1632 2085/2204/1622
f 2085/2204/1622 2095/2214/1632 2096/2215/1633 2086/2205/1623
f 2086/2205/1623 2096/2215/1633 2097/2216/1634 2087/2206/1624
f 2087/2206/1624 2097/2216/1634 2098/2217/1635 2088/2207/1625
f 2088/2207/1625 2098/2217/1635 2099/2218/1636 2089/2208/1626
f 2089/2208/1626 2099/2218/1636 2100/2219/1637 2090/2209/1627
f 2090/2209/1627 2100/2219/1637 2101/2220/1638 2091/2210/1628
f 2091/2210/1628 2101/2220/1638 2102/2221/1639 2092/2211/1629
f 2092/2211/1629 2102/2221/1639 2103/2222/1640 2093/2212/1630
f 2093/2212/1630 2103/2222/1640 2104/2131/1547 2094/2130/1545
f 702/2213/1631 703/2223/1641 2105/2224/1642 2095/2214/1632
f 2095/2214/1632 2105/2224/1642 2106/2225/1643 2096/2215/1633
f 2096/2215/1633 2106/2225/1643 2107/2226/1644 2097/2216/1634
f 2097/2216/1634 2107/2226/1644 2108/2227/1645 2098/2217/1635
f 2098/2217/1635 2108/2227/1645 2109/2228/1646 2099/2218/1636
f 2099/2218/1636 2109/2228/1646 2110/2229/1647 2100/2219/1637
f 2100/2219/1637 2110/2229/1647 2111/2230/1648 2101/2220/1638
f 2101/2220/1638 2111/2230/1648 2112/2231/1649 2102/2221/1639
f 2102/2221/1639 2112/2231/1649 2113/2232/1650 2103/2222/1640
f 2103/2222/1640 2113/2232/1650 2114/2132/1549 2104/2131/1547
f 703/2223/1641 704/84/1651 2115/2233/1652 2105/2224/1642
f 2105/2224/1642 2115/2233/1652 2116/2234/1653 2106/2225/1643
f 2106/2225/1643 2116/2234/1653 2117/2235/1654 2107/2226/1644
f 2107/2226/1644 2117/2235/1654 2118/2236/1655 2108/2227/1645
f 2108/2227/1645 2118/2236/1655 2119/2237/1656 2109/2228/1646
f 2109/2228/1646 2119/2237/1656 2120/2238/1657 2110/2229/1647
f 2110/2229/1647 2120/2238/1657 2121/2239/1658 2111/2230/1648
f 2111/2230/1648 2121/2239/1658 2122/2240/1659 2112/2231/1649
f 2112/2231/1649 2122/2240/1659 2123/2241/1660 2113/2232/1650
f 2113/2232/1650 2123/2241/1660 2124/85/85 2114/2132/1549
f 704/84/1651 44/83/1661 715/2242/1662 2115/2233/1652
f 2115/2233/1652 715/2242/1662 716/2243/1663 2116/2234/1653
f 2116/2234/1653 716/2243/1663 717/2244/1664 2117/2235/1654
f 2117/2235/1654 717/2244/1664 718/2245/1665 2118/2236/1655
f 2118/2236/1655 718/2245/1665 719/2246/1666 2119/2237/1656
f 2119/2237/1656 719/2246/1666 720/2247/1667 2120/2238/1657
f 2120/2238/1657 720/2247/1667 721/2248/1668 2121/2239/1658
f 2121/2239/1658 721/2248/1668 722/2249/1669 2122/2240/1659
f 2122/2240/1659 722/2249/1669 723/2250/1670 2123/2241/1660
f 2123/2241/1660 723/2250/1670 724/86/86 2124/85/85
f 684/2251/1671 2134/2252/1672 695/2134/1673 43/2133/1674
f 2134/2252/1672 2144/2253/1675 696/2153/1676 695/2134/1673
f 2144/2253/1675 2154/2254/1677 697/2163/1678 696/2153/1676
f 2154/2254/1677 2164/2255/1679 698/2173/1680 697/2163/1678
f 2164/2255/1679 2174/2256/1681 699/2183/1682 698/2173/1680
f 2174/2256/1681 2184/2257/1683 700/2193/1684 699/2183/1682
f 2184/2257/1683 2194/2258/1685 701/2203/1686 700/2193/1684
f 2194/2258/1685 2204/2259/1687 702/2213/1688 701/2203/1686
f 2204/2259/1687 2214/2260/1689 703/2223/1690 702/2213/1688
f 2214/2260/1689 2224/81/81 704/84/84 703/2223/1690
f 41/2261/1691 665/2262/1692 2125/2263/1693 675/2264/1694
f 675/2264/1694 2125/2263/1693 2126/2265/1695 676/2266/1696
f 676/2266/1696 2126/2265/1695 2127/2267/1697 677/2268/1698
f 677/2268/1698 2127/2267/1697 2128/2269/1699 678/2270/1700
f 678/2270/1700 2128/2269/1699 2129/2271/1701 679/2272/1702
f 679/2272/1702 2129/2271/1701 2130/2273/1703 680/2274/1704
f 680/2274/1704 2130/2273/1703 2131/2275/1705 681/2276/1706
f 681/2276/1706 2131/2275/1705 2132/2277/1707 682/2278/1708
f 682/2278/1708 2132/2277/1707 2133/2279/1709 683/2280/1710
f 683/2280/1710 2133/2279/1709 2134/2252/1672 684/2251/1671
f 665/2262/1692 666/2281/1711 2135/2282/1712 2125/2263/1693
f 2125/2263/1693 2135/2282/1712 2136/2283/1713 2126/2265/1695
f 2126/2265/1695 2136/2283/1713 2137/2284/1714 2127/2267/1697
f 2127/2267/1697 2137/2284/1714 2138/2285/1715 2128/2269/1699
f 2128/2269/1699 2138/2285/1715 2139/2286/1716 2129/2271/1701
f 2129/2271/1701 2139/2286/1716 2140/2287/1717 2130/2273/1703
f 2130/2273/1703 2140/2287/1717 2141/2288/1718 2131/2275/1705
f 2131/2275/1705 2141/2288/1718 2142/2289/1719 2132/2277/1707
f 2132/2277/1707 2142/2289/1719 2143/2290/1720 2133/2279/1709
f 2133/2279/1709 2143/2290/1720 2144/2253/1675 2134/2252/1672
f 666/2281/1711 667/2291/1721 2145/2292/1722 2135/2282/1712
f 2135/2282/1712 2145/2292/1722 2146/2293/1723 2136/2283/1713
f 2136/2283/1713 2146/2293/1723 2147/2294/1724 2137/2284/1714
f 2137/2284/1714 2147/2294/1724 2148/2295/1725 2138/2285/1715
f 2138/2285/1715 2148/2295/1725 2149/2296/1726 2139/2286/1716
f 2139/2286/1716 2149/2296/1726 2150/2297/1727 2140/2287/1717
f 2140/2287/1717 2150/2297/1727 2151/2298/1728 2141/2288/1718
f 2141/2288/1718 2151/2298/1728 2152/2299/1729 2142/2289/1719
f 2142/2289/1719 2152/2299/1729 2153/2300/1730 2143/2290/1720
f 2143/2290/1720 2153/2300/1730 2154/2254/1677 2144/2253/1675
f 667/2291/1721 668/2301/1731 2155/2302/1732 2145/2292/1722
f 2145/2292/1722 2155/2302/1732 2156/2303/1733 2146/2293/1723
f 2146/2293/1723 2156/2303/1733 2157/2304/1734 2147/2294/1724
f 2147/2294/1724 2157/2304/1734 2158/2305/1735 2148/2295/1725
f 2148/2295/1725 2158/2305/1735 2159/2306/1736 2149/2296/1726
f 2149/2296/1726 2159/2306/1736 2160/2307/1737 2150/2297/1727
f 2150/2297/1727 2160/2307/1737 2161/2308/1738 2151/2298/1728
f 2151/2298/1728 2161/2308/1738 2162/2309/1739 2152/2299/1729
f 2152/2299/1729 2162/2309/1739 2163/2310/1740 2153/2300/1730
f 2153/2300/1730 2163/2310/1740 2164/2255/1679 2154/2254/1677
f 668/2301/1731 669/2311/1741 2165/2312/1742 2155/2302/1732
f 2155/2302/1732 2165/2312/1742 2166/2313/1743 2156/2303/1733
f 2156/2303/1733 2166/2313/1743 2167/2314/1744 2157/2304/1734
f 2157/2304/1734 2167/2314/1744 2168/2315/1745 2158/2305/1735
f 2158/2305/1735 2168/2315/1745 2169/2316/1746 2159/2306/1736
f 2159/2306/1736 2169/2316/1746 2170/2317/1747 2160/2307/1737
f 2160/2307/1737 2170/2317/1747 2171/2318/1748 2161/2308/1738
f 2161/2308/1738 2171/2318/1748 2172/2319/1749 2162/2309/1739
f 2162/2309/1739 2172/2319/1749 2173/2320/1750 2163/2310/1740
f 2163/2310/1740 2173/2320/1750 2174/2256/1681 2164/2255/1679
f 669/2311/1741 670/2321/1751 2175/2322/1752 2165/2312/1742
f 2165/2312/1742 2175/2322/1752 2176/2323/1753 2166/2313/1743
f 2166/2313/1743 2176/2323/1753 2177/2324/1754 2167/2314/1744
f 2167/2314/1744 2177/2324/1754 2178/2325/1755 2168/2315/1745
f 2168/2315/1745 2178/2325/1755 2179/2326/1756 2169/2316/1746
f 2169/2316/1746 2179/2326/1756 2180/2327/1757 2170/2317/1747
f 2170/2317/1747 2180/2327/1757 2181/2328/1758 2171/2318/1748
f 2171/2318/1748 2181/2328/1758 2182/2329/1759 2172/2319/1749
f 2172/2319/1749 2182/2329/1759 2183/2330/1760 2173/2320/1750
f 2173/2320/1750 2183/2330/1760 2184/2257/1683 2174/2256/1681
f 670/2321/1751 671/2331/1761 2185/2332/1762 2175/2322/1752
f 2175/2322/1752 2185/2332/1762 2186/2333/1763 2176/2323/1753
f 2176/2323/1753 2186/2333/1763 2187/2334/1764 2177/2324/1754
f 2177/2324/1754 2187/2334/1764 2188/2335/1765 2178/2325/1755
f 2178/2325/1755 2188/2335/1765 2189/2336/1766 2179/2326/1756
f 2179/2326/1756 2189/2336/1766 2190/2337/1767 2180/2327/1757
f 2180/2327/1757 2190/2337/1767 2191/2338/1768 2181/2328/1758
f 2181/2328/1758 2191/2338/1768 2192/2339/1769 2182/2329/1759
f 2182/2329/1759 2192/2339/1769 2193/2340/1770 2183/2330/1760
f 2183/2330/1760 2193/2340/1770 2194/2258/1685 2184/2257/1683
f 671/2331/1761 672/2341/1771 2195/2342/1772 2185/2332/1762
f 2185/2332/1762 2195/2342/1772 2196/2343/1773 2186/2333/1763
f 2186/2333/1763 2196/2343/1773 2197/2344/1774 2187/2334/1764
f 2187/2334/1764 2197/2344/1774 2198/2345/1775 2188/2335/1765
f 2188/2335/1765 2198/2345/1775 2199/2346/1776 2189/2336/1766
f 2189/2336/1766 2199/2346/1776 2200/2347/1777 2190/2337/1767
f 2190/2337/1767 2200/2347/1777 2201/2348/1778 2191/2338/1768
f 2191/2338/1768 2201/2348/1778 2202/2349/1779 2192/2339/1769
f 2192/2339/1769 2202/2349/1779 2203/2350/1780 2193/2340/1770
f 2193/2340/1770 2203/2350/1780 2204/2259/1687 2194/2258/1685
f 672/2341/1771 673/2351/1781 2205/2352/1782 2195/2342/1772
f 2195/2342/1772 2205/2352/1782 2206/2353/1783 2196/2343/1773
f 2196/2343/1773 2206/2353/1783 2207/2354/1784 2197/2344/1774
f 2197/2344/1774 2207/2354/1784 2208/2355/1785 2198/2345/1775
f 2198/2345/1775 2208/2355/1785 2209/2356/1786 2199/2346/1776
f 2199/2346/1776 2209/2356/1786 2210/2357/1787 2200/2347/1777
f 2200/2347/1777 2210/2357/1787 2211/2358/1788 2201/2348/1778
f 2201/2348/1778 2211/2358/1788 2212/2359/1789 2202/2349/1779
f 2202/2349/1779 2212/2359/1789 2213/2360/1790 2203/2350/1780
f 2203/2350/1780 2213/2360/1790 2214/2260/1689 2204/2259/1687
f 673/2351/1781 674/80/1791 2215/2361/1792 2205/2352/1782
f 2205/2352/1782 2215/2361/1792 2216/2362/1793 2206/2353/1783
f 2206/2353/1783 2216/2362/1793 2217/2363/1794 2207/2354/1784
f 2207/2354/1784 2217/2363/1794 2218/2364/1795 2208/2355/1785
f 2208/2355/1785 2218/2364/1795 2219/2365/1796 2209/2356/1786
f 2209/2356/1786 2219/2365/1796 2220/2366/1797 2210/2357/1787
f 2210/2357/1787 2220/2366/1797 2221/2367/1798 2211/2358/1788
f 2211/2358/1788 2221/2367/1798 2222/2368/1799 2212/2359/1789
f 2212/2359/1789 2222/2368/1799 2223/2369/1800 2213/2360/1790
f 2213/2360/1790 2223/2369/1800 2224/81/81 2214/2260/1689
f 674/80/1791 42/79/1801 685/2370/1802 2215/2361/1792
f 2215/2361/1792 685/2370/1802 686/2371/1803 2216/2362/1793
f 2216/2362/1793 686/2371/1803 687/2372/1804 2217/2363/1794
f 2217/2363/1794 687/2372/1804 688/2373/1805 2218/2364/1795
f 2218/2364/1795 688/2373/1805 689/2374/1806 2219/2365/1796
f 2219/2365/1796 689/2374/1806 690/2375/1807 2220/2366/1797
f 2220/2366/1797 690/2375/1807 691/2376/1808 2221/2367/1798
f 2221/2367/1798 691/2376/1808 692/2377/1809 2222/2368/1799
f 2222/2368/1799 692/2377/1809 693/2378/1810 2223/2369/1800
f 2223/2369/1800 693/2378/1810 694/82/82 2224/81/81
f 654/2379/1811 2234/2380/1812 665/2262/1813 41/2261/1814
f 2234/2380/1812 2244/2381/1815 666/2281/1816 665/2262/1813
f 2244/2381/1815 2254/2382/1817 667/2291/1818 666/2281/1816
f 2254/2382/1817 2264/2383/1819 668/2301/1820 667/2291/1818
f 2264/2383/1819 2274/2384/1821 669/2311/1822 668/2301/1820
f 2274/2384/1821 2284/2385/1823 670/2321/1824 669/2311/1822
f 2284/2385/1823 2294/2386/1825 671/2331/1826 670/2321/1824
f 2294/2386/1825 2304/2387/1827 672/2341/1828 671/2331/1826
f 2304/2387/1827 2314/2388/1829 673/2351/1830 672/2341/1828
f 2314/2388/1829 2324/77/77 674/80/80 673/2351/1830
f 39/2389/1831 635/2390/1832 2225/2391/1833 645/2392/1834
f 645/2392/1834 2225/2391/1833 2226/2393/1835 646/2394/1836
f 646/2394/1836 2226/2393/1835 2227/2395/1837 647/2396/1838
f 647/2396/1838 2227/2395/1837 2228/2397/1839 648/2398/1840
f 648/2398/1840 2228/2397/1839 2229/2399/1841 649/2400/1842
f 649/2400/1842 2229/2399/1841 2230/2401/1843 650/2402/1844
f 650/2402/1844 2230/2401/1843 2231/2403/1845 651/2404/1846
f 651/2404/1846 2231/2403/1845 2232/2405/1847 652/2406/1848
f 652/2406/1848 2232/2405/1847 2233/2407/1849 653/2408/1850
f 653/2408/1850 2233/2407/1849 2234/2380/1812 654/2379/1811
f 635/2390/1832 636/2409/1851 2235/2410/1852 2225/2391/1833
f 2225/2391/1833 2235/2410/1852 2236/2411/1853 2226/2393/1835
f 2226/2393/1835 2236/2411/1853 2237/2412/1854 2227/2395/1837
f 2227/2395/1837 2237/2412/1854 2238/2413/1855 2228/2397/1839
f 2228/2397/1839 2238/2413/1855 2239/2414/1856 2229/2399/1841
f 2229/2399/1841 2239/2414/1856 2240/2415/1857 2230/2401/1843
f 2230/2401/1843 2240/2415/1857 2241/2416/1858 2231/2403/1845
f 2231/2403/1845 2241/2416/1858 2242/2417/1859 2232/2405/1847
f 2232/2405/1847 2242/2417/1859 2243/2418/1860 2233/2407/1849
f 2233/2407/1849 2243/2418/1860 2244/2381/1815 2234/2380/1812
f 636/2409/1851 637/2419/1861 2245/2420/1862 2235/2410/1852
f 2235/2410/1852 2245/2420/1862 2246/2421/1863 2236/2411/1853
f 2236/2411/1853 2246/2421/1863 2247/2422/1864 2237/2412/1854
f 2237/2412/1854 2247/2422/1864 2248/2423/1865 2238/2413/1855
f 2238/2413/1855 2248/2423/1865 2249/2424/1866 2239/2414/1856
f 2239/2414/1856 2249/2424/1866 2250/2425/1867 2240/2415/1857
f 2240/2415/1857 2250/2425/1867 2251/2426/1868 2241/2416/1858
f 2241/2416/1858 2251/2426/1868 2252/2427/1869 2242/2417/1859
f 2242/2417/1859 2252/2427/1869 2253/2428/1870 2243/2418/1860
f 2243/2418/1860 2253/2428/1870 2254/2382/1817 2244/2381/1815
f 637/2419/1861 638/2429/1871 2255/2430/1872 2245/2420/1862
f 2245/2420/1862 2255/2430/1872 2256/2431/1873 2246/2421/1863
f 2246/2421/1863 2256/2431/1873 2257/2432/1874 2247/2422/1864
f 2247/2422/1864 2257/2432/1874 2258/2433/1875 2248/2423/1865
f 2248/2423/1865 2258/2433/1875 2259/2434/1876 2249/2424/1866
f 2249/2424/1866 2259/2434/1876 2260/2435/1877 2250/2425/1867
f 2250/2425/1867 2260/2435/1877 2261/2436/1878 2251/2426/1868
f 2251/2426/1868 2261/2436/1878 2262/2437/1879 2252/2427/1869
f 2252/2427/1869 2262/2437/1879 2263/2438/1880 2253/2428/1870
f 2253/2428/1870 2263/2438/1880 2264/2383/1819 2254/2382/1817
f 638/2429/1871 639/2439/1881 2265/2440/1882 2255/2430/1872
f 2255/2430/1872 2265/2440/1882 2266/2441/1883 2256/2431/1873
f 2256/2431/1873 2266/2441/1883 2267/2442/1884 2257/2432/1874
f 2257/2432/1874 2267/2442/1884 2268/2443/1885 2258/2433/1875
f 2258/2433/1875 2268/2443/1885 2269/2444/1886 2259/2434/1876
f 2259/2434/1876 2269/2444/1886 2270/2445/1887 2260/2435/1877
f 2260/2435/1877 2270/2445/1887 2271/2446/1888 2261/2436/1878
f 2261/2436/1878 2271/2446/1888 2272/2447/1889 2262/2437/1879
f 2262/2437/1879 2272/2447/1889 2273/2448/1890 2263/2438/1880
f 2263/2438/1880 2273/2448/1890 2274/2384/1821 2264/2383/1819
f 639/2439/1881 640/2449/1891 2275/2450/1892 2265/2440/1882
f 2265/2440/1882 2275/2450/1892 2276/2451/1893 2266/2441/1883
f 2266/2441/1883 2276/2451/1893 2277/2452/1894 2267/2442/1884
f 2267/2442/1884 2277/2452/1894 2278/2453/1895 2268/2443/1885
f 2268/2443/1885 2278/2453/1895 2279/2454/1896 2269/2444/1886
f 2269/2444/1886 2279/2454/1896 2280/2455/1897 2270/2445/1887
f 2270/2445/1887 2280/2455/1897 2281/2456/1898 2271/2446/1888
f 2271/2446/1888 2281/2456/1898 2282/2457/1899 2272/2447/1889
f 2272/2447/1889 2282/2457/1899 2283/2458/1900 2273/2448/1890
f 2273/2448/1890 2283/2458/1900 2284/2385/1823 2274/2384/1821
f 640/2449/1891 641/2459/1901 2285/2460/1902 2275/2450/1892
f 2275/2450/1892 2285/2460/1902 2286/2461/1903 2276/2451/1893
f 2276/2451/1893 2286/2461/1903 2287/2462/1904 2277/2452/1894
f 2277/2452/1894 2287/2462/1904 2288/2463/1905 2278/2453/1895
f 2278/2453/1895 2288/2463/1905 2289/2464/1906 2279/2454/1896
f 2279/2454/1896 2289/2464/1906 2290/2465/1907 2280/2455/1897
f 2280/2455/1897 2290/2465/1907 2291/2466/1908 2281/2456/1898
f 2281/2456/1898 2291/2466/1908 2292/2467/1909 2282/2457/1899
f 2282/2457/1899 2292/2467/1909 2293/2468/1910 2283/2458/1900
f 2283/2458/1900 2293/2468/1910 2294/2386/1825 2284/2385/1823
f 641/2459/1901 642/2469/1911 2295/2470/1912 2285/2460/1902
f 2285/2460/1902 2295/2470/1912 2296/2471/1913 2286/2461/1903
f 2286/2461/1903 2296/2471/1913 2297/2472/1914 2287/2462/1904
f 2287/2462/1904 2297/2472/1914 2298/2473/1915 2288/2463/1905
f 2288/2463/1905 2298/2473/1915 2299/2474/1916 2289/2464/1906
f 2289/2464/1906 2299/2474/1916 2300/2475/1917 2290/2465/1907
f 2290/2465/1907 2300/2475/1917 2301/2476/1918 2291/2466/1908
f 2291/2466/1908 2301/2476/1918 2302/2477/1919 2292/2467/1909
f 2292/2467/1909 2302/2477/1919 2303/2478/1920 2293/2468/1910
f 2293/2468/1910 2303/2478/1920 2304/2387/1827 2294/2386/1825
f 642/2469/1911 643/2479/1921 2305/2480/1922 2295/2470/1912
f 2295/2470/1912 2305/2480/1922 2306/2481/1923 2296/2471/1913
f 2296/2471/1913 2306/2481/1923 2307/2482/1924 2297/2472/1914
f 2297/2472/1914 2307/2482/1924 2308/2483/1925 2298/2473/1915
f 2298/2473/1915 2308/2483/1925 2309/2484/1926 2299/2474/1916
f 2299/2474/1916 2309/2484/1926 2310/2485/1927 2300/2475/1917
f 2300/2475/1917 2310/2485/1927 2311/2486/1928 2301/2476/1918
f 2301/2476/1918 2311/2486/1928 2312/2487/1929 2302/2477/1919
f 2302/2477/1919 2312/2487/1929 2313/2488/1930 2303/2478/1920
f 2303/2478/1920 2313/2488/1930 2314/2388/1829 2304/2387/1827
f 643/2479/1921 644/76/1931 2315/2489/1932 2305/2480/1922
f 2305/2480/1922 2315/2489/1932 2316/2490/1933 2306/2481/1923
f 2306/2481/1923 2316/2490/1933 2317/2491/1934 2307/2482/1924
f 2307/2482/1924 2317/2491/1934 2318/2492/1935 2308/2483/1925
f 2308/2483/1925 2318/2492/1935 2319/2493/1936 2309/2484/1926
f 2309/2484/1926 2319/2493/1936 2320/2494/1937 2310/2485/1927
f 2310/2485/1927 2320/2494/1937 2321/2495/1938 2311/2486/1928
f 2311/2486/1928 2321/2495/1938 2322/2496/1939 2312/2487/1929
f 2312/2487/1929 2322/2496/1939 2323/2497/1940 2313/2488/1930
f 2313/2488/1930 2323/2497/1940 2324/77/77 2314/2388/1829
f 644/76/1931 40/75/1941 655/2498/1942 2315/2489/1932
f 2315/2489/1932 655/2498/1942 656/2499/1943 2316/2490/1933
f 2316/2490/1933 656/2499/1943 657/2500/1944 2317/2491/1934
f 2317/2491/1934 657/2500/1944 658/2501/1945 2318/2492/1935
f 2318/2492/1935 658/2501/1945 659/2502/1946 2319/2493/1936
f 2319/2493/1936 659/2502/1946 660/2503/1947 2320/2494/1937
f 2320/2494/1937 660/2503/1947 661/2504/1948 2321/2495/1938
f 2321/2495/1938 661/2504/1948 662/2505/1949 2322/2496/1939
f 2322/2496/1939 662/2505/1949 663/2506/1950 2323/2497/1940
f 2323/2497/1940 663/2506/1950 664/78/78 2324/77/77
f 624/2507/1951 2334/2508/1952 635/2390/1953 39/2389/1954
f 2334/2508/1952 2344/2509/1955 636/2409/1956 635/2390/1953
f 2344/2509/1955 2354/2510/1957 637/2419/1958 636/2409/1956
f 2354/2510/1957 2364/2511/1959 638/2429/1960 637/2419/1958
f 2364/2511/1959 2374/2512/1961 639/2439/1962 638/2429/1960
f 2374/2512/1961 2384/2513/1963 640/2449/1964 639/2439/1962
f 2384/2513/1963 2394/2514/1965 641/2459/1966 640/2449/1964
f 2394/2514/1965 2404/2515/1967 642/2469/1968 641/2459/1966
f 2404/2515/1967 2414/2516/1969 643/2479/1970 642/2469/1968
f 2414/2516/1969 2424/73/73 644/76/76 643/2479/1970
f 37/2517/1971 605/2518/1972 2325/2519/1973 615/2520/1974
f 615/2520/1974 2325/2519/1973 2326/2521/1975 616/2522/1976
f 616/2522/1976 2326/2521/1975 2327/2523/1977 617/2524/1978
f 617/2524/1978 2327/2523/1977 2328/2525/1979 618/2526/1980
f 618/2526/1980 2328/2525/1979 2329/2527/1981 619/2528/1982
f 619/2528/1982 2329/2527/1981 2330/2529/1983 620/2530/1984
f 620/2530/1984 2330/2529/1983 2331/2531/1985 621/2532/1986
f 621/2532/1986 2331/2531/1985 2332/2533/1987 622/2534/1988
f 622/2534/1988 2332/2533/1987 2333/2535/1989 623/2536/1990
f 623/2536/1990 2333/2535/1989 2334/2508/1952 624/2507/1951
f 605/2518/1972 606/2537/1991 2335/2538/1992 2325/2519/1973
f 2325/2519/1973 2335/2538/1992 2336/2539/1993 2326/2521/1975
f 2326/2521/1975 2336/2539/1993 2337/2540/1994 2327/2523/1977
f 2327/2523/1977 2337/2540/1994 2338/2541/1995 2328/2525/1979
f 2328/2525/1979 2338/2541/1995 2339/2542/1996 2329/2527/1981
f 2329/2527/1981 2339/2542/1996 2340/2543/1997 2330/2529/1983
f 2330/2529/1983 2340/2543/1997 2341/2544/1998 2331/2531/1985
f 2331/2531/1985 2341/2544/1998 2342/2545/1999 2332/2533/1987
f 2332/2533/1987 2342/2545/1999 2343/2546/2000 2333/2535/1989
f 2333/2535/1989 2343/2546/2000 2344/2509/1955 2334/2508/1952
f 606/2537/1991 607/2547/2001 2345/2548/2002 2335/2538/1992
f 2335/2538/1992 2345/2548/2002 2346/2549/2003 2336/2539/1993
f 2336/2539/1993 2346/2549/2003 2347/2550/2004 2337/2540/1994
f 2337/2540/1994 2347/2550/2004 2348/2551/2005 2338/2541/1995
f 2338/2541/1995 2348/2551/2005 2349/2552/2006 2339/2542/1996
f 2339/2542/1996 2349/2552/2006 2350/2553/2007 2340/2543/1997
f 2340/2543/1997 2350/2553/2007 2351/2554/2008 2341/2544/1998
f 2341/2544/1998 2351/2554/2008 2352/2555/2009 2342/2545/1999
f 2342/2545/1999 2352/2555/2009 2353/2556/2010 2343/2546/2000
f 2343/2546/2000 2353/2556/2010 2354/2510/1957 2344/2509/1955
f 607/2547/2001 608/2557/2011 2355/2558/2012 2345/2548/2002
f 2345/2548/2002 2355/2558/2012 2356/2559/2013 2346/2549/2003
f 2346/2549/2003 2356/2559/2013 2357/2560/2014 2347/2550/2004
f 2347/2550/2004 2357/2560/2014 2358/2561/2015 2348/2551/2005
f 2348/2551/2005 2358/2561/2015 2359/2562/2016 2349/2552/2006
f 2349/2552/2006 2359/2562/2016 2360/2563/2017 2350/2553/2007
f 2350/2553/2007 2360/2563/2017 2361/2564/2018 2351/2554/2008
f 2351/2554/2008 2361/2564/2018 2362/2565/2019 2352/2555/2009
f 2352/2555/2009 2362/2565/2019 2363/2566/2020 2353/2556/2010
f 2353/2556/2010 2363/2566/2020 2364/2511/1959 2354/2510/1957
f 608/2557/2011 609/2567/2021 2365/2568/2022 2355/2558/2012
f 2355/2558/2012 2365/2568/2022 2366/2569/2023 2356/2559/2013
f 2356/2559/2013 2366/2569/2023 2367/2570/2024 2357/2560/2014
f 2357/2560/2014 2367/2570/2024 2368/2571/2025 2358/2561/2015
f 2358/2561/2015 2368/2571/2025 2369/2572/2026 2359/2562/2016
f 2359/2562/2016 2369/2572/2026 2370/2573/2027 2360/2563/2017
f 2360/2563/2017 2370/2573/2027 2371/2574/2028 2361/2564/2018
f 2361/2564/2018 2371/2574/2028 2372/2575/2029 2362/2565/2019
f 2362/2565/2019 2372/2575/2029 2373/2576/2030 2363/2566/2020
f 2363/2566/2020 2373/2576/2030 2374/2512/1961 2364/2511/1959
f 609/2567/2021 610/2577/2031 2375/2578/2032 2365/2568/2022
f 2365/2568/2022 2375/2578/2032 2376/2579/2033 2366/2569/2023
f 2366/2569/2023 2376/2579/2033 2377/2580/2034 2367/2570/2024
f 2367/2570/2024 2377/2580/2034 2378/2581/2035 2368/2571/2025
f 2368/2571/2025 2378/2581/2035 2379/2582/2036 2369/2572/2026
f 2369/2572/2026 2379/2582/2036 2380/2583/2037 2370/2573/2027
f 2370/2573/2027 2380/2583/2037 2381/2584/2038 2371/2574/2028
f 2371/2574/2028 2381/2584/2038 2382/2585/2039 2372/2575/2029
f 2372/2575/2029 2382/2585/2039 2383/2586/2040 2373/2576/2030
f 2373/2576/2030 2383/2586/2040 2384/2513/1963 2374/2512/1961
f 610/2577/2031 611/2587/2041 2385/2588/2042 2375/2578/2032
f 2375/2578/2032 2385/2588/2042 2386/2589/2043 2376/2579/2033
f 2376/2579/2033 2386/2589/2043 2387/2590/2044 2377/2580/2034
f 2377/2580/2034 2387/2590/2044 2388/2591/2045 2378/2581/2035
f 2378/2581/2035 2388/2591/2045 2389/2592/2046 2379/2582/2036
f 2379/2582/2036 2389/2592/2046 2390/2593/2047 2380/2583/2037
f 2380/2583/2037 2390/2593/2047 2391/2594/2048 2381/2584/2038
f 2381/2584/2038 2391/2594/2048 2392/2595/2049 2382/2585/2039
f 2382/2585/2039 2392/2595/2049 2393/2596/2050 2383/2586/2040
f 2383/2586/2040 2393/2596/2050 2394/2514/1965 2384/2513/1963
f 611/2587/2041 612/2597/2051 2395/2598/2052 2385/2588/2042
f 2385/2588/2042 2395/2598/2052 2396/2599/2053 2386/2589/2043
f 2386/2589/2043 2396/2599/2053 2397/2600/2054 2387/2590/2044
f 2387/2590/2044 2397/2600/2054 2398/2601/2055 2388/2591/2045
f 2388/2591/2045 2398/2601/2055 2399/2602/2056 2389/2592/2046
f 2389/2592/2046 2399/2602/2056 2400/2603/2057 2390/2593/2047
f 2390/2593/2047 2400/2603/2057 2401/2604/2058 2391/2594/2048
f 2391/2594/2048 2401/2604/2058 2402/2605/2059 2392/2595/2049
f 2392/2595/2049 2402/2605/2059 2403/2606/2060 2393/2596/2050
f 2393/2596/2050 2403/2606/2060 2404/2515/1967 2394/2514/1965
f 612/2597/2051 613/2607/2061 2405/2608/2062 2395/2598/2052
f 2395/2598/2052 2405/2608/2062 2406/2609/2063 2396/2599/2053
f 2396/2599/2053 2406/2609/2063 2407/2610/2064 2397/2600/2054
f 2397/2600/2054 2407/2610/2064 2408/2611/2065 2398/2601/2055
f 2398/2601/2055 2408/2611/2065 2409/2612/2066 2399/2602/2056
f 2399/2602/2056 2409/2612/2066 2410/2613/2067 2400/2603/2057
f 2400/2603/2057 2410/2613/2067 2411/2614/2068 2401/2604/2058
f 2401/2604/2058 2411/2614/2068 2412/2615/2069 2402/2605/2059
f 2402/2605/2059 2412/2615/2069 2413/2616/2070 2403/2606/2060
f 2403/2606/2060 2413/2616/2070 2414/2516/1969 2404/2515/1967
f 613/2607/2061 614/72/2071 2415/2617/2072 2405/2608/2062
f 2405/2608/2062 2415/2617/2072 2416/2618/2073 2406/2609/2063
f 2406/2609/2063 2416/2618/2073 2417/2619/2074 2407/2610/2064
f 2407/2610/2064 2417/2619/2074 2418/2620/2075 2408/2611/2065
f 2408/2611/2065 2418/2620/2075 2419/2621/2076 2409/2612/2066
f 2409/2612/2066 2419/2621/2076 2420/2622/2077 2410/2613/2067
f 2410/2613/2067 2420/2622/2077 2421/2623/2078 2411/2614/2068
f 2411/2614/2068 2421/2623/2078 2422/2624/2079 2412/2615/2069
f 2412/2615/2069 2422/2624/2079 2423/2625/2080 2413/2616/2070
f 2413/2616/2070 2423/2625/2080 2424/73/73 2414/2516/1969
f 614/72/2071 38/71/2081 625/2626/2082 2415/2617/2072
f 2415/2617/2072 625/2626/2082 626/2627/2083 2416/2618/2073
f 2416/2618/2073 626/2627/2083 627/2628/2084 2417/2619/2074
f 2417/2619/2074 627/2628/2084 628/2629/2085 2418/2620/2075
f 2418/2620/2075 628/2629/2085 629/2630/2086 2419/2621/2076
f 2419/2621/2076 629/2630/2086 630/2631/2087 2420/2622/2077
f 2420/2622/2077 630/2631/2087 631/2632/2088 2421/2623/2078
f 2421/2623/2078 631/2632/2088 632/2633/2089 2422/2624/2079
f 2422/2624/2079 632/2633/2089 633/2634/2090 2423/2625/2080
f 2423/2625/2080 633/2634/2090 634/74/74 2424/73/73
f 594/2635/2091 2434/2636/2092 605/2518/2093 37/2517/2094
f 2434/2636/2092 2444/2637/2095 606/2537/2096 605/2518/2093
f 2444/2637/2095 2454/2638/2097 607/2547/2098 606/2537/2096
f 2454/2638/2097 2464/2639/2099 608/2557/2100 607/2547/2098
f 2464/2639/2099 2474/2640/2101 609/2567/2102 608/2557/2100
f 2474/2640/2101 2484/2641/2103 610/2577/2104 609/2567/2102
f 2484/2641/2103 2494/2642/2105 611/2587/2106 610/2577/2104
f 2494/2642/2105 2504/2643/2107 612/2597/2108 611/2587/2106
f 2504/2643/2107 2514/2644/2109 613/2607/2110 612/2597/2108
f 2514/2644/2109 2524/69/69 614/72/72 613/2607/2110
f 35/2645/2111 575/2646/2112 2425/2647/2113 585/2648/2114
f 585/2648/2114 2425/2647/2113 2426/2649/2115 586/2650/2116
f 586/2650/2116 2426/2649/2115 2427/2651/2117 587/2652/2118
f 587/2652/2118 2427/2651/2117 2428/2653/2119 588/2654/2120
f 588/2654/2120 2428/2653/2119 2429/2655/2121 589/2656/2122
f 589/2656/2122 2429/2655/2121 2430/2657/2123 590/2658/2124
f 590/2658/2124 2430/2657/2123 2431/2659/2125 591/2660/2126
f 591/2660/2126 2431/2659/2125 2432/2661/2127 592/2662/2128
f 592/2662/2128 2432/2661/2127 2433/2663/2129 593/2664/2130
f 593/2664/2130 2433/2663/2129 2434/2636/2092 594/2635/2091
f 575/2646/2112 576/2665/2131 2435/2666/2132 2425/2647/2113
f 2425/2647/2113 2435/2666/2132 2436/2667/2133 2426/2649/2115
f 2426/2649/2115 2436/2667/2133 2437/2668/2134 2427/2651/2117
f 2427/2651/2117 2437/2668/2134 2438/2669/2135 2428/2653/2119
f 2428/2653/2119 2438/2669/2135 2439/2670/2136 2429/2655/2121
f 2429/2655/2121 2439/2670/2136 2440/2671/2137 2430/2657/2123
f 2430/2657/2123 2440/2671/2137 2441/2672/2138 2431/2659/2125
f 2431/2659/2125 2441/2672/2138 2442/2673/2139 2432/2661/2127
f 2432/2661/2127 2442/2673/2139 2443/2674/2140 2433/2663/2129
f 2433/2663/2129 2443/2674/2140 2444/2637/2095 2434/2636/2092
f 576/2665/2131 577/2675/2141 2445/2676/2142 2435/2666/2132
f 2435/2666/2132 2445/2676/2142 2446/2677/2143 2436/2667/2133
f 2436/2667/2133 2446/2677/2143 2447/2678/2144 2437/2668/2134
f 2437/2668/2134 2447/2678/2144 2448/2679/2145 2438/2669/2135
f 2438/2669/2135 2448/2679/2145 2449/2680/2146 2439/2670/2136
f 2439/2670/2136 2449/2680/2146 2450/2681/2147 2440/2671/2137
f 2440/2671/2137 2450/2681/2147 2451/2682/2148 2441/2672/2138
f 2441/2672/2138 2451/2682/2148 2452/2683/2149 2442/2673/2139
f 2442/2673/2139 2452/2683/2149 2453/2684/2150 2443/2674/2140
f 2443/2674/2140 2453/2684/2150 2454/2638/2097 2444/2637/2095
f 577/2675/2141 578/2685/2151 2455/2686/2152 2445/2676/2142
f 2445/2676/2142 2455/2686/2152 2456/2687/2153 2446/2677/2143
f 2446/2677/2143 2456/2687/2153 2457/2688/2154 2447/2678/2144
f 2447/2678/2144 2457/2688/2154 2458/2689/2155 2448/2679/2145
f 2448/2679/2145 2458/2689/2155 2459/2690/2156 2449/2680/2146
f 2449/2680/2146 2459/2690/2156 2460/2691/2157 2450/2681/2147
f 2450/2681/2147 2460/2691/2157 2461/2692/2158 2451/2682/2148
f 2451/2682/2148 2461/2692/2158 2462/2693/2159 2452/2683/2149
f 2452/2683/2149 2462/2693/2159 2463/2694/2160 2453/2684/2150
f 2453/2684/2150 2463/2694/2160 2464/2639/2099 2454/2638/2097
f 578/2685/2151 579/2695/2161 2465/2696/2162 2455/2686/2152
f 2455/2686/2152 2465/2696/2162 2466/2697/2163 2456/2687/2153
f 2456/2687/2153 2466/2697/2163 2467/2698/2164 2457/2688/2154
f 2457/2688/2154 2467/2698/2164 2468/2699/2165 2458/2689/2155
f 2458/2689/2155 2468/2699/2165 2469/2700/2166 2459/2690/2156
f 2459/2690/2156 2469/2700/2166 2470/2701/2167 2460/2691/2157
f 2460/2691/2157 2470/2701/2167 2471/2702/2168 2461/2692/2158
f 2461/2692/2158 2471/2702/2168 2472/2703/2169 2462/2693/2159
f 2462/2693/2159 2472/2703/2169 2473/2704/2170 2463/2694/2160
f 2463/2694/2160 2473/2704/2170 2474/2640/2101 2464/2639/2099
f 579/2695/2161 580/2705/2171 2475/2706/2172 2465/2696/2162
f 2465/2696/2162 2475/2706/2172 2476/2707/2173 2466/2697/2163
f 2466/2697/2163 2476/2707/2173 2477/2708/2174 2467/2698/2164
f 2467/2698/2164 2477/2708/2174 2478/2709/2175 2468/2699/2165
f 2468/2699/2165 2478/2709/2175 2479/2710/2176 2469/2700/2166
f 2469/2700/2166 2479/2710/2176 2480/2711/2177 2470/2701/2167
f 2470/2701/2167 2480/2711/2177 2481/2712/2178 2471/2702/2168
f 2471/2702/2168 2481/2712/2178 2482/2713/2179 2472/2703/2169
f 2472/2703/2169 2482/2713/2179 2483/2714/2180 2473/2704/2170
f 2473/2704/2170 2483/2714/2180 2484/2641/2103 2474/2640/2101
f 580/2705/2171 581/2715/2181 2485/2716/2182 2475/2706/2172
f 2475/2706/2172 2485/2716/2182 2486/2717/2183 2476/2707/2173
f 2476/2707/2173 2486/2717/2183 2487/2718/2184 2477/2708/2174
f 2477/2708/2174 2487/2718/2184 2488/2719/2185 2478/2709/2175
f 2478/2709/2175 2488/2719/2185 2489/2720/2186 2479/2710/2176
f 2479/2710/2176 2489/2720/2186 2490/2721/2187 2480/2711/2177
f 2480/2711/2177 2490/2721/2187 2491/2722/2188 2481/2712/2178
f 2481/2712/2178 2491/2722/2188 2492/2723/2189 2482/2713/2179
f 2482/2713/2179 2492/2723/2189 2493/2724/2190 2483/2714/2180
f 2483/2714/2180 2493/2724/2190 2494/2642/2105 2484/2641/2103
f 581/2715/2181 582/2725/2191 2495/2726/2192 2485/2716/2182
f 2485/2716/2182 2495/2726/2192 2496/2727/2193 2486/2717/2183
f 2486/2717/2183 2496/2727/2193 2497/2728/2194 2487/2718/2184
f 2487/2718/2184 2497/2728/2194 2498/2729/2195 2488/2719/2185
f 2488/2719/2185 2498/2729/2195 2499/2730/2196 2489/2720/2186
f 2489/2720/2186 2499/2730/2196 2500/2731/2197 2490/2721/2187
f 2490/2721/2187 2500/2731/2197 2501/2732/2198 2491/2722/2188
f 2491/2722/2188 2501/2732/2198 2502/2733/2199 2492/2723/2189
f 2492/2723/2189 2502/2733/2199 2503/2734/2200 2493/2724/2190
f 2493/2724/2190 2503/2734/2200 2504/2643/2107 2494/2642/2105
f 582/2725/2191 583/2735/2201 2505/2736/2202 2495/2726/2192
f 2495/2726/2192 2505/2736/2202 2506/2737/2203 2496/2727/2193
f 2496/2727/2193 2506/2737/2203 2507/2738/2204 2497/2728/2194
f 2497/2728/2194 2507/2738/2204 2508/2739/2205 2498/2729/2195
f 2498/2729/2195 2508/2739/2205 2509/2740/2206 2499/2730/2196
f 2499/2730/2196 2509/2740/2206 2510/2741/2207 2500/2731/2197
f 2500/2731/2197 2510/2741/2207 2511/2742/2208 2501/2732/2198
f 2501/2732/2198 2511/2742/2208 2512/2743/2209 2502/2733/2199
f 2502/2733/2199 2512/2743/2209 2513/2744/2210 2503/2734/2200
f 2503/2734/2200 2513/2744/2210 2514/2644/2109 2504/2643/2107
f 583/2735/2201 584/68/2211 2515/2745/2212 2505/2736/2202
f 2505/2736/2202 2515/2745/2212 2516/2746/2213 2506/2737/2203
f 2506/2737/2203 2516/2746/2213 2517/2747/2214 2507/2738/2204
f 2507/2738/2204 2517/2747/2214 2518/2748/2215 2508/2739/2205
f 2508/2739/2205 2518/2748/2215 2519/2749/2216 2509/2740/2206
f 2509/2740/2206 2519/2749/2216 2520/2750/2217 2510/2741/2207
f 2510/2741/2207 2520/2750/2217 2521/2751/2218 2511/2742/2208
f 2511/2742/2208 2521/2751/2218 2522/2752/2219 2512/2743/2209
f 2512/2743/2209 2522/2752/2219 2523/2753/2220 2513/2744/2210
f 2513/2744/2210 2523/2753/2220 2524/69/69 2514/2644/2109
f 584/68/2211 36/67/2221 595/2754/2222 2515/2745/2212
f 2515/2745/2212 595/2754/2222 596/2755/2223 2516/2746/2213
f 2516/2746/2213 596/2755/2223 597/2756/2224 2517/2747/2214
f 2517/2747/2214 597/2756/2224 598/2757/2225 2518/2748/2215
f 2518/2748/2215 598/2757/2225 599/2758/2226 2519/2749/2216
f 2519/2749/2216 599/2758/2226 600/2759/2227 2520/2750/2217
f 2520/2750/2217 600/2759/2227 601/2760/2228 2521/2751/2218
f 2521/2751/2218 601/2760/2228 602/2761/2229 2522/2752/2219
f 2522/2752/2219 602/2761/2229 603/2762/2230 2523/2753/2220
f 2523/2753/2220 603/2762/2230 604/70/70 2524/69/69
f 564/2763/2231 2534/2764/2232 575/2646/2233 35/2645/2234
f 2534/2764/2232 2544/2765/2235 576/2665/2236 575/2646/2233
f 2544/2765/2235 2554/2766/2237 577/2675/2238 576/2665/2236
f 2554/2766/2237 2564/2767/2239 578/2685/2240 577/2675/2238
f 2564/2767/2239 2574/2768/2241 579/2695/2242 578/2685/2240
f 2574/2768/2241 2584/2769/2243 580/2705/2244 579/2695/2242
f 2584/2769/2243 2594/2770/2245 581/2715/2246 580/2705/2244
f 2594/2770/2245 2604/2771/2247 582/2725/2248 581/2715/2246
f 2604/2771/2247 2614/2772/2249 583/2735/2250 582/2725/2248
f 2614/2772/2249 2624/65/65 584/68/68 583/2735/2250
f 33/2773/2251 545/2774/2252 2525/2775/2253 555/2776/2254
f 555/2776/2254 2525/2775/2253 2526/2777/2255 556/2778/2256
f 556/2778/2256 2526/2777/2255 2527/2779/2257 557/2780/2258
f 557/2780/2258 2527/2779/2257 2528/2781/2259 558/2782/2260
f 558/2782/2260 2528/2781/2259 2529/2783/2261 559/2784/2262
f 559/2784/2262 2529/2783/2261 2530/2785/2263 560/2786/2264
f 560/2786/2264 2530/2785/2263 2531/2787/2265 561/2788/2266
f 561/2788/2266 2531/2787/2265 2532/2789/2267 562/2790/2268
f 562/2790/2268 2532/2789/2267 2533/2791/2269 563/2792/2270
f 563/2792/2270 2533/2791/2269 2534/2764/2232 564/2763/2231
f 545/2774/2252 546/2793/2271 2535/2794/2272 2525/2775/2253
f 2525/2775/2253 2535/2794/2272 2536/2795/2273 2526/2777/2255
f 2526/2777/2255 2536/2795/2273 2537/2796/2274 2527/2779/2257
f 2527/2779/2257 2537/2796/2274 2538/2797/2275 2528/2781/2259
f 2528/2781/2259 2538/2797/2275 2539/2798/2276 2529/2783/2261
f 2529/2783/2261 2539/2798/2276 2540/2799/2277 2530/2785/2263
f 2530/2785/2263 2540/2799/2277 2541/2800/2278 2531/2787/2265
f 2531/2787/2265 2541/2800/2278 2542/2801/2279 2532/2789/2267
f 2532/2789/2267 2542/2801/2279 2543/2802/2280 2533/2791/2269
f 2533/2791/2269 2543/2802/2280 2544/2765/2235 2534/2764/2232
f 546/2793/2271 547/2803/2281 2545/2804/2282 2535/2794/2272
f 2535/2794/2272 2545/2804/2282 2546/2805/2283 2536/2795/2273
f 2536/2795/2273 2546/2805/2283 2547/2806/2284 2537/2796/2274
f 2537/2796/2274 2547/2806/2284 2548/2807/2285 2538/2797/2275
f 2538/2797/2275 2548/2807/2285 2549/2808/2286 2539/2798/2276
f 2539/2798/2276 2549/2808/2286 2550/2809/2287 2540/2799/2277
f 2540/2799/2277 2550/2809/2287 2551/2810/2288 2541/2800/2278
f 2541/2800/2278 2551/2810/2288 2552/2811/2289 2542/2801/2279
f 2542/2801/2279 2552/2811/2289 2553/2812/2290 2543/2802/2280
f 2543/2802/2280 2553/2812/2290 2554/2766/2237 2544/2765/2235
f 547/2803/2281 548/2813/2291 2555/2814/2292 2545/2804/2282
f 2545/2804/2282 2555/2814/2292 2556/2815/2293 2546/2805/2283
f 2546/2805/2283 2556/2815/2293 2557/2816/2294 2547/2806/2284
f 2547/2806/2284 2557/2816/2294 2558/2817/2295 2548/2807/2285
f 2548/2807/2285 2558/2817/2295 2559/2818/2296 2549/2808/2286
f 2549/2808/2286 2559/2818/2296 2560/2819/2297 2550/2809/2287
f 2550/2809/2287 2560/2819/2297 2561/2820/2298 2551/2810/2288
f 2551/2810/2288 2561/2820/2298 2562/2821/2299 2552/2811/2289
f 2552/2811/2289 2562/2821/2299 2563/2822/2300 2553/2812/2290
f 2553/2812/2290 2563/2822/2300 2564/2767/2239 2554/2766/2237
f 548/2813/2291 549/2823/2301 2565/2824/2302 2555/2814/2292
f 2555/2814/2292 2565/2824/2302 2566/2825/2303 2556/2815/2293
f 2556/2815/2293 2566/2825/2303 2567/2826/2304 2557/2816/2294
f 2557/2816/2294 2567/2826/2304 2568/2827/2305 2558/2817/2295
f 2558/2817/2295 2568/2827/2305 2569/2828/2306 2559/2818/2296
f 2559/2818/2296 2569/2828/2306 2570/2829/2307 2560/2819/2297
f 2560/2819/2297 2570/2829/2307 2571/2830/2308 2561/2820/2298
f 2561/2820/2298 2571/2830/2308 2572/2831/2309 2562/2821/2299
f 2562/2821/2299 2572/2831/2309 2573/2832/2310 2563/2822/2300
f 2563/2822/2300 2573/2832/2310 2574/2768/2241 2564/2767/2239
f 549/2823/2301 550/2833/2311 2575/2834/2312 2565/2824/2302
f 2565/2824/2302 2575/2834/2312 2576/2835/2313 2566/2825/2303
f 2566/2825/2303 2576/2835/2313 2577/2836/2314 2567/2826/2304
f 2567/2826/2304 2577/2836/2314 2578/2837/2315 2568/2827/2305
f 2568/2827/2305 2578/2837/2315 2579/2838/2316 2569/2828/2306
f 2569/2828/2306 2579/2838/2316 2580/2839/2317 2570/2829/2307
f 2570/2829/2307 2580/2839/2317 2581/2840/2318 2571/2830/2308
f 2571/2830/2308 2581/2840/2318 2582/2841/2319 2572/2831/2309
f 2572/2831/2309 2582/2841/2319 2583/2842/2320 2573/2832/2310
f 2573/2832/2310 2583/2842/2320 2584/2769/2243 2574/2768/2241
f 550/2833/2311 551/2843/2321 2585/2844/2322 2575/2834/2312
f 2575/2834/2312 2585/2844/2322 2586/2845/2323 2576/2835/2313
f 2576/2835/2313 2586/2845/2323 2587/2846/2324 2577/2836/2314
f 2577/2836/2314 2587/2846/2324 2588/2847/2325 2578/2837/2315
f 2578/2837/2315 2588/2847/2325 2589/2848/2326 2579/2838/2316
f 2579/2838/2316 2589/2848/2326 2590/2849/2327 2580/2839/2317
f 2580/2839/2317 2590/2849/2327 2591/2850/2328 2581/2840/2318
f 2581/2840/2318 2591/2850/2328 2592/2851/2329 2582/2841/2319
f 2582/2841/2319 2592/2851/2329 2593/2852/2330 2583/2842/2320
f 2583/2842/2320 2593/2852/2330 2594/2770/2245 2584/2769/2243
f 551/2843/2321 552/2853/2331 2595/2854/2332 2585/2844/2322
f 2585/2844/2322 2595/2854/2332 2596/2855/2333 2586/2845/2323
f 2586/2845/2323 2596/2855/2333 2597/2856/2334 2587/2846/2324
f 2587/2846/2324 2597/2856/2334 2598/2857/2335 2588/2847/2325
f 2588/2847/2325 2598/2857/2335 2599/2858/2336 2589/2848/2326
f 2589/2848/2326 2599/2858/2336 2600/2859/2337 2590/2849/2327
f 2590/2849/2327 2600/2859/2337 2601/2860/2338 2591/2850/2328
f 2591/2850/2328 2601/2860/2338 2602/2861/2339 2592/2851/2329
f 2592/2851/2329 2602/2861/2339 2603/2862/2340 2593/2852/2330
f 2593/2852/2330 2603/2862/2340 2604/2771/2247 2594/2770/2245
f 552/2853/2331 553/2863/2341 2605/2864/2342 2595/2854/2332
f 2595/2854/2332 2605/2864/2342 2606/2865/2343 2596/2855/2333
f 2596/2855/2333 2606/2865/2343 2607/2866/2344 2597/2856/2334
f 2597/2856/2334 2607/2866/2344 2608/2867/2345 2598/2857/2335
f 2598/2857/2335 2608/2867/2345 2609/2868/2346 2599/2858/2336
f 2599/2858/2336 2609/2868/2346 2610/2869/2347 2600/2859/2337
f 2600/2859/2337 2610/2869/2347 2611/2870/2348 2601/2860/2338
f 2601/2860/2338 2611/2870/2348 2612/2871/2349 2602/2861/2339
f 2602/2861/2339 2612/2871/2349 2613/2872/2350 2603/2862/2340
f 2603/2862/2340 2613/2872/2350 2614/2772/2249 2604/2771/2247
f 553/2863/2341 554/64/2351 2615/2873/2352 2605/2864/2342
f 2605/2864/2342 2615/2873/2352 2616/2874/2353 2606/2865/2343
f 2606/2865/2343 2616/2874/2353 2617/2875/2354 2607/2866/2344
f 2607/2866/2344 2617/2875/2354 2618/2876/2355 2608/2867/2345
f 2608/2867/2345 2618/2876/2355 2619/2877/2356 2609/2868/2346
f 2609/2868/2346 2619/2877/2356 2620/2878/2357 2610/2869/2347
f 2610/2869/2347 2620/2878/2357 2621/2879/2358 2611/2870/2348
f 2611/2870/2348 2621/2879/2358 2622/2880/2359 2612/2871/2349
f 2612/2871/2349 2622/2880/2359 2623/2881/2360 2613/2872/2350
f 2613/2872/2350 2623/2881/2360 2624/65/65 2614/2772/2249
f 554/64/2351 34/63/2361 565/2882/2362 2615/2873/2352
f 2615/2873/2352 565/2882/2362 566/2883/2363 2616/2874/2353
f 2616/2874/2353 566/2883/2363 567/2884/2364 2617/2875/2354
f 2617/2875/2354 567/2884/2364 568/2885/2365 2618/2876/2355
f 2618/2876/2355 568/2885/2365 569/2886/2366 2619/2877/2356
f 2619/2877/2356 569/2886/2366 570/2887/2367 2620/2878/2357
f 2620/2878/2357 570/2887/2367 571/2888/2368 2621/2879/2358
f 2621/2879/2358 571/2888/2368 572/2889/2369 2622/2880/2359
f 2622/2880/2359 572/2889/2369 573/2890/2370 2623/2881/2360
f 2623/2881/2360 573/2890/2370 574/66/66 2624/65/65
f 534/2891/2371 2634/2892/2372 545/2774/2373 33/2773/2374
f 2634/2892/2372 2644/2893/2375 546/2793/2376 545/2774/2373
f 2644/2893/2375 2654/2894/2377 547/2803/2378 546/2793/2376
f 2654/2894/2377 2664/2895/2379 548/2813/2380 547/2803/2378
f 2664/2895/2379 2674/2896/2381 549/2823/2382 548/2813/2380
f 2674/2896/2381 2684/2897/2383 550/2833/2384 549/2823/2382
f 2684/2897/2383 2694/2898/2385 551/2843/2386 550/2833/2384
f 2694/2898/2385 2704/2899/2387 552/2853/2388 551/2843/2386
f 2704/2899/2387 2714/2900/2389 553/2863/2390 552/2853/2388
f 2714/2900/2389 2724/61/61 554/64/64 553/2863/2390
f 31/2901/2391 515/2902/2392 2625/2903/2393 525/2904/2394
f 525/2904/2394 2625/2903/2393 2626/2905/2395 526/2906/2396
f 526/2906/2396 2626/2905/2395 2627/2907/2397 527/2908/2398
f 527/2908/2398 2627/2907/2397 2628/2909/2399 528/2910/2400
f 528/2910/2400 2628/2909/2399 2629/2911/2401 529/2912/2402
f 529/2912/2402 2629/2911/2401 2630/2913/2403 530/2914/2404
f 530/2914/2404 2630/2913/2403 2631/2915/2405 531/2916/2406
f 531/2916/2406 2631/2915/2405 2632/2917/2407 532/2918/2408
f 532/2918/2408 2632/2917/2407 2633/2919/2409 533/2920/2410
f 533/2920/2410 2633/2919/2409 2634/2892/2372 534/2891/2371
f 515/2902/2392 516/2921/2411 2635/2922/2412 2625/2903/2393
f 2625/2903/2393 2635/2922/2412 2636/2923/2413 2626/2905/2395
f 2626/2905/2395 2636/2923/2413 2637/2924/2414 2627/2907/2397
f 2627/2907/2397 2637/2924/2414 2638/2925/2415 2628/2909/2399
f 2628/2909/2399 2638/2925/2415 2639/2926/2416 2629/2911/2401
f 2629/2911/2401 2639/2926/2416 2640/2927/2417 2630/2913/2403
f 2630/2913/2403 2640/2927/2417 2641/2928/2418 2631/2915/2405
f 2631/2915/2405 2641/2928/2418 2642/2929/2419 2632/2917/2407
f 2632/2917/2407 2642/2929/2419 2643/2930/2420 2633/2919/2409
f 2633/2919/2409 2643/2930/2420 2644/2893/2375 2634/2892/2372
f 516/2921/2411 517/2931/2421 2645/2932/2422 2635/2922/2412
f 2635/2922/2412 2645/2932/2422 2646/2933/2423 2636/2923/2413
f 2636/2923/2413 2646/2933/2423 2647/2934/2424 2637/2924/2414
f 2637/2924/2414 2647/2934/2424 2648/2935/2425 2638/2925/2415
f 2638/2925/2415 2648/2935/2425 2649/2936/2426 2639/2926/2416
f 2639/2926/2416 2649/2936/2426 2650/2937/2427 2640/2927/2417
f 2640/2927/2417 2650/2937/2427 2651/2938/2428 2641/2928/2418
f 2641/2928/2418 2651/2938/2428 2652/2939/2429 2642/2929/2419
f 2642/2929/2419 2652/2939/2429 2653/2940/2430 2643/2930/2420
f 2643/2930/2420 2653/2940/2430 2654/2894/2377 2644/2893/2375
f 517/2931/2421 518/2941/2431 2655/2942/2432 2645/2932/2422
f 2645/2932/2422 2655/2942/2432 2656/2943/2433 2646/2933/2423
f 2646/2933/2423 2656/2943/2433 2657/2944/2434 2647/2934/2424
f 2647/2934/2424 2657/2944/2434 2658/2945/2435 2648/2935/2425
f 2648/2935/2425 2658/2945/2435 2659/2946/2436 2649/2936/2426
f 2649/2936/2426 2659/2946/2436 2660/2947/2437 2650/2937/2427
f 2650/2937/2427 2660/2947/2437 2661/2948/2438 2651/2938/2428
f 2651/2938/2428 2661/2948/2438 2662/2949/2439 2652/2939/2429
f 2652/2939/2429 2662/2949/2439 2663/2950/2440 2653/2940/2430
f 2653/2940/2430 2663/2950/2440 2664/2895/2379 2654/2894/2377
f 518/2941/2431 519/2951/2441 2665/2952/2442 2655/2942/2432
f 2655/2942/2432 2665/2952/2442 2666/2953/2443 2656/2943/2433
f 2656/2943/2433 2666/2953/2443 2667/2954/2444 2657/2944/2434
f 2657/2944/2434 2667/2954/2444 2668/2955/2445 2658/2945/2435
f 2658/2945/2435 2668/2955/2445 2669/2956/2446 2659/2946/2436
f 2659/2946/2436 2669/2956/2446 2670/2957/2447 2660/2947/2437
f 2660/2947/2437 2670/2957/2447 2671/2958/2448 2661/2948/2438
f 2661/2948/2438 2671/2958/2448 2672/2959/2449 2662/2949/2439
f 2662/2949/2439 2672/2959/2449 2673/2960/2450 2663/2950/2440
f 2663/2950/2440 2673/2960/2450 2674/2896/2381 2664/2895/2379
f 519/2951/2441 520/2961/2451 2675/2962/2452 2665/2952/2442
f 2665/2952/2442 2675/2962/2452 2676/2963/2453 2666/2953/2443
f 2666/2953/2443 2676/2963/2453 2677/2964/2454 2667/2954/2444
f 2667/2954/2444 2677/2964/2454 2678/2965/2455 2668/2955/2445
f 2668/2955/2445 2678/2965/2455 2679/2966/2456 2669/2956/2446
f 2669/2956/2446 2679/2966/2456 2680/2967/2457 2670/2957/2447
f 2670/2957/2447 2680/2967/2457 2681/2968/2458 2671/2958/2448
f 2671/2958/2448 2681/2968/2458 2682/2969/2459 2672/2959/2449
f 2672/2959/2449 2682/2969/2459 2683/2970/2460 2673/2960/2450
f 2673/2960/2450 2683/2970/2460 2684/2897/2383 2674/2896/2381
f 520/2961/2451 521/2971/2461 2685/2972/2462 2675/2962/2452
f 2675/2962/2452 2685/2972/2462 2686/2973/2463 2676/2963/2453
f 2676/2963/2453 2686/2973/2463 2687/2974/2464 2677/2964/2454
f 2677/2964/2454 2687/2974/2464 2688/2975/2465 2678/2965/2455
f 2678/2965/2455 2688/2975/2465 2689/2976/2466 2679/2966/2456
f 2679/2966/2456 2689/2976/2466 2690/2977/2467 2680/2967/2457
f 2680/2967/2457 2690/2977/2467 2691/2978/2468 2681/2968/2458
f 2681/2968/2458 2691/2978/2468 2692/2979/2469 2682/2969/2459
f 2682/2969/2459 2692/2979/2469 2693/2980/2470 2683/2970/2460
f 2683/2970/2460 2693/2980/2470 2694/2898/2385 2684/2897/2383
f 521/2971/2461 522/2981/2471 2695/2982/2472 2685/2972/2462
f 2685/2972/2462 2695/2982/2472 2696/2983/2473 2686/2973/2463
f 2686/2973/2463 2696/2983/2473 2697/2984/2474 2687/2974/2464
f 2687/2974/2464 2697/2984/2474 2698/2985/2475 2688/2975/2465
f 2688/2975/2465 2698/2985/2475 2699/2986/2476 2689/2976/2466
f 2689/2976/2466 2699/2986/2476 2700/2987/2477 2690/2977/2467
f 2690/2977/2467 2700/2987/2477 2701/2988/2478 2691/2978/2468
f 2691/2978/2468 2701/2988/2478 2702/2989/2479 2692/2979/2469
f 2692/2979/2469 2702/2989/2479 2703/2990/2480 2693/2980/2470
f 2693/2980/2470 2703/2990/2480 2704/2899/2387 2694/2898/2385
f 522/2981/2471 523/2991/2481 2705/2992/2482 2695/2982/2472
f 2695/2982/2472 2705/2992/2482 2706/2993/2483 2696/2983/2473
f 2696/2983/2473 2706/2993/2483 2707/2994/2484 2697/2984/2474
f 2697/2984/2474 2707/2994/2484 2708/2995/2485 2698/2985/2475
f 2698/2985/2475 2708/2995/2485 2709/2996/2486 2699/2986/2476
f 2699/2986/2476 2709/2996/2486 2710/2997/2487 2700/2987/2477
f 2700/2987/2477 2710/2997/2487 2711/2998/2488 2701/2988/2478
f 2701/2988/2478 2711/2998/2488 2712/2999/2489 2702/2989/2479
f 2702/2989/2479 2712/2999/2489 2713/3000/2490 2703/2990/2480
f 2703/2990/2480 2713/3000/2490 2714/2900/2389 2704/2899/2387
f 523/2991/2481 524/60/2491 2715/3001/2492 2705/2992/2482
f 2705/2992/2482 2715/3001/2492 2716/3002/2493 2706/2993/2483
f 2706/2993/2483 2716/3002/2493 2717/3003/2494 2707/2994/2484
f 2707/2994/2484 2717/3003/2494 2718/3004/2495 2708/2995/2485
f 2708/2995/2485 2718/3004/2495 2719/3005/2496 2709/2996/2486
f 2709/2996/2486 2719/3005/2496 2720/3006/2497 2710/2997/2487
f 2710/2997/2487 2720/3006/2497 2721/3007/2498 2711/2998/2488
f 2711/2998/2488 2721/3007/2498 2722/3008/2499 2712/2999/2489
f 2712/2999/2489 2722/3008/2499 2723/3009/2500 2713/3000/2490
f 2713/3000/2490 2723/3009/2500 2724/61/61 2714/2900/2389
f 524/60/2491 32/59/2501 535/3010/2502 2715/3001/2492
f 2715/3001/2492 535/3010/2502 536/3011/2503 2716/3002/2493
f 2716/3002/2493 536/3011/2503 537/3012/2504 2717/3003/2494
f 2717/3003/2494 537/3012/2504 538/3013/2505 2718/3004/2495
f 2718/3004/2495 538/3013/2505 539/3014/2506 2719/3005/2496
f 2719/3005/2496 539/3014/2506 540/3015/2507 2720/3006/2497
f 2720/3006/2497 540/3015/2507 541/3016/2508 2721/3007/2498
f 2721/3007/2498 541/3016/2508 542/3017/2509 2722/3008/2499
f 2722/3008/2499 542/3017/2509 543/3018/2510 2723/3009/2500
f 2723/3009/2500 543/3018/2510 544/62/62 2724/61/61
f 504/3019/2511 2734/3020/2512 515/2902/2513 31/2901/2514
f 2734/3020/2512 2744/3021/2515 516/2921/2516 515/2902/2513
f 2744/3021/2515 2754/3022/2517 517/2931/2518 516/2921/2516
f 2754/3022/2517 2764/3023/2519 518/2941/2520 517/2931/2518
f 2764/3023/2519 2774/3024/2521 519/2951/2522 518/2941/2520
f 2774/3024/2521 2784/3025/2523 520/2961/2524 519/2951/2522
f 2784/3025/2523 2794/3026/2525 521/2971/2526 520/2961/2524
f 2794/3026/2525 2804/3027/2527 522/2981/2528 521/2971/2526
f 2804/3027/2527 2814/3028/2529 523/2991/2530 522/2981/2528
f 2814/3028/2529 2824/57/57 524/60/60 523/2991/2530
f 29/3029/2531 485/3030/2532 2725/3031/2533 495/3032/2534
f 495/3032/2534 2725/3031/2533 2726/3033/2535 496/3034/2536
f 496/3034/2536 2726/3033/2535 2727/3035/2537 497/3036/2538
f 497/3036/2538 2727/3035/2537 2728/3037/2539 498/3038/2540
f 498/3038/2540 2728/3037/2539 2729/3039/2541 499/3040/2542
f 499/3040/2542 2729/3039/2541 2730/3041/2543 500/3042/2544
f 500/3042/2544 2730/3041/2543 2731/3043/2545 501/3044/2546
f 501/3044/2546 2731/3043/2545 2732/3045/2547 502/3046/2548
f 502/3046/2548 2732/3045/2547 2733/3047/2549 503/3048/2550
f 503/3048/2550 2733/3047/2549 2734/3020/2512 504/3019/2511
f 485/3030/2532 486/3049/2551 2735/3050/2552 2725/3031/2533
f 2725/3031/2533 2735/3050/2552 2736/3051/2553 2726/3033/2535
f 2726/3033/2535 2736/3051/2553 2737/3052/2554 2727/3035/2537
f 2727/3035/2537 2737/3052/2554 2738/3053/2555 2728/3037/2539
f 2728/3037/2539 2738/3053/2555 2739/3054/2556 2729/3039/2541
f 2729/3039/2541 2739/3054/2556 2740/3055/2557 2730/3041/2543
f 2730/3041/2543 2740/3055/2557 2741/3056/2558 2731/3043/2545
f 2731/3043/2545 2741/3056/2558 2742/3057/2559 2732/3045/2547
f 2732/3045/2547 2742/3057/2559 2743/3058/2560 2733/3047/2549
f 2733/3047/2549 2743/3058/2560 2744/3021/2515 2734/3020/2512
f 486/3049/2551 487/3059/2561 2745/3060/2562 2735/3050/2552
f 2735/3050/2552 2745/3060/2562 2746/3061/2563 2736/3051/2553
f 2736/3051/2553 2746/3061/2563 2747/3062/2564 2737/3052/2554
f 2737/3052/2554 2747/3062/2564 2748/3063/2565 2738/3053/2555
f 2738/3053/2555 2748/3063/2565 2749/3064/2566 2739/3054/2556
f 2739/3054/2556 2749/3064/2566 2750/3065/2567 2740/3055/2557
f 2740/3055/2557 2750/3065/2567 2751/3066/2568 2741/3056/2558
f 2741/3056/2558 2751/3066/2568 2752/3067/2569 2742/3057/2559
f 2742/3057/2559 2752/3067/2569 2753/3068/2570 2743/3058/2560
f 2743/3058/2560 2753/3068/2570 2754/3022/2517 2744/3021/2515
f 487/3059/2561 488/3069/2571 2755/3070/2572 2745/3060/2562
f 2745/3060/2562 2755/3070/2572 2756/3071/2573 2746/3061/2563
f 2746/3061/2563 2756/3071/2573 2757/3072/2574 2747/3062/2564
f 2747/3062/2564 2757/3072/2574 2758/3073/2575 2748/3063/2565
f 2748/3063/2565 2758/3073/2575 2759/3074/2576 2749/3064/2566
f 2749/3064/2566 2759/3074/2576 2760/3075/2577 2750/3065/2567
f 2750/3065/2567 2760/3075/2577 2761/3076/2578 2751/3066/2568
f 2751/3066/2568 2761/3076/2578 2762/3077/2579 2752/3067/2569
f 2752/3067/2569 2762/3077/2579 2763/3078/2580 2753/3068/2570
f 2753/3068/2570 2763/3078/2580 2764/3023/2519 2754/3022/2517
f 488/3069/2571 489/3079/2581 2765/3080/2582 2755/3070/2572
f 2755/3070/2572 2765/3080/2582 2766/3081/2583 2756/3071/2573
f 2756/3071/2573 2766/3081/2583 2767/3082/2584 2757/3072/2574
f 2757/3072/2574 2767/3082/2584 2768/3083/2585 2758/3073/2575
f 2758/3073/2575 2768/3083/2585 2769/3084/2586 2759/3074/2576
f 2759/3074/2576 2769/3084/2586 2770/3085/2587 2760/3075/2577
f 2760/3075/2577 2770/3085/2587 2771/3086/2588 2761/3076/2578
f 2761/3076/2578 2771/3086/2588 2772/3087/2589 2762/3077/2579
f 2762/3077/2579 2772/3087/2589 2773/3088/2590 2763/3078/2580
f 2763/3078/2580 2773/3088/2590 2774/3024/2521 2764/3023/2519
f 489/3079/2581 490/3089/2591 2775/3090/2592 2765/3080/2582
f 2765/3080/2582 2775/3090/2592 2776/3091/2593 2766/3081/2583
f 2766/3081/2583 2776/3091/2593 2777/3092/2594 2767/3082/2584
f 2767/3082/2584 2777/3092/2594 2778/3093/2595 2768/3083/2585
f 2768/3083/2585 2778/3093/2595 2779/3094/2596 2769/3084/2586
f 2769/3084/2586 2779/3094/2596 2780/3095/2597 2770/3085/2587
f 2770/3085/2587 2780/3095/2597 2781/3096/2598 2771/3086/2588
f 2771/3086/2588 2781/3096/2598 2782/3097/2599 2772/3087/2589
f 2772/3087/2589 2782/3097/2599 2783/3098/2600 2773/3088/2590
f 2773/3088/2590 2783/3098/2600 2784/3025/2523 2774/3024/2521
f 490/3089/2591 491/3099/2601 2785/3100/2602 2775/3090/2592
f 2775/3090/2592 2785/3100/2602 2786/3101/2603 2776/3091/2593
f 2776/3091/2593 2786/3101/2603 2787/3102/2604 2777/3092/2594
f 2777/3092/2594 2787/3102/2604 2788/3103/2605 2778/3093/2595
f 2778/3093/2595 2788/3103/2605 2789/3104/2606 2779/3094/2596
f 2779/3094/2596 2789/3104/2606 2790/3105/2607 2780/3095/2597
f 2780/3095/2597 2790/3105/2607 2791/3106/2608 2781/3096/2598
f 2781/3096/2598 2791/3106/2608 2792/3107/2609 2782/3097/2599
f 2782/3097/2599 2792/3107/2609 2793/3108/2610 2783/3098/2600
f 2783/3098/2600 2793/3108/2610 2794/3026/2525 2784/3025/2523
f 491/3099/2601 492/3109/2611 2795/3110/2612 2785/3100/2602
f 2785/3100/2602 2795/3110/2612 2796/3111/2613 2786/3101/2603
f 2786/3101/2603 2796/3111/2613 2797/3112/2614 2787/3102/2604
f 2787/3102/2604 2797/3112/2614 2798/3113/2615 2788/3103/2605
f 2788/3103/2605 2798/3113/2615 2799/3114/2616 2789/3104/2606
f 2789/3104/2606 2799/3114/2616 2800/3115/2617 2790/3105/2607
f 2790/3105/2607 2800/3115/2617 2801/3116/2618 2791/3106/2608
f 2791/3106/2608 2801/3116/2618 2802/3117/2619 2792/3107/2609
f 2792/3107/2609 2802/3117/2619 2803/3118/2620 2793/3108/2610
f 2793/3108/2610 2803/3118/2620 2804/3027/2527 2794/3026/2525
f 492/3109/2611 493/3119/2621 2805/3120/2622 2795/3110/2612
f 2795/3110/2612 2805/3120/2622 2806/3121/2623 2796/3111/2613
f 2796/3111/2613 2806/3121/2623 2807/3122/2624 2797/3112/2614
f 2797/3112/2614 2807/3122/2624 2808/3123/2625 2798/3113/2615
f 2798/3113/2615 2808/3123/2625 2809/3124/2626 2799/3114/2616
f 2799/3114/2616 2809/3124/2626 2810/3125/2627 2800/3115/2617
f 2800/3115/2617 2810/3125/2627 2811/3126/2628 2801/3116/2618
f 2801/3116/2618 2811/3126/2628 2812/3127/2629 2802/3117/2619
f 2802/3117/2619 2812/3127/2629 2813/3128/2630 2803/3118/2620
f 2803/3118/2620 2813/3128/2630 2814/3028/2529 2804/3027/2527
f 493/3119/2621 494/56/2631 2815/3129/2632 2805/3120/2622
f 2805/3120/2622 2815/3129/2632 2816/3130/2633 2806/3121/2623
f 2806/3121/2623 2816/3130/2633 2817/3131/2634 2807/3122/2624
f 2807/3122/2624 2817/3131/2634 2818/3132/2635 2808/3123/2625
f 2808/3123/2625 2818/3132/2635 2819/3133/2636 2809/3124/2626
f 2809/3124/2626 2819/3133/2636 2820/3134/2637 2810/3125/2627
f 2810/3125/2627 2820/3134/2637 2821/3135/2638 2811/3126/2628
f 2811/3126/2628 2821/3135/2638 2822/3136/2639 2812/3127/2629
f 2812/3127/2629 2822/3136/2639 2823/3137/2640 2813/3128/2630
f 2813/3128/2630 2823/3137/2640 2824/57/57 2814/3028/2529
f 494/56/2631 30/55/2641 505/3138/2642 2815/3129/2632
f 2815/3129/2632 505/3138/2642 506/3139/2643 2816/3130/2633
f 2816/3130/2633 506/3139/2643 507/3140/2644 2817/3131/2634
f 2817/3131/2634 507/3140/2644 508/3141/2645 2818/3132/2635
f 2818/3132/2635 508/3141/2645 509/3142/2646 2819/3133/2636
f 2819/3133/2636 509/3142/2646 510/3143/2647 2820/3134/2637
f 2820/3134/2637 510/3143/2647 511/3144/2648 2821/3135/2638
f 2821/3135/2638 511/3144/2648 512/3145/2649 2822/3136/2639
f 2822/3136/2639 512/3145/2649 513/3146/2650 2823/3137/2640
f 2823/3137/2640 513/3146/2650 514/58/58 2824/57/57
f 474/3147/2651 2834/3148/2652 485/3030/2653 29/3029/2654
f 2834/3148/2652 2844/3149/2655 486/3049/2656 485/3030/2653
f 2844/3149/2655 2854/3150/2657 487/3059/2658 486/3049/2656
f 2854/3150/2657 2864/3151/2659 488/3069/2660 487/3059/2658
f 2864/3151/2659 2874/3152/2661 489/3079/2662 488/3069/2660
f 2874/3152/2661 2884/3153/2663 490/3089/2664 489/3079/2662
f 2884/3153/2663 2894/3154/2665 491/3099/2666 490/3089/2664
f 2894/3154/2665 2904/3155/2667 492/3109/2668 491/3099/2666
f 2904/3155/2667 2914/3156/2669 493/3119/2670 492/3109/2668
f 2914/3156/2669 2924/53/53 494/56/56 493/3119/2670
f 27/3157/2671 455/3158/2672 2825/3159/2673 465/3160/2674
f 465/3160/2674 2825/3159/2673 2826/3161/2675 466/3162/2676
f 466/3162/2676 2826/3161/2675 2827/3163/2677 467/3164/2678
f 467/3164/2678 2827/3163/2677 2828/3165/2679 468/3166/2680
f 468/3166/2680 2828/3165/2679 2829/3167/2681 469/3168/2682
f 469/3168/2682 2829/3167/2681 2830/3169/2683 470/3170/2684
f 470/3170/2684 2830/3169/2683 2831/3171/2685 471/3172/2686
f 471/3172/2686 2831/3171/2685 2832/3173/2687 472/3174/2688
f 472/3174/2688 2832/3173/2687 2833/3175/2689 473/3176/2690
f 473/3176/2690 2833/3175/2689 2834/3148/2652 474/3147/2651
f 455/3158/2672 456/3177/2691 2835/3178/2692 2825/3159/2673
f 2825/3159/2673 2835/3178/2692 2836/3179/2693 2826/3161/2675
f 2826/3161/2675 2836/3179/2693 2837/3180/2694 2827/3163/2677
f 2827/3163/2677 2837/3180/2694 2838/3181/2695 2828/3165/2679
f 2828/3165/2679 2838/3181/2695 2839/3182/2696 2829/3167/2681
f 2829/3167/2681 2839/3182/2696 2840/3183/2697 2830/3169/2683
f 2830/3169/2683 2840/3183/2697 2841/3184/2698 2831/3171/2685
f 2831/3171/2685 2841/3184/2698 2842/3185/2699 2832/3173/2687
f 2832/3173/2687 2842/3185/2699 2843/3186/2700 2833/3175/2689
f 2833/3175/2689 2843/3186/2700 2844/3149/2655 2834/3148/2652
f 456/3177/2691 457/3187/2701 2845/3188/2702 2835/3178/2692
f 2835/3178/2692 2845/3188/2702 2846/3189/2703 2836/3179/2693
f 2836/3179/2693 2846/3189/2703 2847/3190/2704 2837/3180/2694
f 2837/3180/2694 2847/3190/2704 2848/3191/2705 2838/3181/2695
f 2838/3181/2695 2848/3191/2705 2849/3192/2706 2839/3182/2696
f 2839/3182/2696 2849/3192/2706 2850/3193/2707 2840/3183/2697
f 2840/3183/2697 2850/3193/2707 2851/3194/2708 2841/3184/2698
f 2841/3184/2698 2851/3194/2708 2852/3195/2709 2842/3185/2699
f 2842/3185/2699 2852/3195/2709 2853/3196/2710 2843/3186/2700
f 2843/3186/2700 2853/3196/2710 2854/3150/2657 2844/3149/2655
f 457/3187/2701 458/3197/2711 2855/3198/2712 2845/3188/2702
f 2845/3188/2702 2855/3198/2712 2856/3199/2713 2846/3189/2703
f 2846/3189/2703 2856/3199/2713 2857/3200/2714 2847/3190/2704
f 2847/3190/2704 2857/3200/2714 2858/3201/2715 2848/3191/2705
f 2848/3191/2705 2858/3201/2715 2859/3202/2716 2849/3192/2706
f 2849/3192/2706 2859/3202/2716 2860/3203/2717 2850/3193/2707
f 2850/3193/2707 2860/3203/2717 2861/3204/2718 2851/3194/2708
f 2851/3194/2708 2861/3204/2718 2862/3205/2719 2852/3195/2709
f 2852/3195/2709 2862/3205/2719 2863/3206/2720 2853/3196/2710
f 2853/3196/2710 2863/3206/2720 2864/3151/2659 2854/3150/2657
f 458/3197/2711 459/3207/2721 2865/3208/2722 2855/3198/2712
f 2855/3198/2712 2865/3208/2722 2866/3209/2723 2856/3199/2713
f 2856/3199/2713 2866/3209/2723 2867/3210/2724 2857/3200/2714
f 2857/3200/2714 2867/3210/2724 2868/3211/2725 2858/3201/2715
f 2858/3201/2715 2868/3211/2725 2869/3212/2726 2859/3202/2716
f 2859/3202/2716 2869/3212/2726 2870/3213/2727 2860/3203/2717
f 2860/3203/2717 2870/3213/2727 2871/3214/2728 2861/3204/2718
f 2861/3204/2718 2871/3214/2728 2872/3215/2729 2862/3205/2719
f 2862/3205/2719 2872/3215/2729 2873/3216/2730 2863/3206/2720
f 2863/3206/2720 2873/3216/2730 2874/3152/2661 2864/3151/2659
f 459/3207/2721 460/3217/2731 2875/3218/2732 2865/3208/2722
f 2865/3208/2722 2875/3218/2732 2876/3219/2733 2866/3209/2723
f 2866/3209/2723 2876/3219/2733 2877/3220/2734 2867/3210/2724
f 2867/3210/2724 2877/3220/2734 2878/3221/2735 2868/3211/2725
f 2868/3211/2725 2878/3221/2735 2879/3222/2736 2869/3212/2726
f 2869/3212/2726 2879/3222/2736 2880/3223/2737 2870/3213/2727
f 2870/3213/2727 2880/3223/2737 2881/3224/2738 2871/3214/2728
f 2871/3214/2728 2881/3224/2738 2882/3225/2739 2872/3215/2729
f 2872/3215/2729 2882/3225/2739 2883/3226/2740 2873/3216/2730
f 2873/3216/2730 2883/3226/2740 2884/3153/2663 2874/3152/2661
f 460/3217/2731 461/3227/2741 2885/3228/2742 2875/3218/2732
f 2875/3218/2732 2885/3228/2742 2886/3229/2743 2876/3219/2733
f 2876/3219/2733 2886/3229/2743 2887/3230/2744 2877/3220/2734
f 2877/3220/2734 2887/3230/2744 2888/3231/2745 2878/3221/2735
f 2878/3221/2735 2888/3231/2745 2889/3232/2746 2879/3222/2736
f 2879/3222/2736 2889/3232/2746 2890/3233/2747 2880/3223/2737
f 2880/3223/2737 2890/3233/2747 2891/3234/2748 2881/3224/2738
f 2881/3224/2738 2891/3234/2748 2892/3235/2749 2882/3225/2739
f 2882/3225/2739 2892/3235/2749 2893/3236/2750 2883/3226/2740
f 2883/3226/2740 2893/3236/2750 2894/3154/2665 2884/3153/2663
f 461/3227/2741 462/3237/2751 2895/3238/2752 2885/3228/2742
f 2885/3228/2742 2895/3238/2752 2896/3239/2753 2886/3229/2743
f 2886/3229/2743 2896/3239/2753 2897/3240/2754 2887/3230/2744
f 2887/3230/2744 2897/3240/2754 2898/3241/2755 2888/3231/2745
f 2888/3231/2745 2898/3241/2755 2899/3242/2756 2889/3232/2746
f 2889/3232/2746 2899/3242/2756 2900/3243/2757 2890/3233/2747
f 2890/3233/2747 2900/3243/2757 2901/3244/2758 2891/3234/2748
f 2891/3234/2748 2901/3244/2758 2902/3245/2759 2892/3235/2749
f 2892/3235/2749 2902/3245/2759 2903/3246/2760 2893/3236/2750
f 2893/3236/2750 2903/3246/2760 2904/3155/2667 2894/3154/2665
f 462/3237/2751 463/3247/2761 2905/3248/2762 2895/3238/2752
f 2895/3238/2752 2905/3248/2762 2906/3249/2763 2896/3239/2753
f 2896/3239/2753 2906/3249/2763 2907/3250/2764 2897/3240/2754
f 2897/3240/2754 2907/3250/2764 2908/3251/2765 2898/3241/2755
f 2898/3241/2755 2908/3251/2765 2909/3252/2766 2899/3242/2756
f 2899/3242/2756 2909/3252/2766 2910/3253/2767 2900/3243/2757
f 2900/3243/2757 2910/3253/2767 2911/3254/2768 2901/3244/2758
f 2901/3244/2758 2911/3254/2768 2912/3255/2769 2902/3245/2759
f 2902/3245/2759 2912/3255/2769 2913/3256/2770 2903/3246/2760
f 2903/3246/2760 2913/3256/2770 2914/3156/2669 2904/3155/2667
f 463/3247/2761 464/52/2771 2915/3257/2772 2905/3248/2762
f 2905/3248/2762 2915/3257/2772 2916/3258/2773 2906/3249/2763
f 2906/3249/2763 2916/3258/2773 2917/3259/2774 2907/3250/2764
f 2907/3250/2764 2917/3259/2774 2918/3260/2775 2908/3251/2765
f 2908/3251/2765 2918/3260/2775 2919/3261/2776 2909/3252/2766
f 2909/3252/2766 2919/3261/2776 2920/3262/2777 2910/3253/2767
f 2910/3253/2767 2920/3262/2777 2921/3263/2778 2911/3254/2768
f 2911/3254/2768 2921/3263/2778 2922/3264/2779 2912/3255/2769
f 2912/3255/2769 2922/3264/2779 2923/3265/2780 2913/3256/2770
f 2913/3256/2770 2923/3265/2780 2924/53/53 2914/3156/2669
f 464/52/2771 28/51/2781 475/3266/2782 2915/3257/2772
f 2915/3257/2772 475/3266/2782 476/3267/2783 2916/3258/2773
f 2916/3258/2773 476/3267/2783 477/3268/2784 2917/3259/2774
f 2917/3259/2774 477/3268/2784 478/3269/2785 2918/3260/2775
f 2918/3260/2775 478/3269/2785 479/3270/2786 2919/3261/2776
f 2919/3261/2776 479/3270/2786 480/3271/2787 2920/3262/2777
f 2920/3262/2777 480/3271/2787 481/3272/2788 2921/3263/2778
f 2921/3263/2778 481/3272/2788 482/3273/2789 2922/3264/2779
f 2922/3264/2779 482/3273/2789 483/3274/2790 2923/3265/2780
f 2923/3265/2780 483/3274/2790 484/54/54 2924/53/53
f 444/3275/2791 2934/3276/2792 455/3158/2793 27/3157/2794
f 2934/3276/2792 2944/3277/2795 456/3177/2796 455/3158/2793
f 2944/3277/2795 2954/3278/2797 457/3187/2798 456/3177/2796
f 2954/3278/2797 2964/3279/2799 458/3197/2800 457/3187/2798
f 2964/3279/2799 2974/3280/2801 459/3207/2802 458/3197/2800
f 2974/3280/2801 2984/3281/2803 460/3217/2804 459/3207/2802
f 2984/3281/2803 2994/3282/2805 461/3227/2806 460/3217/2804
f 2994/3282/2805 3004/3283/2807 462/3237/2808 461/3227/2806
f 3004/3283/2807 3014/3284/2809 463/3247/2810 462/3237/2808
f 3014/3284/2809 3024/49/49 464/52/52 463/3247/2810
f 25/3285/2811 425/3286/2812 2925/3287/2813 435/3288/2814
f 435/3288/2814 2925/3287/2813 2926/3289/2815 436/3290/2816
f 436/3290/2816 2926/3289/2815 2927/3291/2817 437/3292/2818
f 437/3292/2818 2927/3291/2817 2928/3293/2819 438/3294/2820
f 438/3294/2820 2928/3293/2819 2929/3295/2821 439/3296/2822
f 439/3296/2822 2929/3295/2821 2930/3297/2823 440/3298/2824
f 440/3298/2824 2930/3297/2823 2931/3299/2825 441/3300/2826
f 441/3300/2826 2931/3299/2825 2932/3301/2827 442/3302/2828
f 442/3302/2828 2932/3301/2827 2933/3303/2829 443/3304/2830
f 443/3304/2830 2933/3303/2829 2934/3276/2792 444/3275/2791
f 425/3286/2812 426/3305/2831 2935/3306/2832 2925/3287/2813
f 2925/3287/2813 2935/3306/2832 2936/3307/2833 2926/3289/2815
f 2926/3289/2815 2936/3307/2833 2937/3308/2834 2927/3291/2817
f 2927/3291/2817 2937/3308/2834 2938/3309/2835 2928/3293/2819
f 2928/3293/2819 2938/3309/2835 2939/3310/2836 2929/3295/2821
f 2929/3295/2821 2939/3310/2836 2940/3311/2837 2930/3297/2823
f 2930/3297/2823 2940/3311/2837 2941/3312/2838 2931/3299/2825
f 2931/3299/2825 2941/3312/2838 2942/3313/2839 2932/3301/2827
f 2932/3301/2827 2942/3313/2839 2943/3314/2840 2933/3303/2829
f 2933/3303/2829 2943/3314/2840 2944/3277/2795 2934/3276/2792
f 426/3305/2831 427/3315/2841 2945/3316/2842 2935/3306/2832
f 2935/3306/2832 2945/3316/2842 2946/3317/2843 2936/3307/2833
f 2936/3307/2833 2946/3317/2843 2947/3318/2844 2937/3308/2834
f 2937/3308/2834 2947/3318/2844 2948/3319/2845 2938/3309/2835
f 2938/3309/2835 2948/3319/2845 2949/3320/2846 2939/3310/2836
f 2939/3310/2836 2949/3320/2846 2950/3321/2847 2940/3311/2837
f 2940/3311/2837 2950/3321/2847 2951/3322/2848 2941/3312/2838
f 2941/3312/2838 2951/3322/2848 2952/3323/2849 2942/3313/2839
f 2942/3313/2839 2952/3323/2849 2953/3324/2850 2943/3314/2840
f 2943/3314/2840 2953/3324/2850 2954/3278/2797 2944/3277/2795
f 427/3315/2841 428/3325/2851 2955/3326/2852 2945/3316/2842
f 2945/3316/2842 2955/3326/2852 2956/3327/2853 2946/3317/2843
f 2946/3317/2843 2956/3327/2853 2957/3328/2854 2947/3318/2844
f 2947/3318/2844 2957/3328/2854 2958/3329/2855 2948/3319/2845
f 2948/3319/2845 2958/3329/2855 2959/3330/2856 2949/3320/2846
f 2949/3320/2846 2959/3330/2856 2960/3331/2857 2950/3321/2847
f 2950/3321/2847 2960/3331/2857 2961/3332/2858 2951/3322/2848
f 2951/3322/2848 2961/3332/2858 2962/3333/2859 2952/3323/2849
f 2952/3323/2849 2962/3333/2859 2963/3334/2860 2953/3324/2850
f 2953/3324/2850 2963/3334/2860 2964/3279/2799 2954/3278/2797
f 428/3325/2851 429/3335/2861 2965/3336/2862 2955/3326/2852
f 2955/3326/2852 2965/3336/2862 2966/3337/2863 2956/3327/2853
f 2956/3327/2853 2966/3337/2863 2967/3338/2864 2957/3328/2854
f 2957/3328/2854 2967/3338/2864 2968/3339/2865 2958/3329/2855
f 2958/3329/2855 2968/3339/2865 2969/3340/2866 2959/3330/2856
f 2959/3330/2856 2969/3340/2866 2970/3341/2867 2960/3331/2857
f 2960/3331/2857 2970/3341/2867 2971/3342/2868 2961/3332/2858
f 2961/3332/2858 2971/3342/2868 2972/3343/2869 2962/3333/2859
f 2962/3333/2859 2972/3343/2869 2973/3344/2870 2963/3334/2860
f 2963/3334/2860 2973/3344/2870 2974/3280/2801 2964/3279/2799
f 429/3335/2861 430/3345/2871 2975/3346/2872 2965/3336/2862
f 2965/3336/2862 2975/3346/2872 2976/3347/2873 2966/3337/2863
f 2966/3337/2863 2976/3347/2873 2977/3348/2874 2967/3338/2864
f 2967/3338/2864 2977/3348/2874 2978/3349/2875 2968/3339/2865
f 2968/3339/2865 2978/3349/2875 2979/3350/2876 2969/3340/2866
f 2969/3340/2866 2979/3350/2876 2980/3351/2877 2970/3341/2867
f 2970/3341/2867 2980/3351/2877 2981/3352/2878 2971/3342/2868
f 2971/3342/2868 2981/3352/2878 2982/3353/2879 2972/3343/2869
f 2972/3343/2869 2982/3353/2879 2983/3354/2880 2973/3344/2870
f 2973/3344/2870 2983/3354/2880 2984/3281/2803 2974/3280/2801
f 430/3345/2871 431/3355/2881 2985/3356/2882 2975/3346/2872
f 2975/3346/2872 2985/3356/2882 2986/3357/2883 2976/3347/2873
f 2976/3347/2873 2986/3357/2883 2987/3358/2884 2977/3348/2874
f 2977/3348/2874 2987/3358/2884 2988/3359/2885 2978/3349/2875
f 2978/3349/2875 2988/3359/2885 2989/3360/2886 2979/3350/2876
f 2979/3350/2876 2989/3360/2886 2990/3361/2887 2980/3351/2877
f 2980/3351/2877 2990/3361/2887 2991/3362/2888 2981/3352/2878
f 2981/3352/2878 2991/3362/2888 2992/3363/2889 2982/3353/2879
f 2982/3353/2879 2992/3363/2889 2993/3364/2890 2983/3354/2880
f 2983/3354/2880 2993/3364/2890 2994/3282/2805 2984/3281/2803
f 431/3355/2881 432/3365/2891 2995/3366/2892 2985/3356/2882
f 2985/3356/2882 2995/3366/2892 2996/3367/2893 2986/3357/2883
f 2986/3357/2883 2996/3367/2893 2997/3368/2894 2987/3358/2884
f 2987/3358/2884 2997/3368/2894 2998/3369/2895 2988/3359/2885
f 2988/3359/2885 2998/3369/2895 2999/3370/2896 2989/3360/2886
f 2989/3360/2886 2999/3370/2896 3000/3371/2897 2990/3361/2887
f 2990/3361/2887 3000/3371/2897 3001/3372/2898 2991/3362/2888
f 2991/3362/2888 3001/3372/2898 3002/3373/2899 2992/3363/2889
f 2992/3363/2889 3002/3373/2899 3003/3374/2900 2993/3364/2890
f 2993/3364/2890 3003/3374/2900 3004/3283/2807 2994/3282/2805
f 432/3365/2891 433/3375/2901 3005/3376/2902 2995/3366/2892
f 2995/3366/2892 3005/3376/2902 3006/3377/2903 2996/3367/2893
f 2996/3367/2893 3006/3377/2903 3007/3378/2904 2997/3368/2894
f 2997/3368/2894 3007/3378/2904 3008/3379/2905 2998/3369/2895
f 2998/3369/2895 3008/3379/2905 3009/3380/2906 2999/3370/2896
f 2999/3370/2896 3009/3380/2906 3010/3381/2907 3000/3371/2897
f 3000/3371/2897 3010/3381/2907 3011/3382/2908 3001/3372/2898
f 3001/3372/2898 3011/3382/2908 3012/3383/2909 3002/3373/2899
f 3002/3373/2899 3012/3383/2909 3013/3384/2910 3003/3374/2900
f 3003/3374/2900 3013/3384/2910 3014/3284/2809 3004/3283/2807
f 433/3375/2901 434/48/2911 3015/3385/2912 3005/3376/2902
f 3005/3376/2902 3015/3385/2912 3016/3386/2913 3006/3377/2903
f 3006/3377/2903 3016/3386/2913 3017/3387/2914 3007/3378/2904
f 3007/3378/2904 3017/3387/2914 3018/3388/2915 3008/3379/2905
f 3008/3379/2905 3018/3388/2915 3019/3389/2916 3009/3380/2906
f 3009/3380/2906 3019/3389/2916 3020/3390/2917 3010/3381/2907
f 3010/3381/2907 3020/3390/2917 3021/3391/2918 3011/3382/2908
f 3011/3382/2908 3021/3391/2918 3022/3392/2919 3012/3383/2909
f 3012/3383/2909 3022/3392/2919 3023/3393/2920 3013/3384/2910
f 3013/3384/2910 3023/3393/2920 3024/49/49 3014/3284/2809
f 434/48/2911 26/47/2921 445/3394/2922 3015/3385/2912
f 3015/3385/2912 445/3394/2922 446/3395/2923 3016/3386/2913
f 3016/3386/2913 446/3395/2923 447/3396/2924 3017/3387/2914
f 3017/3387/2914 447/3396/2924 448/3397/2925 3018/3388/2915
f 3018/3388/2915 448/3397/2925 449/3398/2926 3019/3389/2916
f 3019/3389/2916 449/3398/2926 450/3399/2927 3020/3390/2917
f 3020/3390/2917 450/3399/2927 451/3400/2928 3021/3391/2918
f 3021/3391/2918 451/3400/2928 452/3401/2929 3022/3392/2919
f 3022/3392/2919 452/3401/2929 453/3402/2930 3023/3393/2920
f 3023/3393/2920 453/3402/2930 454/50/50 3024/49/49
f 414/3403/2931 3034/3404/2932 425/3286/2933 25/3285/2934
f 3034/3404/2932 3044/3405/2935 426/3305/2936 425/3286/2933
f 3044/3405/2935 3054/3406/2937 427/3315/2938 426/3305/2936
f 3054/3406/2937 3064/3407/2939 428/3325/2940 427/3315/2938
f 3064/3407/2939 3074/3408/2941 429/3335/2942 428/3325/2940
f 3074/3408/2941 3084/3409/2943 430/3345/2944 429/3335/2942
f 3084/3409/2943 3094/3410/2945 431/3355/2946 430/3345/2944
f 3094/3410/2945 3104/3411/2947 432/3365/2948 431/3355/2946
f 3104/3411/2947 3114/3412/2949 433/3375/2950 432/3365/2948
f 3114/3412/2949 3124/45/45 434/48/48 433/3375/2950
f 23/3413/2951 395/3414/2952 3025/3415/2953 405/3416/2954
f 405/3416/2954 3025/3415/2953 3026/3417/2955 406/3418/2956
f 406/3418/2956 3026/3417/2955 3027/3419/2957 407/3420/2958
f 407/3420/2958 3027/3419/2957 3028/3421/2959 408/3422/2960
f 408/3422/2960 3028/3421/2959 3029/3423/2961 409/3424/2962
f 409/3424/2962 3029/3423/2961 3030/3425/2963 410/3426/2964
f 410/3426/2964 3030/3425/2963 3031/3427/2965 411/3428/2966
f 411/3428/2966 3031/3427/2965 3032/3429/2967 412/3430/2968
f 412/3430/2968 3032/3429/2967 3033/3431/2969 413/3432/2970
f 413/3432/2970 3033/3431/2969 3034/3404/2932 414/3403/2931
f 395/3414/2952 396/3433/2971 3035/3434/2972 3025/3415/2953
f 3025/3415/2953 3035/3434/2972 3036/3435/2973 3026/3417/2955
f 3026/3417/2955 3036/3435/2973 3037/3436/2974 3027/3419/2957
f 3027/3419/2957 3037/3436/2974 3038/3437/2975 3028/3421/2959
f 3028/3421/2959 3038/3437/2975 3039/3438/2976 3029/3423/2961
f 3029/3423/2961 3039/3438/2976 3040/3439/2977 3030/3425/2963
f 3030/3425/2963 3040/3439/2977 3041/3440/2978 3031/3427/2965
f 3031/3427/2965 3041/3440/2978 3042/3441/2979 3032/3429/2967
f 3032/3429/2967 3042/3441/2979 3043/3442/2980 3033/3431/2969
f 3033/3431/2969 3043/3442/2980 3044/3405/2935 3034/3404/2932
f 396/3433/2971 397/3443/2981 3045/3444/2982 3035/3434/2972
f 3035/3434/2972 3045/3444/2982 3046/3445/2983 3036/3435/2973
f 3036/3435/2973 3046/3445/2983 3047/3446/2984 3037/3436/2974
f 3037/3436/2974 3047/3446/2984 3048/3447/2985 3038/3437/2975
f 3038/3437/2975 3048/3447/2985 3049/3448/2986 3039/3438/2976
f 3039/3438/2976 3049/3448/2986 3050/3449/2987 3040/3439/2977
f 3040/3439/2977 3050/3449/2987 3051/3450/2988 3041/3440/2978
f 3041/3440/2978 3051/3450/2988 3052/3451/2989 3042/3441/2979
f 3042/3441/2979 3052/3451/2989 3053/3452/2990 3043/3442/2980
f 3043/3442/2980 3053/3452/2990 3054/3406/2937 3044/3405/2935
f 397/3443/2981 398/3453/2991 3055/3454/2992 3045/3444/2982
f 3045/3444/2982 3055/3454/2992 3056/3455/2993 3046/3445/2983
f 3046/3445/2983 3056/3455/2993 3057/3456/2994 3047/3446/2984
f 3047/3446/2984 3057/3456/2994 3058/3457/2995 3048/3447/2985
f 3048/3447/2985 3058/3457/2995 3059/3458/2996 3049/3448/2986
f 3049/3448/2986 3059/3458/2996 3060/3459/2997 3050/3449/2987
f 3050/3449/2987 3060/3459/2997 3061/3460/2998 3051/3450/2988
f 3051/3450/2988 3061/3460/2998 3062/3461/2999 3052/3451/2989
f 3052/3451/2989 3062/3461/2999 3063/3462/3000 3053/3452/2990
f 3053/3452/2990 3063/3462/3000 3064/3407/2939 3054/3406/2937
f 398/3453/2991 399/3463/3001 3065/3464/3002 3055/3454/2992
f 3055/3454/2992 3065/3464/3002 3066/3465/3003 3056/3455/2993
f 3056/3455/2993 3066/3465/3003 3067/3466/3004 3057/3456/2994
f 3057/3456/2994 3067/3466/3004 3068/3467/3005 3058/3457/2995
f 3058/3457/2995 3068/3467/3005 3069/3468/3006 3059/3458/2996
f 3059/3458/2996 3069/3468/3006 3070/3469/3007 3060/3459/2997
f 3060/3459/2997 3070/3469/3007 3071/3470/3008 3061/3460/2998
f 3061/3460/2998 3071/3470/3008 3072/3471/3009 3062/3461/2999
f 3062/3461/2999 3072/3471/3009 3073/3472/3010 3063/3462/3000
f 3063/3462/3000 3073/3472/3010 3074/3408/2941 3064/3407/2939
f 399/3463/3001 400/3473/3011 3075/3474/3012 3065/3464/3002
f 3065/3464/3002 3075/3474/3012 3076/3475/3013 3066/3465/3003
f 3066/3465/3003 3076/3475/3013 3077/3476/3014 3067/3466/3004
f 3067/3466/3004 3077/3476/3014 3078/3477/3015 3068/3467/3005
f 3068/3467/3005 3078/3477/3015 3079/3478/3016 3069/3468/3006
f 3069/3468/3006 3079/3478/3016 3080/3479/3017 3070/3469/3007
f 3070/3469/3007 3080/3479/3017 3081/3480/3018 3071/3470/3008
f 3071/3470/3008 3081/3480/3018 3082/3481/3019 3072/3471/3009
f 3072/3471/3009 3082/3481/3019 3083/3482/3020 3073/3472/3010
f 3073/3472/3010 3083/3482/3020 3084/3409/2943 3074/3408/2941
f 400/3473/3011 401/3483/3021 3085/3484/3022 3075/3474/3012
f 3075/3474/3012 3085/3484/3022 3086/3485/3023 3076/3475/3013
f 3076/3475/3013 3086/3485/3023 3087/3486/3024 3077/3476/3014
f 3077/3476/3014 3087/3486/3024 3088/3487/3025 3078/3477/3015
f 3078/3477/3015 3088/3487/3025 3089/3488/3026 3079/3478/3016
f 3079/3478/3016 3089/3488/3026 3090/3489/3027 3080/3479/3017
f 3080/3479/3017 3090/3489/3027 3091/3490/3028 3081/3480/3018
f 3081/3480/3018 3091/3490/3028 3092/3491/3029 3082/3481/3019
f 3082/3481/3019 3092/3491/3029 3093/3492/3030 3083/3482/3020
f 3083/3482/3020 3093/3492/3030 3094/3410/2945 3084/3409/2943
f 401/3483/3021 402/3493/3031 3095/3494/3032 3085/3484/3022
f 3085/3484/3022 3095/3494/3032 3096/3495/3033 3086/3485/3023
f 3086/3485/3023 3096/3495/3033 3097/3496/3034 3087/3486/3024
f 3087/3486/3024 3097/3496/3034 3098/3497/3035 3088/3487/3025
f 3088/3487/3025 3098/3497/3035 3099/3498/3036 3089/3488/3026
f 3089/3488/3026 3099/3498/3036 3100/3499/3037 3090/3489/3027
f 3090/3489/3027 3100/3499/3037 3101/3500/3038 3091/3490/3028
f 3091/3490/3028 3101/3500/3038 3102/3501/3039 3092/3491/3029
f 3092/3491/3029 3102/3501/3039 3103/3502/3040 3093/3492/3030
f 3093/3492/3030 3103/3502/3040 3104/3411/2947 3094/3410/2945
f 402/3493/3031 403/3503/3041 3105/3504/3042 3095/3494/3032
f 3095/3494/3032 3105/3504/3042 3106/3505/3043 3096/3495/3033
f 3096/3495/3033 3106/3505/3043 3107/3506/3044 3097/3496/3034
f 3097/3496/3034 3107/3506/3044 3108/3507/3045 3098/3497/3035
f 3098/3497/3035 3108/3507/3045 3109/3508/3046 3099/3498/3036
f 3099/3498/3036 3109/3508/3046 3110/3509/3047 3100/3499/3037
f 3100/3499/3037 3110/3509/3047 3111/3510/3048 3101/3500/3038
f 3101/3500/3038 3111/3510/3048 3112/3511/3049 3102/3501/3039
f 3102/3501/3039 3112/3511/3049 3113/3512/3050 3103/3502/3040
f 3103/3502/3040 3113/3512/3050 3114/3412/2949 3104/3411/2947
f 403/3503/3041 404/44/3051 3115/3513/3052 3105/3504/3042
f 3105/3504/3042 3115/3513/3052 3116/3514/3053 3106/3505/3043
f 3106/3505/3043 3116/3514/3053 3117/3515/3054 3107/3506/3044
f 3107/3506/3044 3117/3515/3054 3118/3516/3055 3108/3507/3045
f 3108/3507/3045 3118/3516/3055 3119/3517/3056 3109/3508/3046
f 3109/3508/3046 3119/3517/3056 3120/3518/3057 3110/3509/3047
f 3110/3509/3047 3120/3518/3057 3121/3519/3058 3111/3510/3048
f 3111/3510/3048 3121/3519/3058 3122/3520/3059 3112/3511/3049
f 3112/3511/3049 3122/3520/3059 3123/3521/3060 3113/3512/3050
f 3113/3512/3050 3123/3521/3060 3124/45/45 3114/3412/2949
f 404/44/3051 24/43/3061 415/3522/3062 3115/3513/3052
f 3115/3513/3052 415/3522/3062 416/3523/3063 3116/3514/3053
f 3116/3514/3053 416/3523/3063 417/3524/3064 3117/3515/3054
f 3117/3515/3054 417/3524/3064 418/3525/3065 3118/3516/3055
f 3118/3516/3055 418/3525/3065 419/3526/3066 3119/3517/3056
f 3119/3517/3056 419/3526/3066 420/3527/3067 3120/3518/3057
f 3120/3518/3057 420/3527/3067 421/3528/3068 3121/3519/3058
f 3121/3519/3058 421/3528/3068 422/3529/3069 3122/3520/3059
f 3122/3520/3059 422/3529/3069 423/3530/3070 3123/3521/3060
f 3123/3521/3060 423/3530/3070 424/46/46 3124/45/45
f 384/3531/3071 3134/3532/3072 395/3414/3073 23/3413/3074
f 3134/3532/3072 3144/3533/3075 396/3433/3076 395/3414/3073
f 3144/3533/3075 3154/3534/3077 397/3443/3078 396/3433/3076
f 3154/3534/3077 3164/3535/3079 398/3453/3080 397/3443/3078
f 3164/3535/3079 3174/3536/3081 399/3463/3082 398/3453/3080
f 3174/3536/3081 3184/3537/3083 400/3473/3084 399/3463/3082
f 3184/3537/3083 3194/3538/3085 401/3483/3086 400/3473/3084
f 3194/3538/3085 3204/3539/3087 402/3493/3088 401/3483/3086
f 3204/3539/3087 3214/3540/3089 403/3503/3090 402/3493/3088
f 3214/3540/3089 3224/41/41 404/44/44 403/3503/3090
f 21/3541/3091 365/3542/3092 3125/3543/3093 375/3544/3094
f 375/3544/3094 3125/3543/3093 3126/3545/3095 376/3546/3096
f 376/3546/3096 3126/3545/3095 3127/3547/3097 377/3548/3098
f 377/3548/3098 3127/3547/3097 3128/3549/3099 378/3550/3100
f 378/3550/3100 3128/3549/3099 3129/3551/3101 379/3552/3102
f 379/3552/3102 3129/3551/3101 3130/3553/3103 380/3554/3104
f 380/3554/3104 3130/3553/3103 3131/3555/3105 381/3556/3106
f 381/3556/3106 3131/3555/3105 3132/3557/3107 382/3558/3108
f 382/3558/3108 3132/3557/3107 3133/3559/3109 383/3560/3110
f 383/3560/3110 3133/3559/3109 3134/3532/3072 384/3531/3071
f 365/3542/3092 366/3561/3111 3135/3562/3112 3125/3543/3093
f 3125/3543/3093 3135/3562/3112 3136/3563/3113 3126/3545/3095
f 3126/3545/3095 3136/3563/3113 3137/3564/3114 3127/3547/3097
f 3127/3547/3097 3137/3564/3114 3138/3565/3115 3128/3549/3099
f 3128/3549/3099 3138/3565/3115 3139/3566/3116 3129/3551/3101
f 3129/3551/3101 3139/3566/3116 3140/3567/3117 3130/3553/3103
f 3130/3553/3103 3140/3567/3117 3141/3568/3118 3131/3555/3105
f 3131/3555/3105 3141/3568/3118 3142/3569/3119 3132/3557/3107
f 3132/3557/3107 3142/3569/3119 3143/3570/3120 3133/3559/3109
f 3133/3559/3109 3143/3570/3120 3144/3533/3075 3134/3532/3072
f 366/3561/3111 367/3571/3121 3145/3572/3122 3135/3562/3112
f 3135/3562/3112 3145/3572/3122 3146/3573/3123 3136/3563/3113
f 3136/3563/3113 3146/3573/3123 3147/3574/3124 3137/3564/3114
f 3137/3564/3114 3147/3574/3124 3148/3575/3125 3138/3565/3115
f 3138/3565/3115 3148/3575/3125 3149/3576/3126 3139/3566/3116
f 3139/3566/3116 3149/3576/3126 3150/3577/3127 3140/3567/3117
f 3140/3567/3117 3150/3577/3127 3151/3578/3128 3141/3568/3118
f 3141/3568/3118 3151/3578/3128 3152/3579/3129 3142/3569/3119
f 3142/3569/3119 3152/3579/3129 3153/3580/3130 3143/3570/3120
f 3143/3570/3120 3153/3580/3130 3154/3534/3077 3144/3533/3075
f 367/3571/3121 368/3581/3131 3155/3582/3132 3145/3572/3122
f 3145/3572/3122 3155/3582/3132 3156/3583/3133 3146/3573/3123
f 3146/3573/3123 3156/3583/3133 3157/3584/3134 3147/3574/3124
f 3147/3574/3124 3157/3584/3134 3158/3585/3135 3148/3575/3125
f 3148/3575/3125 3158/3585/3135 3159/3586/3136 3149/3576/3126
f 3149/3576/3126 3159/3586/3136 3160/3587/3137 3150/3577/3127
f 3150/3577/3127 3160/3587/3137 3161/3588/3138 3151/3578/3128
f 3151/3578/3128 3161/3588/3138 3162/3589/3139 3152/3579/3129
f 3152/3579/3129 3162/3589/3139 3163/3590/3140 3153/3580/3130
f 3153/3580/3130 3163/3590/3140 3164/3535/3079 3154/3534/3077
f 368/3581/3131 369/3591/3141 3165/3592/3142 3155/3582/3132
f 3155/3582/3132 3165/3592/3142 3166/3593/3143 3156/3583/3133
f 3156/3583/3133 3166/3593/3143 3167/3594/3144 3157/3584/3134
f 3157/3584/3134 3167/3594/3144 3168/3595/3145 3158/3585/3135
f 3158/3585/3135 3168/3595/3145 3169/3596/3146 3159/3586/3136
f 3159/3586/3136 3169/3596/3146 3170/3597/3147 3160/3587/3137
f 3160/3587/3137 3170/3597/3147 3171/3598/3148 3161/3588/3138
f 3161/3588/3138 3171/3598/3148 3172/3599/3149 3162/3589/3139
f 3162/3589/3139 3172/3599/3149 3173/3600/3150 3163/3590/3140
f 3163/3590/3140 3173/3600/3150 3174/3536/3081 3164/3535/3079
f 369/3591/3141 370/3601/3151 3175/3602/3152 3165/3592/3142
f 3165/3592/3142 3175/3602/3152 3176/3603/3153 3166/3593/3143
f 3166/3593/3143 3176/3603/3153 3177/3604/3154 3167/3594/3144
f 3167/3594/3144 3177/3604/3154 3178/3605/3155 3168/3595/3145
f 3168/3595/3145 3178/3605/3155 3179/3606/3156 3169/3596/3146
f 3169/3596/3146 3179/3606/3156 3180/3607/3157 3170/3597/3147
f 3170/3597/3147 3180/3607/3157 3181/3608/3158 3171/3598/3148
f 3171/3598/3148 3181/3608/3158 3182/3609/3159 3172/3599/3149
f 3172/3599/3149 3182/3609/3159 3183/3610/3160 3173/3600/3150
f 3173/3600/3150 3183/3610/3160 3184/3537/3083 3174/3536/3081
f 370/3601/3151 371/3611/3161 3185/3612/3162 3175/3602/3152
f 3175/3602/3152 3185/3612/3162 3186/3613/3163 3176/3603/3153
f 3176/3603/3153 3186/3613/3163 3187/3614/3164 3177/3604/3154
f 3177/3604/3154 3187/3614/3164 3188/3615/3165 3178/3605/3155
f 3178/3605/3155 3188/3615/3165 3189/3616/3166 3179/3606/3156
f 3179/3606/3156 3189/3616/3166 3190/3617/3167 3180/3607/3157
f 3180/3607/3157 3190/3617/3167 3191/3618/3168 3181/3608/3158
f 3181/3608/3158 3191/3618/3168 3192/3619/3169 3182/3609/3159
f 3182/3609/3159 3192/3619/3169 3193/3620/3170 3183/3610/3160
f 3183/3610/3160 3193/3620/3170 3194/3538/3085 3184/3537/3083
f 371/3611/3161 372/3621/3171 3195/3622/3172 3185/3612/3162
f 3185/3612/3162 3195/3622/3172 3196/3623/3173 3186/3613/3163
f 3186/3613/3163 3196/3623/3173 3197/3624/3174 3187/3614/3164
f 3187/3614/3164 3197/3624/3174 3198/3625/3175 3188/3615/3165
f 3188/3615/3165 3198/3625/3175 3199/3626/3176 3189/3616/3166
f 3189/3616/3166 3199/3626/3176 3200/3627/3177 3190/3617/3167
f 3190/3617/3167 3200/3627/3177 3201/3628/3178 3191/3618/3168
f 3191/3618/3168 3201/3628/3178 3202/3629/3179 3192/3619/3169
f 3192/3619/3169 3202/3629/3179 3203/3630/3180 3193/3620/3170
f 3193/3620/3170 3203/3630/3180 3204/3539/3087 3194/3538/3085
f 372/3621/3171 373/3631/3181 3205/3632/3182 3195/3622/3172
f 3195/3622/3172 3205/3632/3182 3206/3633/3183 3196/3623/3173
f 3196/3623/3173 3206/3633/3183 3207/3634/3184 3197/3624/3174
f 3197/3624/3174 3207/3634/3184 3208/3635/3185 3198/3625/3175
f 3198/3625/3175 3208/3635/3185 3209/3636/3186 3199/3626/3176
f 3199/3626/3176 3209/3636/3186 3210/3637/3187 3200/3627/3177
f 3200/3627/3177 3210/3637/3187 3211/3638/3188 3201/3628/3178
f 3201/3628/3178 3211/3638/3188 3212/3639/3189 3202/3629/3179
f 3202/3629/3179 3212/3639/3189 3213/3640/3190 3203/3630/3180
f 3203/3630/3180 3213/3640/3190 3214/3540/3089 3204/3539/3087
f 373/3631/3181 374/40/3191 3215/3641/3192 3205/3632/3182
f 3205/3632/3182 3215/3641/3192 3216/3642/3193 3206/3633/3183
f 3206/3633/3183 3216/3642/3193 3217/3643/3194 3207/3634/3184
f 3207/3634/3184 3217/3643/3194 3218/3644/3195 3208/3635/3185
f 3208/3635/3185 3218/3644/3195 3219/3645/3196 3209/3636/3186
f 3209/3636/3186 3219/3645/3196 3220/3646/3197 3210/3637/3187
f 3210/3637/3187 3220/3646/3197 3221/3647/3198 3211/3638/3188
f 3211/3638/3188 3221/3647/3198 3222/3648/3199 3212/3639/3189
f 3212/3639/3189 3222/3648/3199 3223/3649/3200 3213/3640/3190
f 3213/3640/3190 3223/3649/3200 3224/41/41 3214/3540/3089
f 374/40/3191 22/39/3201 385/3650/3202 3215/3641/3192
f 3215/3641/3192 385/3650/3202 386/3651/3203 3216/3642/3193
f 3216/3642/3193 386/3651/3203 387/3652/3204 3217/3643/3194
f 3217/3643/3194 387/3652/3204 388/3653/3205 3218/3644/3195
f 3218/3644/3195 388/3653/3205 389/3654/3206 3219/3645/3196
f 3219/3645/3196 389/3654/3206 390/3655/3207 3220/3646/3197
f 3220/3646/3197 390/3655/3207 391/3656/3208 3221/3647/3198
f 3221/3647/3198 391/3656/3208 392/3657/3209 3222/3648/3199
f 3222/3648/3199 392/3657/3209 393/3658/3210 3223/3649/3200
f 3223/3649/3200 393/3658/3210 394/42/42 3224/41/41
f 354/3659/3211 3234/3660/3212 365/3542/3213 21/3541/3214
f 3234/3660/3212 3244/3661/3215 366/3561/3216 365/3542/3213
f 3244/3661/3215 3254/3662/3217 367/3571/3218 366/3561/3216
f 3254/3662/3217 3264/3663/3219 368/3581/3220 367/3571/3218
f 3264/3663/3219 3274/3664/3221 369/3591/3222 368/3581/3220
f 3274/3664/3221 3284/3665/3223 370/3601/3224 369/3591/3222
f 3284/3665/3223 3294/3666/3225 371/3611/3226 370/3601/3224
f 3294/3666/3225 3304/3667/3227 372/3621/3228 371/3611/3226
f 3304/3667/3227 3314/3668/3229 373/3631/3230 372/3621/3228
f 3314/3668/3229 3324/37/37 374/40/40 373/3631/3230
f 19/3669/3231 335/3670/3232 3225/3671/3233 345/3672/3234
f 345/3672/3234 3225/3671/3233 3226/3673/3235 346/3674/3236
f 346/3674/3236 3226/3673/3235 3227/3675/3237 347/3676/3238
f 347/3676/3238 3227/3675/3237 3228/3677/3239 348/3678/3240
f 348/3678/3240 3228/3677/3239 3229/3679/3241 349/3680/3242
f 349/3680/3242 3229/3679/3241 3230/3681/3243 350/3682/3244
f 350/3682/3244 3230/3681/3243 3231/3683/3245 351/3684/3246
f 351/3684/3246 3231/3683/3245 3232/3685/3247 352/3686/3248
f 352/3686/3248 3232/3685/3247 3233/3687/3249 353/3688/3250
f 353/3688/3250 3233/3687/3249 3234/3660/3212 354/3659/3211
f 335/3670/3232 336/3689/3251 3235/3690/3252 3225/3671/3233
f 3225/3671/3233 3235/3690/3252 3236/3691/3253 3226/3673/3235
f 3226/3673/3235 3236/3691/3253 3237/3692/3254 3227/3675/3237
f 3227/3675/3237 3237/3692/3254 3238/3693/3255 3228/3677/3239
f 3228/3677/3239 3238/3693/3255 3239/3694/3256 3229/3679/3241
f 3229/3679/3241 3239/3694/3256 3240/3695/3257 3230/3681/3243
f 3230/3681/3243 3240/3695/3257 3241/3696/3258 3231/3683/3245
f 3231/3683/3245 3241/3696/3258 3242/3697/3259 3232/3685/3247
f 3232/3685/3247 3242/3697/3259 3243/3698/3260 3233/3687/3249
f 3233/3687/3249 3243/3698/3260 3244/3661/3215 3234/3660/3212
f 336/3689/3251 337/3699/3261 3245/3700/3262 3235/3690/3252
f 3235/3690/3252 3245/3700/3262 3246/3701/3263 3236/3691/3253
f 3236/3691/3253 3246/3701/3263 3247/3702/3264 3237/3692/3254
f 3237/3692/3254 3247/3702/3264 3248/3703/3265 3238/3693/3255
f 3238/3693/3255 3248/3703/3265 3249/3704/3266 3239/3694/3256
f 3239/3694/3256 3249/3704/3266 3250/3705/3267 3240/3695/3257
f 3240/3695/3257 3250/3705/3267 3251/3706/3268 3241/3696/3258
f 3241/3696/3258 3251/3706/3268 3252/3707/3269 3242/3697/3259
f 3242/3697/3259 3252/3707/3269 3253/3708/3270 3243/3698/3260
f 3243/3698/3260 3253/3708/3270 3254/3662/3217 3244/3661/3215
f 337/3699/3261 338/3709/3271 3255/3710/3272 3245/3700/3262
f 3245/3700/3262 3255/3710/3272 3256/3711/3273 3246/3701/3263
f 3246/3701/3263 3256/3711/3273 3257/3712/3274 3247/3702/3264
f 3247/3702/3264 3257/3712/3274 3258/3713/3275 3248/3703/3265
f 3248/3703/3265 3258/3713/3275 3259/3714/3276 3249/3704/3266
f 3249/3704/3266 3259/3714/3276 3260/3715/3277 3250/3705/3267
f 3250/3705/3267 3260/3715/3277 3261/3716/3278 3251/3706/3268
f 3251/3706/3268 3261/3716/3278 3262/3717/3279 3252/3707/3269
f 3252/3707/3269 3262/3717/3279 3263/3718/3280 3253/3708/3270
f 3253/3708/3270 3263/3718/3280 3264/3663/3219 3254/3662/3217
f 338/3709/3271 339/3719/3281 3265/3720/3282 3255/3710/3272
f 3255/3710/3272 3265/3720/3282 3266/3721/3283 3256/3711/3273
f 3256/3711/3273 3266/3721/3283 3267/3722/3284 3257/3712/3274
f 3257/3712/3274 3267/3722/3284 3268/3723/3285 3258/3713/3275
f 3258/3713/3275 3268/3723/3285 3269/3724/3286 3259/3714/3276
f 3259/3714/3276 3269/3724/3286 3270/3725/3287 3260/3715/3277
f 3260/3715/3277 3270/3725/3287 3271/3726/3288 3261/3716/3278
f 3261/3716/3278 3271/3726/3288 3272/3727/3289 3262/3717/3279
f 3262/3717/3279 3272/3727/3289 3273/3728/3290 3263/3718/3280
f 3263/3718/3280 3273/3728/3290 3274/3664/3221 3264/3663/3219
f 339/3719/3281 340/3729/3291 3275/3730/3292 3265/3720/3282
f 3265/3720/3282 3275/3730/3292 3276/3731/3293 3266/3721/3283
f 3266/3721/3283 3276/3731/3293 3277/3732/3294 3267/3722/3284
f 3267/3722/3284 3277/3732/3294 3278/3733/3295 3268/3723/3285
f 3268/3723/3285 3278/3733/3295 3279/3734/3296 3269/3724/3286
f 3269/3724/3286 3279/3734/3296 3280/3735/3297 3270/3725/3287
f 3270/3725/3287 3280/3735/3297 3281/3736/3298 3271/3726/3288
f 3271/3726/3288 3281/3736/3298 3282/3737/3299 3272/3727/3289
f 3272/3727/3289 3282/3737/3299 3283/3738/3300 3273/3728/3290
f 3273/3728/3290 3283/3738/3300 3284/3665/3223 3274/3664/3221
f 340/3729/3291 341/3739/3301 3285/3740/3302 3275/3730/3292
f 3275/3730/3292 3285/3740/3302 3286/3741/3303 3276/3731/3293
f 3276/3731/3293 3286/3741/3303 3287/3742/3304 3277/3732/3294
f 3277/3732/3294 3287/3742/3304 3288/3743/3305 3278/3733/3295
f 3278/3733/3295 3288/3743/3305 3289/3744/3306 3279/3734/3296
f 3279/3734/3296 3289/3744/3306 3290/3745/3307 3280/3735/3297
f 3280/3735/3297 3290/3745/3307 3291/3746/3308 3281/3736/3298
f 3281/3736/3298 3291/3746/3308 3292/3747/3309 3282/3737/3299
f 3282/3737/3299 3292/3747/3309 3293/3748/3310 3283/3738/3300
f 3283/3738/3300 3293/3748/3310 3294/3666/3225 3284/3665/3223
f 341/3739/3301 342/3749/3311 3295/3750/3312 3285/3740/3302
f 3285/3740/3302 3295/3750/3312 3296/3751/3313 3286/3741/3303
f 3286/3741/3303 3296/3751/3313 3297/3752/3314 3287/3742/3304
f 3287/3742/3304 3297/3752/3314 3298/3753/3315 3288/3743/3305
f 3288/3743/3305 3298/3753/3315 3299/3754/3316 3289/3744/3306
f 3289/3744/3306 3299/3754/3316 3300/3755/3317 3290/3745/3307
f 3290/3745/3307 3300/3755/3317 3301/3756/3318 3291/3746/3308
f 3291/3746/3308 3301/3756/3318 3302/3757/3319 3292/3747/3309
f 3292/3747/3309 3302/3757/3319 3303/3758/3320 3293/3748/3310
f 3293/3748/3310 3303/3758/3320 3304/3667/3227 3294/3666/3225
f 342/3749/3311 343/3759/3321 3305/3760/3322 3295/3750/3312
f 3295/3750/3312 3305/3760/3322 3306/3761/3323 3296/3751/3313
f 3296/3751/3313 3306/3761/3323 3307/3762/3324 3297/3752/3314
f 3297/3752/3314 3307/3762/3324 3308/3763/3325 3298/3753/3315
f 3298/3753/3315 3308/3763/3325 3309/3764/3326 3299/3754/3316
f 3299/3754/3316 3309/3764/3326 3310/3765/3327 3300/3755/3317
f 3300/3755/3317 3310/3765/3327 3311/3766/3328 3301/3756/3318
f 3301/3756/3318 3311/3766/3328 3312/3767/3329 3302/3757/3319
f 3302/3757/3319 3312/3767/3329 3313/3768/3330 3303/3758/3320
f 3303/3758/3320 3313/3768/3330 3314/3668/3229 3304/3667/3227
f 343/3759/3321 344/36/3331 3315/3769/3332 3305/3760/3322
f 3305/3760/3322 3315/3769/3332 3316/3770/3333 3306/3761/3323
f 3306/3761/3323 3316/3770/3333 3317/3771/3334 3307/3762/3324
f 3307/3762/3324 3317/3771/3334 3318/3772/3335 3308/3763/3325
f 3308/3763/3325 3318/3772/3335 3319/3773/3336 3309/3764/3326
f 3309/3764/3326 3319/3773/3336 3320/3774/3337 3310/3765/3327
f 3310/3765/3327 3320/3774/3337 3321/3775/3338 3311/3766/3328
f 3311/3766/3328 3321/3775/3338 3322/3776/3339 3312/3767/3329
f 3312/3767/3329 3322/3776/3339 3323/3777/3340 3313/3768/3330
f 3313/3768/3330 3323/3777/3340 3324/37/37 3314/3668/3229
f 344/36/3331 20/35/3341 355/3778/3342 3315/3769/3332
f 3315/3769/3332 355/3778/3342 356/3779/3343 3316/3770/3333
f 3316/3770/3333 356/3779/3343 357/3780/3344 3317/3771/3334
f 3317/3771/3334 357/3780/3344 358/3781/3345 3318/3772/3335
f 3318/3772/3335 358/3781/3345 359/3782/3346 3319/3773/3336
f 3319/3773/3336 359/3782/3346 360/3783/3347 3320/3774/3337
f 3320/3774/3337 360/3783/3347 361/3784/3348 3321/3775/3338
f 3321/3775/3338 361/3784/3348 362/3785/3349 3322/3776/3339
f 3322/3776/3339 362/3785/3349 363/3786/3350 3323/3777/3340
f 3323/3777/3340 363/3786/3350 364/38/38 3324/37/37
f 324/3787/3351 3334/3788/3352 335/3670/3353 19/3669/3354
f 3334/3788/3352 3344/3789/3355 336/3689/3356 335/3670/3353
f 3344/3789/3355 3354/3790/3357 337/3699/3358 336/3689/3356
f 3354/3790/3357 3364/3791/3359 338/3709/3360 337/3699/3358
f 3364/3791/3359 3374/3792/3361 339/3719/3362 338/3709/3360
f 3374/3792/3361 3384/3793/3363 340/3729/3364 339/3719/3362
f 3384/3793/3363 3394/3794/3365 341/3739/3366 340/3729/3364
f 3394/3794/3365 3404/3795/3367 342/3749/3368 341/3739/3366
f 3404/3795/3367 3414/3796/3369 343/3759/3370 342/3749/3368
f 3414/3796/3369 3424/33/33 344/36/36 343/3759/3370
f 17/3797/3371 305/3798/3372 3325/3799/3373 315/3800/3374
f 315/3800/3374 3325/3799/3373 3326/3801/3375 316/3802/3376
f 316/3802/3376 3326/3801/3375 3327/3803/3377 317/3804/3378
f 317/3804/3378 3327/3803/3377 3328/3805/3379 318/3806/3380
f 318/3806/3380 3328/3805/3379 3329/3807/3381 319/3808/3382
f 319/3808/3382 3329/3807/3381 3330/3809/3383 320/3810/3384
f 320/3810/3384 3330/3809/3383 3331/3811/3385 321/3812/3386
f 321/3812/3386 3331/3811/3385 3332/3813/3387 322/3814/3388
f 322/3814/3388 3332/3813/3387 3333/3815/3389 323/3816/3390
f 323/3816/3390 3333/3815/3389 3334/3788/3352 324/3787/3351
f 305/3798/3372 306/3817/3391 3335/3818/3392 3325/3799/3373
f 3325/3799/3373 3335/3818/3392 3336/3819/3393 3326/3801/3375
f 3326/3801/3375 3336/3819/3393 3337/3820/3394 3327/3803/3377
f 3327/3803/3377 3337/3820/3394 3338/3821/3395 3328/3805/3379
f 3328/3805/3379 3338/3821/3395 3339/3822/3396 3329/3807/3381
f 3329/3807/3381 3339/3822/3396 3340/3823/3397 3330/3809/3383
f 3330/3809/3383 3340/3823/3397 3341/3824/3398 3331/3811/3385
f 3331/3811/3385 3341/3824/3398 3342/3825/3399 3332/3813/3387
f 3332/3813/3387 3342/3825/3399 3343/3826/3400 3333/3815/3389
f 3333/3815/3389 3343/3826/3400 3344/3789/3355 3334/3788/3352
f 306/3817/3391 307/3827/3401 3345/3828/3402 3335/3818/3392
f 3335/3818/3392 3345/3828/3402 3346/3829/3403 3336/3819/3393
f 3336/3819/3393 3346/3829/3403 3347/3830/3404 3337/3820/3394
f 3337/3820/3394 3347/3830/3404 3348/3831/3405 3338/3821/3395
f 3338/3821/3395 3348/3831/3405 3349/3832/3406 3339/3822/3396
f 3339/3822/3396 3349/3832/3406 3350/3833/3407 3340/3823/3397
f 3340/3823/3397 3350/3833/3407 3351/3834/3408 3341/3824/3398
f 3341/3824/3398 3351/3834/3408 3352/3835/3409 3342/3825/3399
f 3342/3825/3399 3352/3835/3409 3353/3836/3410 3343/3826/3400
f 3343/3826/3400 3353/3836/3410 3354/3790/3357 3344/3789/3355
f 307/3827/3401 308/3837/3411 3355/3838/3412 3345/3828/3402
f 3345/3828/3402 3355/3838/3412 3356/3839/3413 3346/3829/3403
f 3346/3829/3403 3356/3839/3413 3357/3840/3414 3347/3830/3404
f 3347/3830/3404 3357/3840/3414 3358/3841/3415 3348/3831/3405
f 3348/3831/3405 3358/3841/3415 3359/3842/3416 3349/3832/3406
f 3349/3832/3406 3359/3842/3416 3360/3843/3417 3350/3833/3407
f 3350/3833/3407 3360/3843/3417 3361/3844/3418 3351/3834/3408
f 3351/3834/3408 3361/3844/3418 3362/3845/3419 3352/3835/3409
f 3352/3835/3409 3362/3845/3419 3363/3846/3420 3353/3836/3410
f 3353/3836/3410 3363/3846/3420 3364/3791/3359 3354/3790/3357
f 308/3837/3411 309/3847/3421 3365/3848/3422 3355/3838/3412
f 3355/3838/3412 3365/3848/3422 3366/3849/3423 3356/3839/3413
f 3356/3839/3413 3366/3849/3423 3367/3850/3424 3357/3840/3414
f 3357/3840/3414 3367/3850/3424 3368/3851/3425 3358/3841/3415
f 3358/3841/3415 3368/3851/3425 3369/3852/3426 3359/3842/3416
f 3359/3842/3416 3369/3852/3426 3370/3853/3427 3360/3843/3417
f 3360/3843/3417 3370/3853/3427 3371/3854/3428 3361/3844/3418
f 3361/3844/3418 3371/3854/3428 3372/3855/3429 3362/3845/3419
f 3362/3845/3419 3372/3855/3429 3373/3856/3430 3363/3846/3420
f 3363/3846/3420 3373/3856/3430 3374/3792/3361 3364/3791/3359
f 309/3847/3421 310/3857/3431 3375/3858/3432 3365/3848/3422
f 3365/3848/3422 3375/3858/3432 3376/3859/3433 3366/3849/3423
f 3366/3849/3423 3376/3859/3433 3377/3860/3434 3367/3850/3424
f 3367/3850/3424 3377/3860/3434 3378/3861/3435 3368/3851/3425
f 3368/3851/3425 3378/3861/3435 3379/3862/3436 3369/3852/3426
f 3369/3852/3426 3379/3862/3436 3380/3863/3437 3370/3853/3427
f 3370/3853/3427 3380/3863/3437 3381/3864/3438 3371/3854/3428
f 3371/3854/3428 3381/3864/3438 3382/3865/3439 3372/3855/3429
f 3372/3855/3429 3382/3865/3439 3383/3866/3440 3373/3856/3430
f 3373/3856/3430 3383/3866/3440 3384/3793/3363 3374/3792/3361
f 310/3857/3431 311/3867/3441 3385/3868/3442 3375/3858/3432
f 3375/3858/3432 3385/3868/3442 3386/3869/3443 3376/3859/3433
f 3376/3859/3433 3386/3869/3443 3387/3870/3444 3377/3860/3434
f 3377/3860/3434 3387/3870/3444 3388/3871/3445 3378/3861/3435
f 3378/3861/3435 3388/3871/3445 3389/3872/3446 3379/3862/3436
f 3379/3862/3436 3389/3872/3446 3390/3873/3447 3380/3863/3437
f 3380/3863/3437 3390/3873/3447 3391/3874/3448 3381/3864/3438
f 3381/3864/3438 3391/3874/3448 3392/3875/3449 3382/3865/3439
f 3382/3865/3439 3392/3875/3449 3393/3876/3450 3383/3866/3440
f 3383/3866/3440 3393/3876/3450 3394/3794/3365 3384/3793/3363
f 311/3867/3441 312/3877/3451 3395/3878/3452 3385/3868/3442
f 3385/3868/3442 3395/3878/3452 3396/3879/3453 3386/3869/3443
f 3386/3869/3443 3396/3879/3453 3397/3880/3454 3387/3870/3444
f 3387/3870/3444 3397/3880/3454 3398/3881/3455 3388/3871/3445
f 3388/3871/3445 3398/3881/3455 3399/3882/3456 3389/3872/3446
f 3389/3872/3446 3399/3882/3456 3400/3883/3457 3390/3873/3447
f 3390/3873/3447 3400/3883/3457 3401/3884/3458 3391/3874/3448
f 3391/3874/3448 3401/3884/3458 3402/3885/3459 3392/3875/3449
f 3392/3875/3449 3402/3885/3459 3403/3886/3460 3393/3876/3450
f 3393/3876/3450 3403/3886/3460 3404/3795/3367 3394/3794/3365
f 312/3877/3451 313/3887/3461 3405/3888/3462 3395/3878/3452
f 3395/3878/3452 3405/3888/3462 3406/3889/3463 3396/3879/3453
f 3396/3879/3453 3406/3889/3463 3407/3890/3464 3397/3880/3454
f 3397/3880/3454 3407/3890/3464 3408/3891/3465 3398/3881/3455
f 3398/3881/3455 3408/3891/3465 3409/3892/3466 3399/3882/3456
f 3399/3882/3456 3409/3892/3466 3410/3893/3467 3400/3883/3457
f 3400/3883/3457 3410/3893/3467 3411/3894/3468 3401/3884/3458
f 3401/3884/3458 3411/3894/3468 3412/3895/3469 3402/3885/3459
f 3402/3885/3459 3412/3895/3469 3413/3896/3470 3403/3886/3460
f 3403/3886/3460 3413/3896/3470 3414/3796/3369 3404/3795/3367
f 313/3887/3461 314/32/3471 3415/3897/3472 3405/3888/3462
f 3405/3888/3462 3415/3897/3472 3416/3898/3473 3406/3889/3463
f 3406/3889/3463 3416/3898/3473 3417/3899/3474 3407/3890/3464
f 3407/3890/3464 3417/3899/3474 3418/3900/3475 3408/3891/3465
f 3408/3891/3465 3418/3900/3475 3419/3901/3476 3409/3892/3466
f 3409/3892/3466 3419/3901/3476 3420/3902/3477 3410/3893/3467
f 3410/3893/3467 3420/3902/3477 3421/3903/3478 3411/3894/3468
f 3411/3894/3468 3421/3903/3478 3422/3904/3479 3412/3895/3469
f 3412/3895/3469 3422/3904/3479 3423/3905/3480 3413/3896/3470
f 3413/3896/3470 3423/3905/3480 3424/33/33 3414/3796/3369
f 314/32/3471 18/31/3481 325/3906/3482 3415/3897/3472
f 3415/3897/3472 325/3906/3482 326/3907/3483 3416/3898/3473
f 3416/3898/3473 326/3907/3483 327/3908/3484 3417/3899/3474
f 3417/3899/3474 327/3908/3484 328/3909/3485 3418/3900/3475
f 3418/3900/3475 328/3909/3485 329/3910/3486 3419/3901/3476
f 3419/3901/3476 329/3910/3486 330/3911/3487 3420/3902/3477
f 3420/3902/3477 330/3911/3487 331/3912/3488 3421/3903/3478
f 3421/3903/3478 331/3912/3488 332/3913/3489 3422/3904/3479
f 3422/3904/3479 332/3913/3489 333/3914/3490 3423/3905/3480
f 3423/3905/3480 333/3914/3490 334/34/34 3424/33/33
f 294/3915/3491 3434/3916/3492 305/3798/3493 17/3797/3494
f 3434/3916/3492 3444/3917/3495 306/3817/3496 305/3798/3493
f 3444/3917/3495 3454/3918/3497 307/3827/3498 306/3817/3496
f 3454/3918/3497 3464/3919/3499 308/3837/3500 307/3827/3498
f 3464/3919/3499 3474/3920/3501 309/3847/3502 308/3837/3500
f 3474/3920/3501 3484/3921/3503 310/3857/3504 309/3847/3502
f 3484/3921/3503 3494/3922/3505 311/3867/3506 310/3857/3504
f 3494/3922/3505 3504/3923/3507 312/3877/3508 311/3867/3506
f 3504/3923/3507 3514/3924/3509 313/3887/3510 312/3877/3508
f 3514/3924/3509 3524/29/29 314/32/32 313/3887/3510
f 15/3925/3511 275/3926/3512 3425/3927/3513 285/3928/3514
f 285/3928/3514 3425/3927/3513 3426/3929/3515 286/3930/3516
f 286/3930/3516 3426/3929/3515 3427/3931/3517 287/3932/3518
f 287/3932/3518 3427/3931/3517 3428/3933/3519 288/3934/3520
f 288/3934/3520 3428/3933/3519 3429/3935/3521 289/3936/3522
f 289/3936/3522 3429/3935/3521 3430/3937/3523 290/3938/3524
f 290/3938/3524 3430/3937/3523 3431/3939/3525 291/3940/3526
f 291/3940/3526 3431/3939/3525 3432/3941/3527 292/3942/3528
f 292/3942/3528 3432/3941/3527 3433/3943/3529 293/3944/3530
f 293/3944/3530 3433/3943/3529 3434/3916/3492 294/3915/3491
f 275/3926/3512 276/3945/3531 3435/3946/3532 3425/3927/3513
f 3425/3927/3513 3435/3946/3532 3436/3947/3533 3426/3929/3515
f 3426/3929/3515 3436/3947/3533 3437/3948/3534 3427/3931/3517
f 3427/3931/3517 3437/3948/3534 3438/3949/3535 3428/3933/3519
f 3428/3933/3519 3438/3949/3535 3439/3950/3536 3429/3935/3521
f 3429/3935/3521 3439/3950/3536 3440/3951/3537 3430/3937/3523
f 3430/3937/3523 3440/3951/3537 3441/3952/3538 3431/3939/3525
f 3431/3939/3525 3441/3952/3538 3442/3953/3539 3432/3941/3527
f 3432/3941/3527 3442/3953/3539 3443/3954/3540 3433/3943/3529
f 3433/3943/3529 3443/3954/3540 3444/3917/3495 3434/3916/3492
f 276/3945/3531 277/3955/3541 3445/3956/3542 3435/3946/3532
f 3435/3946/3532 3445/3956/3542 3446/3957/3543 3436/3947/3533
f 3436/3947/3533 3446/3957/3543 3447/3958/3544 3437/3948/3534
f 3437/3948/3534 3447/3958/3544 3448/3959/3545 3438/3949/3535
f 3438/3949/3535 3448/3959/3545 3449/3960/3546 3439/3950/3536
f 3439/3950/3536 3449/3960/3546 3450/3961/3547 3440/3951/3537
f 3440/3951/3537 3450/3961/3547 3451/3962/3548 3441/3952/3538
f 3441/3952/3538 3451/3962/3548 3452/3963/3549 3442/3953/3539
f 3442/3953/3539 3452/3963/3549 3453/3964/3550 3443/3954/3540
f 3443/3954/3540 3453/3964/3550 3454/3918/3497 3444/3917/3495
f 277/3955/3541 278/3965/3551 3455/3966/3552 3445/3956/3542
f 3445/3956/3542 3455/3966/3552 3456/3967/3553 3446/3957/3543
f 3446/3957/3543 3456/3967/3553 3457/3968/3554 3447/3958/3544
f 3447/3958/3544 3457/3968/3554 3458/3969/3555 3448/3959/3545
f 3448/3959/3545 3458/3969/3555 3459/3970/3556 3449/3960/3546
f 3449/3960/3546 3459/3970/3556 3460/3971/3557 3450/3961/3547
f 3450/3961/3547 3460/3971/3557 3461/3972/3558 3451/3962/3548
f 3451/3962/3548 3461/3972/3558 3462/3973/3559 3452/3963/3549
f 3452/3963/3549 3462/3973/3559 3463/3974/3560 3453/3964/3550
f 3453/3964/3550 3463/3974/3560 3464/3919/3499 3454/3918/3497
f 278/3965/3551 279/3975/3561 3465/3976/3562 3455/3966/3552
f 3455/3966/3552 3465/3976/3562 3466/3977/3563 3456/3967/3553
f 3456/3967/3553 3466/3977/3563 3467/3978/3564 3457/3968/3554
f 3457/3968/3554 3467/3978/3564 3468/3979/3565 3458/3969/3555
f 3458/3969/3555 3468/3979/3565 3469/3980/3566 3459/3970/3556
f 3459/3970/3556 3469/3980/3566 3470/3981/3567 3460/3971/3557
f 3460/3971/3557 3470/3981/3567 3471/3982/3568 3461/3972/3558
f 3461/3972/3558 3471/3982/3568 3472/3983/3569 3462/3973/3559
f 3462/3973/3559 3472/3983/3569 3473/3984/3570 3463/3974/3560
f 3463/3974/3560 3473/3984/3570 3474/3920/3501 3464/3919/3499
f 279/3975/3561 280/3985/3571 3475/3986/3572 3465/3976/3562
f 3465/3976/3562 3475/3986/3572 3476/3987/3573 3466/3977/3563
f 3466/3977/3563 3476/3987/3573 3477/3988/3574 3467/3978/3564
f 3467/3978/3564 3477/3988/3574 3478/3989/3575 3468/3979/3565
f 3468/3979/3565 3478/3989/3575 3479/3990/3576 3469/3980/3566
f 3469/3980/3566 3479/3990/3576 3480/3991/3577 3470/3981/3567
f 3470/3981/3567 3480/3991/3577 3481/3992/3578 3471/3982/3568
f 3471/3982/3568 3481/3992/3578 3482/3993/3579 3472/3983/3569
f 3472/3983/3569 3482/3993/3579 3483/3994/3580 3473/3984/3570
f 3473/3984/3570 3483/3994/3580 3484/3921/3503 3474/3920/3501
f 280/3985/3571 281/3995/3581 3485/3996/3582 3475/3986/3572
f 3475/3986/3572 3485/3996/3582 3486/3997/3583 3476/3987/3573
f 3476/3987/3573 3486/3997/3583 3487/3998/3584 3477/3988/3574
f 3477/3988/3574 3487/3998/3584 3488/3999/3585 3478/3989/3575
f 3478/3989/3575 3488/3999/3585 3489/4000/3586 3479/3990/3576
f 3479/3990/3576 3489/4000/3586 3490/4001/3587 3480/3991/3577
f 3480/3991/3577 3490/4001/3587 3491/4002/3588 3481/3992/3578
f 3481/3992/3578 3491/4002/3588 3492/4003/3589 3482/3993/3579
f 3482/3993/3579 3492/4003/3589 3493/4004/3590 3483/3994/3580
f 3483/3994/3580 3493/4004/3590 3494/3922/3505 3484/3921/3503
f 281/3995/3581 282/4005/3591 3495/4006/3592 3485/3996/3582
f 3485/3996/3582 3495/4006/3592 3496/4007/3593 3486/3997/3583
f 3486/3997/3583 3496/4007/3593 3497/4008/3594 3487/3998/3584
f 3487/3998/3584 3497/4008/3594 3498/4009/3595 3488/3999/3585
f 3488/3999/3585 3498/4009/3595 3499/4010/3596 3489/4000/3586
f 3489/4000/3586 3499/4010/3596 3500/4011/3597 3490/4001/3587
f 3490/4001/3587 3500/4011/3597 3501/4012/3598 3491/4002/3588
f 3491/4002/3588 3501/4012/3598 3502/4013/3599 3492/4003/3589
f 3492/4003/3589 3502/4013/3599 3503/4014/3600 3493/4004/3590
f 3493/4004/3590 3503/4014/3600 3504/3923/3507 3494/3922/3505
f 282/4005/3591 283/4015/3601 3505/4016/3602 3495/4006/3592
f 3495/4006/3592 3505/4016/3602 3506/4017/3603 3496/4007/3593
f 3496/4007/3593 3506/4017/3603 3507/4018/3604 3497/4008/3594
f 3497/4008/3594 3507/4018/3604 3508/4019/3605 3498/4009/3595
f 3498/4009/3595 3508/4019/3605 3509/4020/3606 3499/4010/3596
f 3499/4010/3596 3509/4020/3606 3510/4021/3607 3500/4011/3597
f 3500/4011/3597 3510/4021/3607 3511/4022/3608 3501/4012/3598
f 3501/4012/3598 3511/4022/3608 3512/4023/3609 3502/4013/3599
f 3502/4013/3599 3512/4023/3609 3513/4024/3610 3503/4014/3600
f 3503/4014/3600 3513/4024/3610 3514/3924/3509 3504/3923/3507
f 283/4015/3601 284/28/3611 3515/4025/3612 3505/4016/3602
f 3505/4016/3602 3515/4025/3612 3516/4026/3613 3506/4017/3603
f 3506/4017/3603 3516/4026/3613 3517/4027/3614 3507/4018/3604
f 3507/4018/3604 3517/4027/3614 3518/4028/3615 3508/4019/3605
f 3508/4019/3605 3518/4028/3615 3519/4029/3616 3509/4020/3606
f 3509/4020/3606 3519/4029/3616 3520/4030/3617 3510/4021/3607
f 3510/4021/3607 3520/4030/3617 3521/4031/3618 3511/4022/3608
f 3511/4022/3608 3521/4031/3618 3522/4032/3619 3512/4023/3609
f 3512/4023/3609 3522/4032/3619 3523/4033/3620 3513/4024/3610
f 3513/4024/3610 3523/4033/3620 3524/29/29 3514/3924/3509
f 284/28/3611 16/27/3621 295/4034/3622 3515/4025/3612
f 3515/4025/3612 295/4034/3622 296/4035/3623 3516/4026/3613
f 3516/4026/3613 296/4035/3623 297/4036/3624 3517/4027/3614
f 3517/4027/3614 297/4036/3624 298/4037/3625 3518/4028/3615
f 3518/4028/3615 298/4037/3625 299/4038/3626 3519/4029/3616
f 3519/4029/3616 299/4038/3626 300/4039/3627 3520/4030/3617
f 3520/4030/3617 300/4039/3627 301/4040/3628 3521/4031/3618
f 3521/4031/3618 301/4040/3628 302/4041/3629 3522/4032/3619
f 3522/4032/3619 302/4041/3629 303/4042/3630 3523/4033/3620
f 3523/4033/3620 303/4042/3630 304/30/30 3524/29/29
f 264/4043/3631 3534/4044/3632 275/3926/3633 15/3925/3634
f 3534/4044/3632 3544/4045/3635 276/3945/3636 275/3926/3633
f 3544/4045/3635 3554/4046/3637 277/3955/3638 276/3945/3636
f 3554/4046/3637 3564/4047/3639 278/3965/3640 277/3955/3638
f 3564/4047/3639 3574/4048/3641 279/3975/3642 278/3965/3640
f 3574/4048/3641 3584/4049/3643 280/3985/3644 279/3975/3642
f 3584/4049/3643 3594/4050/3645 281/3995/3646 280/3985/3644
f 3594/4050/3645 3604/4051/3647 282/4005/3648 281/3995/3646
f 3604/4051/3647 3614/4052/3649 283/4015/3650 282/4005/3648
f 3614/4052/3649 3624/25/25 284/28/28 283/4015/3650
f 13/4053/3651 245/4054/3652 3525/4055/3653 255/4056/3654
f 255/4056/3654 3525/4055/3653 3526/4057/3655 256/4058/3656
f 256/4058/3656 3526/4057/3655 3527/4059/3657 257/4060/3658
f 257/4060/3658 3527/4059/3657 3528/4061/3659 258/4062/3660
f 258/4062/3660 3528/4061/3659 3529/4063/3661 259/4064/3662
f 259/4064/3662 3529/4063/3661 3530/4065/3663 260/4066/3664
f 260/4066/3664 3530/4065/3663 3531/4067/3665 261/4068/3666
f 261/4068/3666 3531/4067/3665 3532/4069/3667 262/4070/3668
f 262/4070/3668 3532/4069/3667 3533/4071/3669 263/4072/3670
f 263/4072/3670 3533/4071/3669 3534/4044/3632 264/4043/3631
f 245/4054/3652 246/4073/3671 3535/4074/3672 3525/4055/3653
f 3525/4055/3653 3535/4074/3672 3536/4075/3673 3526/4057/3655
f 3526/4057/3655 3536/4075/3673 3537/4076/3674 3527/4059/3657
f 3527/4059/3657 3537/4076/3674 3538/4077/3675 3528/4061/3659
f 3528/4061/3659 3538/4077/3675 3539/4078/3676 3529/4063/3661
f 3529/4063/3661 3539/4078/3676 3540/4079/3677 3530/4065/3663
f 3530/4065/3663 3540/4079/3677 3541/4080/3678 3531/4067/3665
f 3531/4067/3665 3541/4080/3678 3542/4081/3679 3532/4069/3667
f 3532/4069/3667 3542/4081/3679 3543/4082/3680 3533/4071/3669
f 3533/4071/3669 3543/4082/3680 3544/4045/3635 3534/4044/3632
f 246/4073/3671 247/4083/3681 3545/4084/3682 3535/4074/3672
f 3535/4074/3672 3545/4084/3682 3546/4085/3683 3536/4075/3673
f 3536/4075/3673 3546/4085/3683 3547/4086/3684 3537/4076/3674
f 3537/4076/3674 3547/4086/3684 3548/4087/3685 3538/4077/3675
f 3538/4077/3675 3548/4087/3685 3549/4088/3686 3539/4078/3676
f 3539/4078/3676 3549/4088/3686 3550/4089/3687 3540/4079/3677
f 3540/4079/3677 3550/4089/3687 3551/4090/3688 3541/4080/3678
f 3541/4080/3678 3551/4090/3688 3552/4091/3689 3542/4081/3679
f 3542/4081/3679 3552/4091/3689 3553/4092/3690 3543/4082/3680
f 3543/4082/3680 3553/4092/3690 3554/4046/3637 3544/4045/3635
f 247/4083/3681 248/4093/3691 3555/4094/3692 3545/4084/3682
f 3545/4084/3682 3555/4094/3692 3556/4095/3693 3546/4085/3683
f 3546/4085/3683 3556/4095/3693 3557/4096/3694 3547/4086/3684
f 3547/4086/3684 3557/4096/3694 3558/4097/3695 3548/4087/3685
f 3548/4087/3685 3558/4097/3695 3559/4098/3696 3549/4088/3686
f 3549/4088/3686 3559/4098/3696 3560/4099/3697 3550/4089/3687
f 3550/4089/3687 3560/4099/3697 3561/4100/3698 3551/4090/3688
f 3551/4090/3688 3561/4100/3698 3562/4101/3699 3552/4091/3689
f 3552/4091/3689 3562/4101/3699 3563/4102/3700 3553/4092/3690
f 3553/4092/3690 3563/4102/3700 3564/4047/3639 3554/4046/3637
f 248/4093/3691 249/4103/3701 3565/4104/3702 3555/4094/3692
f 3555/4094/3692 3565/4104/3702 3566/4105/3703 3556/4095/3693
f 3556/4095/3693 3566/4105/3703 3567/4106/3704 3557/4096/3694
f 3557/4096/3694 3567/4106/3704 3568/4107/3705 3558/4097/3695
f 3558/4097/3695 3568/4107/3705 3569/4108/3706 3559/4098/3696
f 3559/4098/3696 3569/4108/3706 3570/4109/3707 3560/4099/3697
f 3560/4099/3697 3570/4109/3707 3571/4110/3708 3561/4100/3698
f 3561/4100/3698 3571/4110/3708 3572/4111/3709 3562/4101/3699
f 3562/4101/3699 3572/4111/3709 3573/4112/3710 3563/4102/3700
f 3563/4102/3700 3573/4112/3710 3574/4048/3641 3564/4047/3639
f 249/4103/3701 250/4113/3711 3575/4114/3712 3565/4104/3702
f 3565/4104/3702 3575/4114/3712 3576/4115/3713 3566/4105/3703
f 3566/4105/3703 3576/4115/3713 3577/4116/3714 3567/4106/3704
f 3567/4106/3704 3577/4116/3714 3578/4117/3715 3568/4107/3705
f 3568/4107/3705 3578/4117/3715 3579/4118/3716 3569/4108/3706
f 3569/4108/3706 3579/4118/3716 3580/4119/3717 3570/4109/3707
f 3570/4109/3707 3580/4119/3717 3581/4120/3718 3571/4110/3708
f 3571/4110/3708 3581/4120/3718 3582/4121/3719 3572/4111/3709
f 3572/4111/3709 3582/4121/3719 3583/4122/3720 3573/4112/3710
f 3573/4112/3710 3583/4122/3720 3584/4049/3643 3574/4048/3641
f 250/4113/3711 251/4123/3721 3585/4124/3722 3575/4114/3712
f 3575/4114/3712 3585/4124/3722 3586/4125/3723 3576/4115/3713
f 3576/4115/3713 3586/4125/3723 3587/4126/3724 3577/4116/3714
f 3577/4116/3714 3587/4126/3724 3588/4127/3725 3578/4117/3715
f 3578/4117/3715 3588/4127/3725 3589/4128/3726 3579/4118/3716
f 3579/4118/3716 3589/4128/3726 3590/4129/3727 3580/4119/3717
f 3580/4119/3717 3590/4129/3727 3591/4130/3728 3581/4120/3718
f 3581/4120/3718 3591/4130/3728 3592/4131/3729 3582/4121/3719
f 3582/4121/3719 3592/4131/3729 3593/4132/3730 3583/4122/3720
f 3583/4122/3720 3593/4132/3730 3594/4050/3645 3584/4049/3643
f 251/4123/3721 252/4133/3731 3595/4134/3732 3585/4124/3722
f 3585/4124/3722 3595/4134/3732 3596/4135/3733 3586/4125/3723
f 3586/4125/3723 3596/4135/3733 3597/4136/3734 3587/4126/3724
f 3587/4126/3724 3597/4136/3734 3598/4137/3735 3588/4127/3725
f 3588/4127/3725 3598/4137/3735 3599/4138/3736 3589/4128/3726
f 3589/4128/3726 3599/4138/3736 3600/4139/3737 3590/4129/3727
f 3590/4129/3727 3600/4139/3737 3601/4140/3738 3591/4130/3728
f 3591/4130/3728 3601/4140/3738 3602/4141/3739 3592/4131/3729
f 3592/4131/3729 3602/4141/3739 3603/4142/3740 3593/4132/3730
f 3593/4132/3730 3603/4142/3740 3604/4051/3647 3594/4050/3645
f 252/4133/3731 253/4143/3741 3605/4144/3742 3595/4134/3732
f 3595/4134/3732 3605/4144/3742 3606/4145/3743 3596/4135/3733
f 3596/4135/3733 3606/4145/3743 3607/4146/3744 3597/4136/3734
f 3597/4136/3734 3607/4146/3744 3608/4147/3745 3598/4137/3735
f 3598/4137/3735 3608/4147/3745 3609/4148/3746 3599/4138/3736
f 3599/4138/3736 3609/4148/3746 3610/4149/3747 3600/4139/3737
f 3600/4139/3737 3610/4149/3747 3611/4150/3748 3601/4140/3738
f 3601/4140/3738 3611/4150/3748 3612/4151/3749 3602/4141/3739
f 3602/4141/3739 3612/4151/3749 3613/4152/3750 3603/4142/3740
f 3603/4142/3740 3613/4152/3750 3614/4052/3649 3604/4051/3647
f 253/4143/3741 254/24/3751 3615/4153/3752 3605/4144/3742
f 3605/4144/3742 3615/4153/3752 3616/4154/3753 3606/4145/3743
f 3606/4145/3743 3616/4154/3753 3617/4155/3754 3607/4146/3744
f 3607/4146/3744 3617/4155/3754 3618/4156/3755 3608/4147/3745
f 3608/4147/3745 3618/4156/3755 3619/4157/3756 3609/4148/3746
f 3609/4148/3746 3619/4157/3756 3620/4158/3757 3610/4149/3747
f 3610/4149/3747 3620/4158/3757 3621/4159/3758 3611/4150/3748
f 3611/4150/3748 3621/4159/3758 3622/4160/3759 3612/4151/3749
f 3612/4151/3749 3622/4160/3759 3623/4161/3760 3613/4152/3750
f 3613/4152/3750 3623/4161/3760 3624/25/25 3614/4052/3649
f 254/24/3751 14/23/3761 265/4162/3762 3615/4153/3752
f 3615/4153/3752 265/4162/3762 266/4163/3763 3616/4154/3753
f 3616/4154/3753 266/4163/3763 267/4164/3764 3617/4155/3754
f 3617/4155/3754 267/4164/3764 268/4165/3765 3618/4156/3755
f 3618/4156/3755 268/4165/3765 269/4166/3766 3619/4157/3756
f 3619/4157/3756 269/4166/3766 270/4167/3767 3620/4158/3757
f 3620/4158/3757 270/4167/3767 271/4168/3768 3621/4159/3758
f 3621/4159/3758 271/4168/3768 272/4169/3769 3622/4160/3759
f 3622/4160/3759 272/4169/3769 273/4170/3770 3623/4161/3760
f 3623/4161/3760 273/4170/3770 274/26/26 3624/25/25
f 234/4171/3771 3634/4172/3772 245/4054/3773 13/4053/3774
f 3634/4172/3772 3644/4173/3775 246/4073/3776 245/4054/3773
f 3644/4173/3775 3654/4174/3777 247/4083/3778 246/4073/3776
f 3654/4174/3777 3664/4175/3779 248/4093/3780 247/4083/3778
f 3664/4175/3779 3674/4176/3781 249/4103/3782 248/4093/3780
f 3674/4176/3781 3684/4177/3783 250/4113/3784 249/4103/3782
f 3684/4177/3783 3694/4178/3785 251/4123/3786 250/4113/3784
f 3694/4178/3785 3704/4179/3787 252/4133/3788 251/4123/3786
f 3704/4179/3787 3714/4180/3789 253/4143/3790 252/4133/3788
f 3714/4180/3789 3724/21/21 254/24/24 253/4143/3790
f 11/4181/3791 215/4182/3792 3625/4183/3793 225/4184/3794
f 225/4184/3794 3625/4183/3793 3626/4185/3795 226/4186/3796
f 226/4186/3796 3626/4185/3795 3627/4187/3797 227/4188/3798
f 227/4188/3798 3627/4187/3797 3628/4189/3799 228/4190/3800
f 228/4190/3800 3628/4189/3799 3629/4191/3801 229/4192/3802
f 229/4192/3802 3629/4191/3801 3630/4193/3803 230/4194/3804
f 230/4194/3804 3630/4193/3803 3631/4195/3805 231/4196/3806
f 231/4196/3806 3631/4195/3805 3632/4197/3807 232/4198/3808
f 232/4198/3808 3632/4197/3807 3633/4199/3809 233/4200/3810
f 233/4200/3810 3633/4199/3809 3634/4172/3772 234/4171/3771
f 215/4182/3792 216/4201/3811 3635/4202/3812 3625/4183/3793
f 3625/4183/3793 3635/4202/3812 3636/4203/3813 3626/4185/3795
f 3626/4185/3795 3636/4203/3813 3637/4204/3814 3627/4187/3797
f 3627/4187/3797 3637/4204/3814 3638/4205/3815 3628/4189/3799
f 3628/4189/3799 3638/4205/3815 3639/4206/3816 3629/4191/3801
f 3629/4191/3801 3639/4206/3816 3640/4207/3817 3630/4193/3803
f 3630/4193/3803 3640/4207/3817 3641/4208/3818 3631/4195/3805
f 3631/4195/3805 3641/4208/3818 3642/4209/3819 3632/4197/3807
f 3632/4197/3807 3642/4209/3819 3643/4210/3820 3633/4199/3809
f 3633/4199/3809 3643/4210/3820 3644/4173/3775 3634/4172/3772
f 216/4201/3811 217/4211/3821 3645/4212/3822 3635/4202/3812
f 3635/4202/3812 3645/4212/3822 3646/4213/3823 3636/4203/3813
f 3636/4203/3813 3646/4213/3823 3647/4214/3824 3637/4204/3814
f 3637/4204/3814 3647/4214/3824 3648/4215/3825 3638/4205/3815
f 3638/4205/3815 3648/4215/3825 3649/4216/3826 3639/4206/3816
f 3639/4206/3816 3649/4216/3826 3650/4217/3827 3640/4207/3817
f 3640/4207/3817 3650/4217/3827 3651/4218/3828 3641/4208/3818
f 3641/4208/3818 3651/4218/3828 3652/4219/3829 3642/4209/3819
f 3642/4209/3819 3652/4219/3829 3653/4220/3830 3643/4210/3820
f 3643/4210/3820 3653/4220/3830 3654/4174/3777 3644/4173/3775
f 217/4211/3821 218/4221/3831 3655/4222/3832 3645/4212/3822
f 3645/4212/3822 3655/4222/3832 3656/4223/3833 3646/4213/3823
f 3646/4213/3823 3656/4223/3833 3657/4224/3834 3647/4214/3824
f 3647/4214/3824 3657/4224/3834 3658/4225/3835 3648/4215/3825
f 3648/4215/3825 3658/4225/3835 3659/4226/3836 3649/4216/3826
f 3649/4216/3826 3659/4226/3836 3660/4227/3837 3650/4217/3827
f 3650/4217/3827 3660/4227/3837 3661/4228/3838 3651/4218/3828
f 3651/4218/3828 3661/4228/3838 3662/4229/3839 3652/4219/3829
f 3652/4219/3829 3662/4229/3839 3663/4230/3840 3653/4220/3830
f 3653/4220/3830 3663/4230/3840 3664/4175/3779 3654/4174/3777
f 218/4221/3831 219/4231/3841 3665/4232/3842 3655/4222/3832
f 3655/4222/3832 3665/4232/3842 3666/4233/3843 3656/4223/3833
f 3656/4223/3833 3666/4233/3843 3667/4234/3844 3657/4224/3834
f 3657/4224/3834 3667/4234/3844 3668/4235/3845 3658/4225/3835
f 3658/4225/3835 3668/4235/3845 3669/4236/3846 3659/4226/3836
f 3659/4226/3836 3669/4236/3846 3670/4237/3847 3660/4227/3837
f 3660/4227/3837 3670/4237/3847 3671/4238/3848 3661/4228/3838
f 3661/4228/3838 3671/4238/3848 3672/4239/3849 3662/4229/3839
f 3662/4229/3839 3672/4239/3849 3673/4240/3850 3663/4230/3840
f 3663/4230/3840 3673/4240/3850 3674/4176/3781 3664/4175/3779
f 219/4231/3841 220/4241/3851 3675/4242/3852 3665/4232/3842
f 3665/4232/3842 3675/4242/3852 3676/4243/3853 3666/4233/3843
f 3666/4233/3843 3676/4243/3853 3677/4244/3854 3667/4234/3844
f 3667/4234/3844 3677/4244/3854 3678/4245/3855 3668/4235/3845
f 3668/4235/3845 3678/4245/3855 3679/4246/3856 3669/4236/3846
f 3669/4236/3846 3679/4246/3856 3680/4247/3857 3670/4237/3847
f 3670/4237/3847 3680/4247/3857 3681/4248/3858 3671/4238/3848
f 3671/4238/3848 3681/4248/3858 3682/4249/3859 3672/4239/3849
f 3672/4239/3849 3682/4249/3859 3683/4250/3860 3673/4240/3850
f 3673/4240/3850 3683/4250/3860 3684/4177/3783 3674/4176/3781
f 220/4241/3851 221/4251/3861 3685/4252/3862 3675/4242/3852
f 3675/4242/3852 3685/4252/3862 3686/4253/3863 3676/4243/3853
f 3676/4243/3853 3686/4253/3863 3687/4254/3864 3677/4244/3854
f 3677/4244/3854 3687/4254/3864 3688/4255/3865 3678/4245/3855
f 3678/4245/3855 3688/4255/3865 3689/4256/3866 3679/4246/3856
f 3679/4246/3856 3689/4256/3866 3690/4257/3867 3680/4247/3857
f 3680/4247/3857 3690/4257/3867 3691/4258/3868 3681/4248/3858
f 3681/4248/3858 3691/4258/3868 3692/4259/3869 3682/4249/3859
f 3682/4249/3859 3692/4259/3869 3693/4260/3870 3683/4250/3860
f 3683/4250/3860 3693/4260/3870 3694/4178/3785 3684/4177/3783
f 221/4251/3861 222/4261/3871 3695/4262/3872 3685/4252/3862
f 3685/4252/3862 3695/4262/3872 3696/4263/3873 3686/4253/3863
f 3686/4253/3863 3696/4263/3873 3697/4264/3874 3687/4254/3864
f 3687/4254/3864 3697/4264/3874 3698/4265/3875 3688/4255/3865
f 3688/4255/3865 3698/4265/3875 3699/4266/3876 3689/4256/3866
f 3689/4256/3866 3699/4266/3876 3700/4267/3877 3690/4257/3867
f 3690/4257/3867 3700/4267/3877 3701/4268/3878 3691/4258/3868
f 3691/4258/3868 3701/4268/3878 3702/4269/3879 3692/4259/3869
f 3692/4259/3869 3702/4269/3879 3703/4270/3880 3693/4260/3870
f 3693/4260/3870 3703/4270/3880 3704/4179/3787 3694/4178/3785
f 222/4261/3871 223/4271/3881 3705/4272/3882 3695/4262/3872
f 3695/4262/3872 3705/4272/3882 3706/4273/3883 3696/4263/3873
f 3696/4263/3873 3706/4273/3883 3707/4274/3884 3697/4264/3874
f 3697/4264/3874 3707/4274/3884 3708/4275/3885 3698/4265/3875
f 3698/4265/3875 3708/4275/3885 3709/4276/3886 3699/4266/3876
f 3699/4266/3876 3709/4276/3886 3710/4277/3887 3700/4267/3877
f 3700/4267/3877 3710/4277/3887 3711/4278/3888 3701/4268/3878
f 3701/4268/3878 3711/4278/3888 3712/4279/3889 3702/4269/3879
f 3702/4269/3879 3712/4279/3889 3713/4280/3890 3703/4270/3880
f 3703/4270/3880 3713/4280/3890 3714/4180/3789 3704/4179/3787
f 223/4271/3881 224/20/3891 3715/4281/3892 3705/4272/3882
f 3705/4272/3882 3715/4281/3892 3716/4282/3893 3706/4273/3883
f 3706/4273/3883 3716/4282/3893 3717/4283/3894 3707/4274/3884
f 3707/4274/3884 3717/4283/3894 3718/4284/3895 3708/4275/3885
f 3708/4275/3885 3718/4284/3895 3719/4285/3896 3709/4276/3886
f 3709/4276/3886 3719/4285/3896 3720/4286/3897 3710/4277/3887
f 3710/4277/3887 3720/4286/3897 3721/4287/3898 3711/4278/3888
f 3711/4278/3888 3721/4287/3898 3722/4288/3899 3712/4279/3889
f 3712/4279/3889 3722/4288/3899 3723/4289/3900 3713/4280/3890
f 3713/4280/3890 3723/4289/3900 3724/21/21 3714/4180/3789
f 224/20/3891 12/19/3901 235/4290/3902 3715/4281/3892
f 3715/4281/3892 235/4290/3902 236/4291/3903 3716/4282/3893
f 3716/4282/3893 236/4291/3903 237/4292/3904 3717/4283/3894
f 3717/4283/3894 237/4292/3904 238/4293/3905 3718/4284/3895
f 3718/4284/3895 238/4293/3905 239/4294/3906 3719/4285/3896
f 3719/4285/3896 239/4294/3906 240/4295/3907 3720/4286/3897
f 3720/4286/3897 240/4295/3907 241/4296/3908 3721/4287/3898
f 3721/4287/3898 241/4296/3908 242/4297/3909 3722/4288/3899
f 3722/4288/3899 242/4297/3909 243/4298/3910 3723/4289/3900
f 3723/4289/3900 243/4298/3910 244/22/22 3724/21/21
f 204/4299/3911 3734/4300/3912 215/4182/3913 11/4181/3914
f 3734/4300/3912 3744/4301/3915 216/4201/3916 215/4182/3913
f 3744/4301/3915 3754/4302/3917 217/4211/3918 216/4201/3916
f 3754/4302/3917 3764/4303/3919 218/4221/3920 217/4211/3918
f 3764/4303/3919 3774/4304/3921 219/4231/3922 218/4221/3920
f 3774/4304/3921 3784/4305/3923 220/4241/3924 219/4231/3922
f 3784/4305/3923 3794/4306/3925 221/4251/3926 220/4241/3924
f 3794/4306/3925 3804/4307/3927 222/4261/3928 221/4251/3926
f 3804/4307/3927 3814/4308/3929 223/4271/3930 222/4261/3928
f 3814/4308/3929 3824/17/17 224/20/20 223/4271/3930
f 9/4309/3931 185/4310/3932 3725/4311/3933 195/4312/3934
f 195/4312/3934 3725/4311/3933 3726/4313/3935 196/4314/3936
f 196/4314/3936 3726/4313/3935 3727/4315/3937 197/4316/3938
f 197/4316/3938 3727/4315/3937 3728/4317/3939 198/4318/3940
f 198/4318/3940 3728/4317/3939 3729/4319/3941 199/4320/3942
f 199/4320/3942 3729/4319/3941 3730/4321/3943 200/4322/3944
f 200/4322/3944 3730/4321/3943 3731/4323/3945 201/4324/3946
f 201/4324/3946 3731/4323/3945 3732/4325/3947 202/4326/3948
f 202/4326/3948 3732/4325/3947 3733/4327/3949 203/4328/3950
f 203/4328/3950 3733/4327/3949 3734/4300/3912 204/4299/3911
f 185/4310/3932 186/4329/3951 3735/4330/3952 3725/4311/3933
f 3725/4311/3933 3735/4330/3952 3736/4331/3953 3726/4313/3935
f 3726/4313/3935 3736/4331/3953 3737/4332/3954 3727/4315/3937
f 3727/4315/3937 3737/4332/3954 3738/4333/3955 3728/4317/3939
f 3728/4317/3939 3738/4333/3955 3739/4334/3956 3729/4319/3941
f 3729/4319/3941 3739/4334/3956 3740/4335/3957 3730/4321/3943
f 3730/4321/3943 3740/4335/3957 3741/4336/3958 3731/4323/3945
f 3731/4323/3945 3741/4336/3958 3742/4337/3959 3732/4325/3947
f 3732/4325/3947 3742/4337/3959 3743/4338/3960 3733/4327/3949
f 3733/4327/3949 3743/4338/3960 3744/4301/3915 3734/4300/3912
f 186/4329/3951 187/4339/3961 3745/4340/3962 3735/4330/3952
f 3735/4330/3952 3745/4340/3962 3746/4341/3963 3736/4331/3953
f 3736/4331/3953 3746/4341/3963 3747/4342/3964 3737/4332/3954
f 3737/4332/3954 3747/4342/3964 3748/4343/3965 3738/4333/3955
f 3738/4333/3955 3748/4343/3965 3749/4344/3966 3739/4334/3956
f 3739/4334/3956 3749/4344/3966 3750/4345/3967 3740/4335/3957
f 3740/4335/3957 3750/4345/3967 3751/4346/3968 3741/4336/3958
f 3741/4336/3958 3751/4346/3968 3752/4347/3969 3742/4337/3959
f 3742/4337/3959 3752/4347/3969 3753/4348/3970 3743/4338/3960
f 3743/4338/3960 3753/4348/3970 3754/4302/3917 3744/4301/3915
f 187/4339/3961 188/4349/3971 3755/4350/3972 3745/4340/3962
f 3745/4340/3962 3755/4350/3972 3756/4351/3973 3746/4341/3963
f 3746/4341/3963 3756/4351/3973 3757/4352/3974 3747/4342/3964
f 3747/4342/3964 3757/4352/3974 3758/4353/3975 3748/4343/3965
f 3748/4343/3965 3758/4353/3975 3759/4354/3976 3749/4344/3966
f 3749/4344/3966 3759/4354/3976 3760/4355/3977 3750/4345/3967
f 3750/4345/3967 3760/4355/3977 3761/4356/3978 3751/4346/3968
f 3751/4346/3968 3761/4356/3978 3762/4357/3979 3752/4347/3969
f 3752/4347/3969 3762/4357/3979 3763/4358/3980 3753/4348/3970
f 3753/4348/3970 3763/4358/3980 3764/4303/3919 3754/4302/3917
f 188/4349/3971 189/4359/3981 3765/4360/3982 3755/4350/3972
f 3755/4350/3972 3765/4360/3982 3766/4361/3983 3756/4351/3973
f 3756/4351/3973 3766/4361/3983 3767/4362/3984 3757/4352/3974
f 3757/4352/3974 3767/4362/3984 3768/4363/3985 3758/4353/3975
f 3758/4353/3975 3768/4363/3985 3769/4364/3986 3759/4354/3976
f 3759/4354/3976 3769/4364/3986 3770/4365/3987 3760/4355/3977
f 3760/4355/3977 3770/4365/3987 3771/4366/3988 3761/4356/3978
f 3761/4356/3978 3771/4366/3988 3772/4367/3989 3762/4357/3979
f 3762/4357/3979 3772/4367/3989 3773/4368/3990 3763/4358/3980
f 3763/4358/3980 3773/4368/3990 3774/4304/3921 3764/4303/3919
f 189/4359/3981 190/4369/3991 3775/4370/3992 3765/4360/3982
f 3765/4360/3982 3775/4370/3992 3776/4371/3993 3766/4361/3983
f 3766/4361/3983 3776/4371/3993 3777/4372/3994 3767/4362/3984
f 3767/4362/3984 3777/4372/3994 3778/4373/3995 3768/4363/3985
f 3768/4363/3985 3778/4373/3995 3779/4374/3996 3769/4364/3986
f 3769/4364/3986 3779/4374/3996 3780/4375/3997 3770/4365/3987
f 3770/4365/3987 3780/4375/3997 3781/4376/3998 3771/4366/3988
f 3771/4366/3988 3781/4376/3998 3782/4377/3999 3772/4367/3989
f 3772/4367/3989 3782/4377/3999 3783/4378/4000 3773/4368/3990
f 3773/4368/3990 3783/4378/4000 3784/4305/3923 3774/4304/3921
f 190/4369/3991 191/4379/4001 3785/4380/4002 3775/4370/3992
f 3775/4370/3992 3785/4380/4002 3786/4381/4003 3776/4371/3993
f 3776/4371/3993 3786/4381/4003 3787/4382/4004 3777/4372/3994
f 3777/4372/3994 3787/4382/4004 3788/4383/4005 3778/4373/3995
f 3778/4373/3995 3788/4383/4005 3789/4384/4006 3779/4374/3996
f 3779/4374/3996 3789/4384/4006 3790/4385/4007 3780/4375/3997
f 3780/4375/3997 3790/4385/4007 3791/4386/4008 3781/4376/3998
f 3781/4376/3998 3791/4386/4008 3792/4387/4009 3782/4377/3999
f 3782/4377/3999 3792/4387/4009 3793/4388/4010 3783/4378/4000
f 3783/4378/4000 3793/4388/4010 3794/4306/3925 3784/4305/3923
f 191/4379/4001 192/4389/4011 3795/4390/4012 3785/4380/4002
f 3785/4380/4002 3795/4390/4012 3796/4391/4013 3786/4381/4003
f 3786/4381/4003 3796/4391/4013 3797/4392/4014 3787/4382/4004
f 3787/4382/4004 3797/4392/4014 3798/4393/4015 3788/4383/4005
f 3788/4383/4005 3798/4393/4015 3799/4394/4016 3789/4384/4006
f 3789/4384/4006 3799/4394/4016 3800/4395/4017 3790/4385/4007
f 3790/4385/4007 3800/4395/4017 3801/4396/4018 3791/4386/4008
f 3791/4386/4008 3801/4396/4018 3802/4397/4019 3792/4387/4009
f 3792/4387/4009 3802/4397/4019 3803/4398/4020 3793/4388/4010
f 3793/4388/4010 3803/4398/4020 3804/4307/3927 3794/4306/3925
f 192/4389/4011 193/4399/4021 3805/4400/4022 3795/4390/4012
f 3795/4390/4012 3805/4400/4022 3806/4401/4023 3796/4391/4013
f 3796/4391/4013 3806/4401/4023 3807/4402/4024 3797/4392/4014
f 3797/4392/4014 3807/4402/4024 3808/4403/4025 3798/4393/4015
f 3798/4393/4015 3808/4403/4025 3809/4404/4026 3799/4394/4016
f 3799/4394/4016 3809/4404/4026 3810/4405/4027 3800/4395/4017
f 3800/4395/4017 3810/4405/4027 3811/4406/4028 3801/4396/4018
f 3801/4396/4018 3811/4406/4028 3812/4407/4029 3802/4397/4019
f 3802/4397/4019 3812/4407/4029 3813/4408/4030 3803/4398/4020
f 3803/4398/4020 3813/4408/4030 3814/4308/3929 3804/4307/3927
f 193/4399/4021 194/16/4031 3815/4409/4032 3805/4400/4022
f 3805/4400/4022 3815/4409/4032 3816/4410/4033 3806/4401/4023
f 3806/4401/4023 3816/4410/4033 3817/4411/4034 3807/4402/4024
f 3807/4402/4024 3817/4411/4034 3818/4412/4035 3808/4403/4025
f 3808/4403/4025 3818/4412/4035 3819/4413/4036 3809/4404/4026
f 3809/4404/4026 3819/4413/4036 3820/4414/4037 3810/4405/4027
f 3810/4405/4027 3820/4414/4037 3821/4415/4038 3811/4406/4028
f 3811/4406/4028 3821/4415/4038 3822/4416/4039 3812/4407/4029
f 3812/4407/4029 3822/4416/4039 3823/4417/4040 3813/4408/4030
f 3813/4408/4030 3823/4417/4040 3824/17/17 3814/4308/3929
f 194/16/4031 10/15/4041 205/4418/4042 3815/4409/4032
f 3815/4409/4032 205/4418/4042 206/4419/4043 3816/4410/4033
f 3816/4410/4033 206/4419/4043 207/4420/4044 3817/4411/4034
f 3817/4411/4034 207/4420/4044 208/4421/4045 3818/4412/4035
f 3818/4412/4035 208/4421/4045 209/4422/4046 3819/4413/4036
f 3819/4413/4036 209/4422/4046 210/4423/4047 3820/4414/4037
f 3820/4414/4037 210/4423/4047 211/4424/4048 3821/4415/4038
f 3821/4415/4038 211/4424/4048 212/4425/4049 3822/4416/4039
f 3822/4416/4039 212/4425/4049 213/4426/4050 3823/4417/4040
f 3823/4417/4040 213/4426/4050 214/18/18 3824/17/17
f 174/4427/4051 3834/4428/4052 185/4310/4053 9/4309/4054
f 3834/4428/4052 3844/4429/4055 186/4329/4056 185/4310/4053
f 3844/4429/4055 3854/4430/4057 187/4339/4058 186/4329/4056
f 3854/4430/4057 3864/4431/4059 188/4349/4060 187/4339/4058
f 3864/4431/4059 3874/4432/4061 189/4359/4062 188/4349/4060
f 3874/4432/4061 3884/4433/4063 190/4369/4064 189/4359/4062
f 3884/4433/4063 3894/4434/4065 191/4379/4066 190/4369/4064
f 3894/4434/4065 3904/4435/4067 192/4389/4068 191/4379/4066
f 3904/4435/4067 3914/4436/4069 193/4399/4070 192/4389/4068
f 3914/4436/4069 3924/13/13 194/16/16 193/4399/4070
f 7/4437/4071 155/4438/4072 3825/4439/4073 165/4440/4074
f 165/4440/4074 3825/4439/4073 3826/4441/4075 166/4442/4076
f 166/4442/4076 3826/4441/4075 3827/4443/4077 167/4444/4078
f 167/4444/4078 3827/4443/4077 3828/4445/4079 168/4446/4080
f 168/4446/4080 3828/4445/4079 3829/4447/4081 169/4448/4082
f 169/4448/4082 3829/4447/4081 3830/4449/4083 170/4450/4084
f 170/4450/4084 3830/4449/4083 3831/4451/4085 171/4452/4086
f 171/4452/4086 3831/4451/4085 3832/4453/4087 172/4454/4088
f 172/4454/4088 3832/4453/4087 3833/4455/4089 173/4456/4090
f 173/4456/4090 3833/4455/4089 3834/4428/4052 174/4427/4051
f 155/4438/4072 156/4457/4091 3835/4458/4092 3825/4439/4073
f 3825/4439/4073 3835/4458/4092 3836/4459/4093 3826/4441/4075
f 3826/4441/4075 3836/4459/4093 3837/4460/4094 3827/4443/4077
f 3827/4443/4077 3837/4460/4094 3838/4461/4095 3828/4445/4079
f 3828/4445/4079 3838/4461/4095 3839/4462/4096 3829/4447/4081
f 3829/4447/4081 3839/4462/4096 3840/4463/4097 3830/4449/4083
f 3830/4449/4083 3840/4463/4097 3841/4464/4098 3831/4451/4085
f 3831/4451/4085 3841/4464/4098 3842/4465/4099 3832/4453/4087
f 3832/4453/4087 3842/4465/4099 3843/4466/4100 3833/4455/4089
f 3833/4455/4089 3843/4466/4100 3844/4429/4055 3834/4428/4052
f 156/4457/4091 157/4467/4101 3845/4468/4102 3835/4458/4092
f 3835/4458/4092 3845/4468/4102 3846/4469/4103 3836/4459/4093
f 3836/4459/4093 3846/4469/4103 3847/4470/4104 3837/4460/4094
f 3837/4460/4094 3847/4470/4104 3848/4471/4105 3838/4461/4095
f 3838/4461/4095 3848/4471/4105 3849/4472/4106 3839/4462/4096
f 3839/4462/4096 3849/4472/4106 3850/4473/4107 3840/4463/4097
f 3840/4463/4097 3850/4473/4107 3851/4474/4108 3841/4464/4098
f 3841/4464/4098 3851/4474/4108 3852/4475/4109 3842/4465/4099
f 3842/4465/4099 3852/4475/4109 3853/4476/4110 3843/4466/4100
f 3843/4466/4100 3853/4476/4110 3854/4430/4057 3844/4429/4055
f 157/4467/4101 158/4477/4111 3855/4478/4112 3845/4468/4102
f 3845/4468/4102 3855/4478/4112 3856/4479/4113 3846/4469/4103
f 3846/4469/4103 3856/4479/4113 3857/4480/4114 3847/4470/4104
f 3847/4470/4104 3857/4480/4114 3858/4481/4115 3848/4471/4105
f 3848/4471/4105 3858/4481/4115 3859/4482/4116 3849/4472/4106
f 3849/4472/4106 3859/4482/4116 3860/4483/4117 3850/4473/4107
f 3850/4473/4107 3860/4483/4117 3861/4484/4118 3851/4474/4108
f 3851/4474/4108 3861/4484/4118 3862/4485/4119 3852/4475/4109
f 3852/4475/4109 3862/4485/4119 3863/4486/4120 3853/4476/4110
f 3853/4476/4110 3863/4486/4120 3864/4431/4059 3854/4430/4057
f 158/4477/4111 159/4487/4121 3865/4488/4122 3855/4478/4112
f 3855/4478/4112 3865/4488/4122 3866/4489/4123 3856/4479/4113
f 3856/4479/4113 3866/4489/4123 3867/4490/4124 3857/4480/4114
f 3857/4480/4114 3867/4490/4124 3868/4491/4125 3858/4481/4115
f 3858/4481/4115 3868/4491/4125 3869/4492/4126 3859/4482/4116
f 3859/4482/4116 3869/4492/4126 3870/4493/4127 3860/4483/4117
f 3860/4483/4117 3870/4493/4127 3871/4494/4128 3861/4484/4118
f 3861/4484/4118 3871/4494/4128 3872/4495/4129 3862/4485/4119
f 3862/4485/4119 3872/4495/4129 3873/4496/4130 3863/4486/4120
f 3863/4486/4120 3873/4496/4130 3874/4432/4061 3864/4431/4059
f 159/4487/4121 160/4497/4131 3875/4498/4132 3865/4488/4122
f 3865/4488/4122 3875/4498/4132 3876/4499/4133 3866/4489/4123
f 3866/4489/4123 3876/4499/4133 3877/4500/4134 3867/4490/4124
f 3867/4490/4124 3877/4500/4134 3878/4501/4135 3868/4491/4125
f 3868/4491/4125 3878/4501/4135 3879/4502/4136 3869/4492/4126
f 3869/4492/4126 3879/4502/4136 3880/4503/4137 3870/4493/4127
f 3870/4493/4127 3880/4503/4137 3881/4504/4138 3871/4494/4128
f 3871/4494/4128 3881/4504/4138 3882/4505/4139 3872/4495/4129
f 3872/4495/4129 3882/4505/4139 3883/4506/4140 3873/4496/4130
f 3873/4496/4130 3883/4506/4140 3884/4433/4063 3874/4432/4061
f 160/4497/4131 161/4507/4141 3885/4508/4142 3875/4498/4132
f 3875/4498/4132 3885/4508/4142 3886/4509/4143 3876/4499/4133
f 3876/4499/4133 3886/4509/4143 3887/4510/4144 3877/4500/4134
f 3877/4500/4134 3887/4510/4144 3888/4511/4145 3878/4501/4135
f 3878/4501/4135 3888/4511/4145 3889/4512/4146 3879/4502/4136
f 3879/4502/4136 3889/4512/4146 3890/4513/4147 3880/4503/4137
f 3880/4503/4137 3890/4513/4147 3891/4514/4148 3881/4504/4138
f 3881/4504/4138 3891/4514/4148 3892/4515/4149 3882/4505/4139
f 3882/4505/4139 3892/4515/4149 3893/4516/4150 3883/4506/4140
f 3883/4506/4140 3893/4516/4150 3894/4434/4065 3884/4433/4063
f 161/4507/4141 162/4517/4151 3895/4518/4152 3885/4508/4142
f 3885/4508/4142 3895/4518/4152 3896/4519/4153 3886/4509/4143
f 3886/4509/4143 3896/4519/4153 3897/4520/4154 3887/4510/4144
f 3887/4510/4144 3897/4520/4154 3898/4521/4155 3888/4511/4145
f 3888/4511/4145 3898/4521/4155 3899/4522/4156 3889/4512/4146
f 3889/4512/4146 3899/4522/4156 3900/4523/4157 3890/4513/4147
f 3890/4513/4147 3900/4523/4157 3901/4524/4158 3891/4514/4148
f 3891/4514/4148 3901/4524/4158 3902/4525/4159 3892/4515/4149
f 3892/4515/4149 3902/4525/4159 3903/4526/4160 3893/4516/4150
f 3893/4516/4150 3903/4526/4160 3904/4435/4067 3894/4434/4065
f 162/4517/4151 163/4527/4161 3905/4528/4162 3895/4518/4152
f 3895/4518/4152 3905/4528/4162 3906/4529/4163 3896/4519/4153
f 3896/4519/4153 3906/4529/4163 3907/4530/4164 3897/4520/4154
f 3897/4520/4154 3907/4530/4164 3908/4531/4165 3898/4521/4155
f 3898/4521/4155 3908/4531/4165 3909/4532/4166 3899/4522/4156
f 3899/4522/4156 3909/4532/4166 3910/4533/4167 3900/4523/4157
f 3900/4523/4157 3910/4533/4167 3911/4534/4168 3901/4524/4158
f 3901/4524/4158 3911/4534/4168 3912/4535/4169 3902/4525/4159
f 3902/4525/4159 3912/4535/4169 3913/4536/4170 3903/4526/4160
f 3903/4526/4160 3913/4536/4170 3914/4436/4069 3904/4435/4067
f 163/4527/4161 164/12/4171 3915/4537/4172 3905/4528/4162
f 3905/4528/4162 3915/4537/4172 3916/4538/4173 3906/4529/4163
f 3906/4529/4163 3916/4538/4173 3917/4539/4174 3907/4530/4164
f 3907/4530/4164 3917/4539/4174 3918/4540/4175 3908/4531/4165
f 3908/4531/4165 3918/4540/4175 3919/4541/4176 3909/4532/4166
f 3909/4532/4166 3919/4541/4176 3920/4542/4177 3910/4533/4167
f 3910/4533/4167 3920/4542/4177 3921/4543/4178 3911/4534/4168
f 3911/4534/4168 3921/4543/4178 3922/4544/4179 3912/4535/4169
f 3912/4535/4169 3922/4544/4179 3923/4545/4180 3913/4536/4170
f 3913/4536/4170 3923/4545/4180 3924/13/13 3914/4436/4069
f 164/12/4171 8/11/4181 175/4546/4182 3915/4537/4172
f 3915/4537/4172 175/4546/4182 176/4547/4183 3916/4538/4173
f 3916/4538/4173 176/4547/4183 177/4548/4184 3917/4539/4174
f 3917/4539/4174 177/4548/4184 178/4549/4185 3918/4540/4175
f 3918/4540/4175 178/4549/4185 179/4550/4186 3919/4541/4176
f 3919/4541/4176 179/4550/4186 180/4551/4187 3920/4542/4177
f 3920/4542/4177 180/4551/4187 181/4552/4188 3921/4543/4178
f 3921/4543/4178 181/4552/4188 182/4553/4189 3922/4544/4179
f 3922/4544/4179 182/4553/4189 183/4554/4190 3923/4545/4180
f 3923/4545/4180 183/4554/4190 184/14/14 3924/13/13
f 144/4555/4191 3934/4556/4192 155/4438/4193 7/4437/4194
f 3934/4556/4192 3944/4557/4195 156/4457/4196 155/4438/4193
f 3944/4557/4195 3954/4558/4197 157/4467/4198 156/4457/4196
f 3954/4558/4197 3964/4559/4199 158/4477/4200 157/4467/4198
f 3964/4559/4199 3974/4560/4201 159/4487/4202 158/4477/4200
f 3974/4560/4201 3984/4561/4203 160/4497/4204 159/4487/4202
f 3984/4561/4203 3994/4562/4205 161/4507/4206 160/4497/4204
f 3994/4562/4205 4004/4563/4207 162/4517/4208 161/4507/4206
f 4004/4563/4207 4014/4564/4209 163/4527/4210 162/4517/4208
f 4014/4564/4209 4024/9/9 164/12/12 163/4527/4210
f 5/4565/4211 125/4566/4212 3925/4567/4213 135/4568/4214
f 135/4568/4214 3925/4567/4213 3926/4569/4215 136/4570/4216
f 136/4570/4216 3926/4569/4215 3927/4571/4217 137/4572/4218
f 137/4572/4218 3927/4571/4217 3928/4573/4219 138/4574/4220
f 138/4574/4220 3928/4573/4219 3929/4575/4221 139/4576/4222
f 139/4576/4222 3929/4575/4221 3930/4577/4223 140/4578/4224
f 140/4578/4224 3930/4577/4223 3931/4579/4225 141/4580/4226
f 141/4580/4226 3931/4579/4225 3932/4581/4227 142/4582/4228
f 142/4582/4228 3932/4581/4227 3933/4583/4229 143/4584/4230
f 143/4584/4230 3933/4583/4229 3934/4556/4192 144/4555/4191
f 125/4566/4212 126/4585/4231 3935/4586/4232 3925/4567/4213
f 3925/4567/4213 3935/4586/4232 3936/4587/4233 3926/4569/4215
f 3926/4569/4215 3936/4587/4233 3937/4588/4234 3927/4571/4217
f 3927/4571/4217 3937/4588/4234 3938/4589/4235 3928/4573/4219
f 3928/4573/4219 3938/4589/4235 3939/4590/4236 3929/4575/4221
f 3929/4575/4221 3939/4590/4236 3940/4591/4237 3930/4577/4223
f 3930/4577/4223 3940/4591/4237 3941/4592/4238 3931/4579/4225
f 3931/4579/4225 3941/4592/4238 3942/4593/4239 3932/4581/4227
f 3932/4581/4227 3942/4593/4239 3943/4594/4240 3933/4583/4229
f 3933/4583/4229 3943/4594/4240 3944/4557/4195 3934/4556/4192
f 126/4585/4231 127/4595/4241 3945/4596/4242 3935/4586/4232
f 3935/4586/4232 3945/4596/4242 3946/4597/4243 3936/4587/4233
f 3936/4587/4233 3946/4597/4243 3947/4598/4244 3937/4588/4234
f 3937/4588/4234 3947/4598/4244 3948/4599/4245 3938/4589/4235
f 3938/4589/4235 3948/4599/4245 3949/4600/4246 3939/4590/4236
f 3939/4590/4236 3949/4600/4246 3950/4601/4247 3940/4591/4237
f 3940/4591/4237 3950/4601/4247 3951/4602/4248 3941/4592/4238
f 3941/4592/4238 3951/4602/4248 3952/4603/4249 3942/4593/4239
f 3942/4593/4239 3952/4603/4249 3953/4604/4250 3943/4594/4240
f 3943/4594/4240 3953/4604/4250 3954/4558/4197 3944/4557/4195
f 127/4595/4241 128/4605/4251 3955/4606/4252 3945/4596/4242
f 3945/4596/4242 3955/4606/4252 3956/4607/4253 3946/4597/4243
f 3946/4597/4243 3956/4607/4253 3957/4608/4254 3947/4598/4244
f 3947/4598/4244 3957/4608/4254 3958/4609/4255 3948/4599/4245
f 3948/4599/4245 3958/4609/4255 3959/4610/4256 3949/4600/4246
f 3949/4600/4246 3959/4610/4256 3960/4611/4257 3950/4601/4247
f 3950/4601/4247 3960/4611/4257 3961/4612/4258 3951/4602/4248
f 3951/4602/4248 3961/4612/4258 3962/4613/4259 3952/4603/4249
f 3952/4603/4249 3962/4613/4259 3963/4614/4260 3953/4604/4250
f 3953/4604/4250 3963/4614/4260 3964/4559/4199 3954/4558/4197
f 128/4605/4251 129/4615/4261 3965/4616/4262 3955/4606/4252
f 3955/4606/4252 3965/4616/4262 3966/4617/4263 3956/4607/4253
f 3956/4607/4253 3966/4617/4263 3967/4618/4264 3957/4608/4254
f 3957/4608/4254 3967/4618/4264 3968/4619/4265 3958/4609/4255
f 3958/4609/4255 3968/4619/4265 3969/4620/4266 3959/4610/4256
f 3959/4610/4256 3969/4620/4266 3970/4621/4267 3960/4611/4257
f 3960/4611/4257 3970/4621/4267 3971/4622/4268 3961/4612/4258
f 3961/4612/4258 3971/4622/4268 3972/4623/4269 3962/4613/4259
f 3962/4613/4259 3972/4623/4269 3973/4624/4270 3963/4614/4260
f 3963/4614/4260 3973/4624/4270 3974/4560/4201 3964/4559/4199
f 129/4615/4261 130/4625/4271 3975/4626/4272 3965/4616/4262
f 3965/4616/4262 3975/4626/4272 3976/4627/4273 3966/4617/4263
f 3966/4617/4263 3976/4627/4273 3977/4628/4274 3967/4618/4264
f 3967/4618/4264 3977/4628/4274 3978/4629/4275 3968/4619/4265
f 3968/4619/4265 3978/4629/4275 3979/4630/4276 3969/4620/4266
f 3969/4620/4266 3979/4630/4276 3980/4631/4277 3970/4621/4267
f 3970/4621/4267 3980/4631/4277 3981/4632/4278 3971/4622/4268
f 3971/4622/4268 3981/4632/4278 3982/4633/4279 3972/4623/4269
f 3972/4623/4269 3982/4633/4279 3983/4634/4280 3973/4624/4270
f 3973/4624/4270 3983/4634/4280 3984/4561/4203 3974/4560/4201
f 130/4625/4271 131/4635/4281 3985/4636/4282 3975/4626/4272
f 3975/4626/4272 3985/4636/4282 3986/4637/4283 3976/4627/4273
f 3976/4627/4273 3986/4637/4283 3987/4638/4284 3977/4628/4274
f 3977/4628/4274 3987/4638/4284 3988/4639/4285 3978/4629/4275
f 3978/4629/4275 3988/4639/4285 3989/4640/4286 3979/4630/4276
f 3979/4630/4276 3989/4640/4286 3990/4641/4287 3980/4631/4277
f 3980/4631/4277 3990/4641/4287 3991/4642/4288 3981/4632/4278
f 3981/4632/4278 3991/4642/4288 3992/4643/4289 3982/4633/4279
f 3982/4633/4279 3992/4643/4289 3993/4644/4290 3983/4634/4280
f 3983/4634/4280 3993/4644/4290 3994/4562/4205 3984/4561/4203
f 131/4635/4281 132/4645/4291 3995/4646/4292 3985/4636/4282
f 3985/4636/4282 3995/4646/4292 3996/4647/4293 3986/4637/4283
f 3986/4637/4283 3996/4647/4293 3997/4648/4294 3987/4638/4284
f 3987/4638/4284 3997/4648/4294 3998/4649/4295 3988/4639/4285
f 3988/4639/4285 3998/4649/4295 3999/4650/4296 3989/4640/4286
f 3989/4640/4286 3999/4650/4296 4000/4651/4297 3990/4641/4287
f 3990/4641/4287 4000/4651/4297 4001/4652/4298 3991/4642/4288
f 3991/4642/4288 4001/4652/4298 4002/4653/4299 3992/4643/4289
f 3992/4643/4289 4002/4653/4299 4003/4654/4300 3993/4644/4290
f 3993/4644/4290 4003/4654/4300 4004/4563/4207 3994/4562/4205
f 132/4645/4291 133/4655/4301 4005/4656/4302 3995/4646/4292
f 3995/4646/4292 4005/4656/4302 4006/4657/4303 3996/4647/4293
f 3996/4647/4293 4006/4657/4303 4007/4658/4304 3997/4648/4294
f 3997/4648/4294 4007/4658/4304 4008/4659/4305 3998/4649/4295
f 3998/4649/4295 4008/4659/4305 4009/4660/4306 3999/4650/4296
f 3999/4650/4296 4009/4660/4306 4010/4661/4307 4000/4651/4297
f 4000/4651/4297 4010/4661/4307 4011/4662/4308 4001/4652/4298
f 4001/4652/4298 4011/4662/4308 4012/4663/4309 4002/4653/4299
f 4002/4653/4299 4012/4663/4309 4013/4664/4310 4003/4654/4300
f 4003/4654/4300 4013/4664/4310 4014/4564/4209 4004/4563/4207
f 133/4655/4301 134/8/4311 4015/4665/4312 4005/4656/4302
f 4005/4656/4302 4015/4665/4312 4016/4666/4313 4006/4657/4303
f 4006/4657/4303 4016/4666/4313 4017/4667/4314 4007/4658/4304
f 4007/4658/4304 4017/4667/4314 4018/4668/4315 4008/4659/4305
f 4008/4659/4305 4018/4668/4315 4019/4669/4316 4009/4660/4306
f 4009/4660/4306 4019/4669/4316 4020/4670/4317 4010/4661/4307
f 4010/4661/4307 4020/4670/4317 4021/4671/4318 4011/4662/4308
f 4011/4662/4308 4021/4671/4318 4022/4672/4319 4012/4663/4309
f 4012/4663/4309 4022/4672/4319 4023/4673/4320 4013/4664/4310
f 4013/4664/4310 4023/4673/4320 4024/9/9 4014/4564/4209
f 134/8/4311 6/7/4321 145/4674/4322 4015/4665/4312
f 4015/4665/4312 145/4674/4322 146/4675/4323 4016/4666/4313
f 4016/4666/4313 146/4675/4323 147/4676/4324 4017/4667/4314
f 4017/4667/4314 147/4676/4324 148/4677/4325 4018/4668/4315
f 4018/4668/4315 148/4677/4325 149/4678/4326 4019/4669/4316
f 4019/4669/4316 149/4678/4326 150/4679/4327 4020/4670/4317
f 4020/4670/4317 150/4679/4327 151/4680/4328 4021/4671/4318
f 4021/4671/4318 151/4680/4328 152/4681/4329 4022/4672/4319
f 4022/4672/4319 152/4681/4329 153/4682/4330 4023/4673/4320
f 4023/4673/4320 153/4682/4330 154/10/10 4024/9/9
f 114/4683/4331 4034/4684/4332 125/4566/4333 5/4565/4334
f 4034/4684/4332 4044/4685/4335 126/4585/4336 125/4566/4333
f 4044/4685/4335 4054/4686/4337 127/4595/4338 126/4585/4336
f 4054/4686/4337 4064/4687/4339 128/4605/4340 127/4595/4338
f 4064/4687/4339 4074/4688/4341 129/4615/4342 128/4605/4340
f 4074/4688/4341 4084/4689/4343 130/4625/4344 129/4615/4342
f 4084/4689/4343 4094/4690/4345 131/4635/4346 130/4625/4344
f 4094/4690/4345 4104/4691/4347 132/4645/4348 131/4635/4346
f 4104/4691/4347 4114/4692/4349 133/4655/4350 132/4645/4348
f 4114/4692/4349 4124/5/5 134/8/8 133/4655/4350
f 3/4693/4351 95/4694/4352 4025/4695/4353 105/4696/4354
f 105/4696/4354 4025/4695/4353 4026/4697/4355 106/4698/4356
f 106/4698/4356 4026/4697/4355 4027/4699/4357 107/4700/4358
f 107/4700/4358 4027/4699/4357 4028/4701/4359 108/4702/4360
f 108/4702/4360 4028/4701/4359 4029/4703/4361 109/4704/4362
f 109/4704/4362 4029/4703/4361 4030/4705/4363 110/4706/4364
f 110/4706/4364 4030/4705/4363 4031/4707/4365 111/4708/4366
f 111/4708/4366 4031/4707/4365 4032/4709/4367 112/4710/4368
f 112/4710/4368 4032/4709/4367 4033/4711/4369 113/4712/4370
f 113/4712/4370 4033/4711/4369 4034/4684/4332 114/4683/4331
f 95/4694/4352 96/4713/4371 4035/4714/4372 4025/4695/4353
f 4025/4695/4353 4035/4714/4372 4036/4715/4373 4026/4697/4355
f 4026/4697/4355 4036/4715/4373 4037/4716/4374 4027/4699/4357
f 4027/4699/4357 4037/4716/4374 4038/4717/4375 4028/4701/4359
f 4028/4701/4359 4038/4717/4375 4039/4718/4376 4029/4703/4361
f 4029/4703/4361 4039/4718/4376 4040/4719/4377 4030/4705/4363
f 4030/4705/4363 4040/4719/4377 4041/4720/4378 4031/4707/4365
f 4031/4707/4365 4041/4720/4378 4042/4721/4379 4032/4709/4367
f 4032/4709/4367 4042/4721/4379 4043/4722/4380 4033/4711/4369
f 4033/4711/4369 4043/4722/4380 4044/4685/4335 4034/4684/4332
f 96/4713/4371 97/4723/4381 4045/4724/4382 4035/4714/4372
f 4035/4714/4372 4045/4724/4382 4046/4725/4383 4036/4715/4373
f 4036/4715/4373 4046/4725/4383 4047/4726/4384 4037/4716/4374
f 4037/4716/4374 4047/4726/4384 4048/4727/4385 4038/4717/4375
f 4038/4717/4375 4048/4727/4385 4049/4728/4386 4039/4718/4376
f 4039/4718/4376 4049/4728/4386 4050/4729/4387 4040/4719/4377
f 4040/4719/4377 4050/4729/4387 4051/4730/4388 4041/4720/4378
f 4041/4720/4378 4051/4730/4388 4052/4731/4389 4042/4721/4379
f 4042/4721/4379 4052/4731/4389 4053/4732/4390 4043/4722/4380
f 4043/4722/4380 4053/4732/4390 4054/4686/4337 4044/4685/4335
f 97/4723/4381 98/4733/4391 4055/4734/4392 4045/4724/4382
f 4045/4724/4382 4055/4734/4392 4056/4735/4393 4046/4725/4383
f 4046/4725/4383 4056/4735/4393 4057/4736/4394 4047/4726/4384
f 4047/4726/4384 4057/4736/4394 4058/4737/4395 4048/4727/4385
f 4048/4727/4385 4058/4737/4395 4059/4738/4396 4049/4728/4386
f 4049/4728/4386 4059/4738/4396 4060/4739/4397 4050/4729/4387
f 4050/4729/4387 4060/4739/4397 4061/4740/4398 4051/4730/4388
f 4051/4730/4388 4061/4740/4398 4062/4741/4399 4052/4731/4389
f 4052/4731/4389 4062/4741/4399 4063/4742/4400 4053/4732/4390
f 4053/4732/4390 4063/4742/4400 4064/4687/4339 4054/4686/4337
f 98/4733/4391 99/4743/4401 4065/4744/4402 4055/4734/4392
f 4055/4734/4392 4065/4744/4402 4066/4745/4403 4056/4735/4393
f 4056/4735/4393 4066/4745/4403 4067/4746/4404 4057/4736/4394
f 4057/4736/4394 4067/4746/4404 4068/4747/4405 4058/4737/4395
f 4058/4737/4395 4068/4747/4405 4069/4748/4406 4059/4738/4396
f 4059/4738/4396 4069/4748/4406 4070/4749/4407 4060/4739/4397
f 4060/4739/4397 4070/4749/4407 4071/4750/4408 4061/4740/4398
f 4061/4740/4398 4071/4750/4408 4072/4751/4409 4062/4741/4399
f 4062/4741/4399 4072/4751/4409 4073/4752/4410 4063/4742/4400
f 4063/4742/4400 4073/4752/4410 4074/4688/4341 4064/4687/4339
f 99/4743/4401 100/4753/4411 4075/4754/4412 4065/4744/4402
f 4065/4744/4402 4075/4754/4412 4076/4755/4413 4066/4745/4403
f 4066/4745/4403 4076/4755/4413 4077/4756/4414 4067/4746/4404
f 4067/4746/4404 4077/4756/4414 4078/4757/4415 4068/4747/4405
f 4068/4747/4405 4078/4757/4415 4079/4758/4416 4069/4748/4406
f 4069/4748/4406 4079/4758/4416 4080/4759/4417 4070/4749/4407
f 4070/4749/4407 4080/4759/4417 4081/4760/4418 4071/4750/4408
f 4071/4750/4408 4081/4760/4418 4082/4761/4419 4072/4751/4409
f 4072/4751/4409 4082/4761/4419 4083/4762/4420 4073/4752/4410
f 4073/4752/4410 4083/4762/4420 4084/4689/4343 4074/4688/4341
f 100/4753/4411 101/4763/4421 4085/4764/4422 4075/4754/4412
f 4075/4754/4412 4085/4764/4422 4086/4765/4423 4076/4755/4413
f 4076/4755/4413 4086/4765/4423 4087/4766/4424 4077/4756/4414
f 4077/4756/4414 4087/4766/4424 4088/4767/4425 4078/4757/4415
f 4078/4757/4415 4088/4767/4425 4089/4768/4426 4079/4758/4416
f 4079/4758/4416 4089/4768/4426 4090/4769/4427 4080/4759/4417
f 4080/4759/4417 4090/4769/4427 4091/4770/4428 4081/4760/4418
f 4081/4760/4418 4091/4770/4428 4092/4771/4429 4082/4761/4419
f 4082/4761/4419 4092/4771/4429 4093/4772/4430 4083/4762/4420
f 4083/4762/4420 4093/4772/4430 4094/4690/4345 4084/4689/4343
f 101/4763/4421 102/4773/4431 4095/4774/4432 4085/4764/4422
f 4085/4764/4422 4095/4774/4432 4096/4775/4433 4086/4765/4423
f 4086/4765/4423 4096/4775/4433 4097/4776/4434 4087/4766/4424
f 4087/4766/4424 4097/4776/4434 4098/4777/4435 4088/4767/4425
f 4088/4767/4425 4098/4777/4435 4099/4778/4436 4089/4768/4426
f 4089/4768/4426 4099/4778/4436 4100/4779/4437 4090/4769/4427
f 4090/4769/4427 4100/4779/4437 4101/4780/4438 4091/4770/4428
f 4091/4770/4428 4101/4780/4438 4102/4781/4439 4092/4771/4429
f 4092/4771/4429 4102/4781/4439 4103/4782/4440 4093/4772/4430
f 4093/4772/4430 4103/4782/4440 4104/4691/4347 4094/4690/4345
f 102/4773/4431 103/4783/4441 4105/4784/4442 4095/4774/4432
f 4095/4774/4432 4105/4784/4442 4106/4785/4443 4096/4775/4433
f 4096/4775/4433 4106/4785/4443 4107/4786/4444 4097/4776/4434
f 4097/4776/4434 4107/4786/4444 4108/4787/4445 4098/4777/4435
f 4098/4777/4435 4108/4787/4445 4109/4788/4446 4099/4778/4436
f 4099/4778/4436 4109/4788/4446 4110/4789/4447 4100/4779/4437
f 4100/4779/4437 4110/4789/4447 4111/4790/4448 4101/4780/4438
f 4101/4780/4438 4111/4790/4448 4112/4791/4449 4102/4781/4439
f 4102/4781/4439 4112/4791/4449 4113/4792/4450 4103/4782/4440
f 4103/4782/4440 4113/4792/4450 4114/4692/4349 4104/4691/4347
f 103/4783/4441 104/4/4451 4115/4793/4452 4105/4784/4442
f 4105/4784/4442 4115/4793/4452 4116/4794/4453 4106/4785/4443
f 4106/4785/4443 4116/4794/4453 4117/4795/4454 4107/4786/4444
f 4107/4786/4444 4117/4795/4454 4118/4796/4455 4108/4787/4445
f 4108/4787/4445 4118/4796/4455 4119/4797/4456 4109/4788/4446
f 4109/4788/4446 4119/4797/4456 4120/4798/4457 4110/4789/4447
f 4110/4789/4447 4120/4798/4457 4121/4799/4458 4111/4790/4448
f 4111/4790/4448 4121/4799/4458 4122/4800/4459 4112/4791/4449
f 4112/4791/4449 4122/4800/4459 4123/4801/4460 4113/4792/4450
f 4113/4792/4450 4123/4801/4460 4124/5/5 4114/4692/4349
f 104/4/4451 4/3/4461 115/4802/4462 4115/4793/4452
f 4115/4793/4452 115/4802/4462 116/4803/4463 4116/4794/4453
f 4116/4794/4453 116/4803/4463 117/4804/4464 4117/4795/4454
f 4117/4795/4454 117/4804/4464 118/4805/4465 4118/4796/4455
f 4118/4796/4455 118/4805/4465 119/4806/4466 4119/4797/4456
f 4119/4797/4456 119/4806/4466 120/4807/4467 4120/4798/4457
f 4120/4798/4457 120/4807/4467 121/4808/4468 4121/4799/4458
f 4121/4799/4458 121/4808/4468 122/4809/4469 4122/4800/4459
f 4122/4800/4459 122/4809/4469 123/4810/4470 4123/4801/4460
f 4123/4801/4460 123/4810/4470 124/6/6 4124/5/5
f 74/4811/4471 4134/4812/4472 95/4694/4473 3/4693/4474
f 4134/4812/4472 4144/4813/4475 96/4713/4476 95/4694/4473
f 4144/4813/4475 4154/4814/4477 97/4723/4478 96/4713/4476
f 4154/4814/4477 4164/4815/4479 98/4733/4480 97/4723/4478
f 4164/4815/4479 4174/4816/4481 99/4743/4482 98/4733/4480
f 4174/4816/4481 4184/4817/4483 100/4753/4484 99/4743/4482
f 4184/4817/4483 4194/4818/4485 101/4763/4486 100/4753/4484
f 4194/4818/4485 4204/4819/4487 102/4773/4488 101/4763/4486
f 4204/4819/4487 4214/4820/4489 103/4783/4490 102/4773/4488
f 4214/4820/4489 4224/1/1 104/4/4 103/4783/4490
f 1/4821/4491 75/4822/4492 4125/4823/4493 65/4824/4494
f 65/4824/4494 4125/4823/4493 4126/4825/4495 66/4826/4496
f 66/4826/4496 4126/4825/4495 4127/4827/4497 67/4828/4498
f 67/4828/4498 4127/4827/4497 4128/4829/4499 68/4830/4500
f 68/4830/4500 4128/4829/4499 4129/4831/4501 69/4832/4502
f 69/4832/4502 4129/4831/4501 4130/4833/4503 70/4834/4504
f 70/4834/4504 4130/4833/4503 4131/4835/4505 71/4836/4506
f 71/4836/4506 4131/4835/4505 4132/4837/4507 72/4838/4508
f 72/4838/4508 4132/4837/4507 4133/4839/4509 73/4840/4510
f 73/4840/4510 4133/4839/4509 4134/4812/4472 74/4811/4471
f 75/4822/4492 76/4841/4511 4135/4842/4512 4125/4823/4493
f 4125/4823/4493 4135/4842/4512 4136/4843/4513 4126/4825/4495
f 4126/4825/4495 4136/4843/4513 4137/4844/4514 4127/4827/4497
f 4127/4827/4497 4137/4844/4514 4138/4845/4515 4128/4829/4499
f 4128/4829/4499 4138/4845/4515 4139/4846/4516 4129/4831/4501
f 4129/4831/4501 4139/4846/4516 4140/4847/4517 4130/4833/4503
f 4130/4833/4503 4140/4847/4517 4141/4848/4518 4131/4835/4505
f 4131/4835/4505 4141/4848/4518 4142/4849/4519 4132/4837/4507
f 4132/4837/4507 4142/4849/4519 4143/4850/4520 4133/4839/4509
f 4133/4839/4509 4143/4850/4520 4144/4813/4475 4134/4812/4472
f 76/4841/4511 77/4851/4521 4145/4852/4522 4135/4842/4512
f 4135/4842/4512 4145/4852/4522 4146/4853/4523 4136/4843/4513
f 4136/4843/4513 4146/4853/4523 4147/4854/4524 4137/4844/4514
f 4137/4844/4514 4147/4854/4524 4148/4855/4525 4138/4845/4515
f 4138/4845/4515 4148/4855/4525 4149/4856/4526 4139/4846/4516
f 4139/4846/4516 4149/4856/4526 4150/4857/4527 4140/4847/4517
f 4140/4847/4517 4150/4857/4527 4151/4858/4528 4141/4848/4518
f 4141/4848/4518 4151/4858/4528 4152/4859/4529 4142/4849/4519
f 4142/4849/4519 4152/4859/4529 4153/4860/4530 4143/4850/4520
f 4143/4850/4520 4153/4860/4530 4154/4814/4477 4144/4813/4475
f 77/4851/4521 78/4861/4531 4155/4862/4532 4145/4852/4522
f 4145/4852/4522 4155/4862/4532 4156/4863/4533 4146/4853/4523
f 4146/4853/4523 4156/4863/4533 4157/4864/4534 4147/4854/4524
f 4147/4854/4524 4157/4864/4534 4158/4865/4535 4148/4855/4525
f 4148/4855/4525 4158/4865/4535 4159/4866/4536 4149/4856/4526
f 4149/4856/4526 4159/4866/4536 4160/4867/4537 4150/4857/4527
f 4150/4857/4527 4160/4867/4537 4161/4868/4538 4151/4858/4528
f 4151/4858/4528 4161/4868/4538 4162/4869/4539 4152/4859/4529
f 4152/4859/4529 4162/4869/4539 4163/4870/4540 4153/4860/4530
f 4153/4860/4530 4163/4870/4540 4164/4815/4479 4154/4814/4477
f 78/4861/4531 79/4871/4541 4165/4872/4542 4155/4862/4532
f 4155/4862/4532 4165/4872/4542 4166/4873/4543 4156/4863/4533
f 4156/4863/4533 4166/4873/4543 4167/4874/4544 4157/4864/4534
f 4157/4864/4534 4167/4874/4544 4168/4875/4545 4158/4865/4535
f 4158/4865/4535 4168/4875/4545 4169/4876/4546 4159/4866/4536
f 4159/4866/4536 4169/4876/4546 4170/4877/4547 4160/4867/4537
f 4160/4867/4537 4170/4877/4547 4171/4878/4548 4161/4868/4538
f 4161/4868/4538 4171/4878/4548 4172/4879/4549 4162/4869/4539
f 4162/4869/4539 4172/4879/4549 4173/4880/4550 4163/4870/4540
f 4163/4870/4540 4173/4880/4550 4174/4816/4481 4164/4815/4479
f 79/4871/4541 80/4881/4551 4175/4882/4552 4165/4872/4542
f 4165/4872/4542 4175/4882/4552 4176/4883/4553 4166/4873/4543
f 4166/4873/4543 4176/4883/4553 4177/4884/4554 4167/4874/4544
f 4167/4874/4544 4177/4884/4554 4178/4885/4555 4168/4875/4545
f 4168/4875/4545 4178/4885/4555 4179/4886/4556 4169/4876/4546
f 4169/4876/4546 4179/4886/4556 4180/4887/4557 4170/4877/4547
f 4170/4877/4547 4180/4887/4557 4181/4888/4558 4171/4878/4548
f 4171/4878/4548 4181/4888/4558 4182/4889/4559 4172/4879/4549
f 4172/4879/4549 4182/4889/4559 4183/4890/4560 4173/4880/4550
f 4173/4880/4550 4183/4890/4560 4184/4817/4483 4174/4816/4481
f 80/4881/4551 81/4891/4561 4185/4892/4562 4175/4882/4552
f 4175/4882/4552 4185/4892/4562 4186/4893/4563 4176/4883/4553
f 4176/4883/4553 4186/4893/4563 4187/4894/4564 4177/4884/4554
f 4177/4884/4554 4187/4894/4564 4188/4895/4565 4178/4885/4555
f 4178/4885/4555 4188/4895/4565 4189/4896/4566 4179/4886/4556
f 4179/4886/4556 4189/4896/4566 4190/4897/4567 4180/4887/4557
f 4180/4887/4557 4190/4897/4567 4191/4898/4568 4181/4888/4558
f 4181/4888/4558 4191/4898/4568 4192/4899/4569 4182/4889/4559
f 4182/4889/4559 4192/4899/4569 4193/4900/4570 4183/4890/4560
f 4183/4890/4560 4193/4900/4570 4194/4818/4485 4184/4817/4483
f 81/4891/4561 82/4901/4571 4195/4902/4572 4185/4892/4562
f 4185/4892/4562 4195/4902/4572 4196/4903/4573 4186/4893/4563
f 4186/4893/4563 4196/4903/4573 4197/4904/4574 4187/4894/4564
f 4187/4894/4564 4197/4904/4574 4198/4905/4575 4188/4895/4565
f 4188/4895/4565 4198/4905/4575 4199/4906/4576 4189/4896/4566
f 4189/4896/4566 4199/4906/4576 4200/4907/4577 4190/4897/4567
f 4190/4897/4567 4200/4907/4577 4201/4908/4578 4191/4898/4568
f 4191/4898/4568 4201/4908/4578 4202/4909/4579 4192/4899/4569
f 4192/4899/4569 4202/4909/4579 4203/4910/4580 4193/4900/4570
f 4193/4900/4570 4203/4910/4580 4204/4819/4487 4194/4818/4485
f 82/4901/4571 83/4911/4581 4205/4912/4582 4195/4902/4572
f 4195/4902/4572 4205/4912/4582 4206/4913/4583 4196/4903/4573
f 4196/4903/4573 4206/4913/4583 4207/4914/4584 4197/4904/4574
f 4197/4904/4574 4207/4914/4584 4208/4915/4585 4198/4905/4575
f 4198/4905/4575 4208/4915/4585 4209/4916/4586 4199/4906/4576
f 4199/4906/4576 4209/4916/4586 4210/4917/4587 4200/4907/4577
f 4200/4907/4577 4210/4917/4587 4211/4918/4588 4201/4908/4578
f 4201/4908/4578 4211/4918/4588 4212/4919/4589 4202/4909/4579
f 4202/4909/4579 4212/4919/4589 4213/4920/4590 4203/4910/4580
f 4203/4910/4580 4213/4920/4590 4214/4820/4489 4204/4819/4487
f 83/4911/4581 84/4921/4591 4215/4922/4592 4205/4912/4582
f 4205/4912/4582 4215/4922/4592 4216/4923/4593 4206/4913/4583
f 4206/4913/4583 4216/4923/4593 4217/4924/4594 4207/4914/4584
f 4207/4914/4584 4217/4924/4594 4218/4925/4595 4208/4915/4585
f 4208/4915/4585 4218/4925/4595 4219/4926/4596 4209/4916/4586
f 4209/4916/4586 4219/4926/4596 4220/4927/4597 4210/4917/4587
f 4210/4917/4587 4220/4927/4597 4221/4928/4598 4211/4918/4588
f 4211/4918/4588 4221/4928/4598 4222/4929/4599 4212/4919/4589
f 4212/4919/4589 4222/4929/4599 4223/4930/4600 4213/4920/4590
f 4213/4920/4590 4223/4930/4600 4224/1/1 4214/4820/4489
f 84/4921/4591 2/4931/4601 85/4932/4602 4215/4922/4592
f 4215/4922/4592 85/4932/4602 86/4933/4603 4216/4923/4593
f 4216/4923/4593 86/4933/4603 87/4934/4604 4217/4924/4594
f 4217/4924/4594 87/4934/4604 88/4935/4605 4218/4925/4595
f 4218/4925/4595 88/4935/4605 89/4936/4606 4219/4926/4596
f 4219/4926/4596 89/4936/4606 90/4937/4607 4220/4927/4597
f 4220/4927/4597 90/4937/4607 91/4938/4608 4221/4928/4598
f 4221/4928/4598 91/4938/4608 92/4939/4609 4222/4929/4599
f 4222/4929/4599 92/4939/4609 93/4940/4610 4223/4930/4600
f 4223/4930/4600 93/4940/4610 94/2/2 4224/1/1
